case_design_id,service_id,n_cells_2048,baseline_fluid_2048,fluid_model_id,installed_energy_MWh_2048,relative_energy_change_pct_2048,energy_feasible_2048,candidate_admissible_2048,reduced_count_feasible_2048,high_grade_fraction_2048,pressure_drop_kPa_2048,n_cells_4096,baseline_fluid_4096,installed_energy_MWh_4096,relative_energy_change_pct_4096,energy_feasible_4096,candidate_admissible_4096,reduced_count_feasible_4096,high_grade_fraction_4096,pressure_drop_kPa_4096,grid_energy_change_pct,feasibility_changed,same_material
G0174_T1_homogeneous_none__AIP_FLINAK_2017_V10,S50MW_6H,2048,AIP_FLINAK_2017_V10,SOLAR_SALT_60_40_V10,250.11234336639467,-16.874454772244285,False,True,False,0.9620247758546969,0.0009885678238929908,4096,AIP_FLINAK_2017_V10,249.5245757605682,-16.811744605293242,False,True,False,0.9597640037886757,0.0009885678238929908,-0.2350014389195576,False,False
G0174_T1_homogeneous_none__AIP_FLINAK_2017_V10,S50MW_6H,2048,AIP_FLINAK_2017_V10,NREL_MGCL2_KCL_NACL_BASELINE_V10,212.42869017942863,-29.398723567532738,False,True,False,0.9521228684594096,0.0038502091723746894,4096,AIP_FLINAK_2017_V10,212.02152483673282,-29.31477509366619,False,True,False,0.9502979198910343,0.0038502091723746894,-0.19167154038933765,False,False
G0174_T1_homogeneous_none__AIP_FLINAK_2017_V10,S50MW_6H,2048,AIP_FLINAK_2017_V10,AIP_FLINAK_2017_V10,300.88505606924053,0.0,True,True,True,0.9726420966412734,0.003595896917153518,4096,AIP_FLINAK_2017_V10,299.9516873825982,0.0,False,True,False,0.9696248857230079,0.003595896917153518,-0.3102077247822965,True,True
G0174_T1_homogeneous_none__AIP_FLINAK_2017_V10,S50MW_6H,2048,AIP_FLINAK_2017_V10,AIP_LINAK_CARBONATE_2017_V10,273.57059799032004,-9.078037452493092,False,True,False,0.9661946058595855,0.010533370874160407,4096,AIP_FLINAK_2017_V10,272.85836486906254,-9.032562126905875,False,True,False,0.9636791462125006,0.010533370874160407,-0.26034710107359915,False,False
G0174_T1_homogeneous_none__AIP_FLINAK_2017_V10,S50MW_6H,2048,AIP_FLINAK_2017_V10,AIP_LIF_NAK_CARBONATE_RECIPROCAL_2017_V10,295.0552524181653,-1.937551743923649,False,True,False,0.9723726092054003,0.005699789967991675,4096,AIP_FLINAK_2017_V10,294.14867990766646,-1.9346473845735734,False,True,False,0.9693849441147334,0.005699789967991675,-0.3072551676572166,False,False
G0212_T1_homogeneous_none__AIP_FLINAK_2017_V10,S50MW_6H,2048,AIP_FLINAK_2017_V10,SOLAR_SALT_60_40_V10,246.20917211130995,-18.184662390411187,False,True,False,0.9618291161803052,0.0005601722580283485,4096,AIP_FLINAK_2017_V10,245.62960666074233,-18.11684649564703,False,True,False,0.9595650131807789,0.0005601722580283485,-0.23539555638715237,False,False
G0212_T1_homogeneous_none__AIP_FLINAK_2017_V10,S50MW_6H,2048,AIP_FLINAK_2017_V10,NREL_MGCL2_KCL_NACL_BASELINE_V10,205.61081533512743,-31.675501247284664,False,True,False,0.9509477353430772,0.0021815364900629915,4096,AIP_FLINAK_2017_V10,205.2235523660031,-31.586619913031022,False,True,False,0.9491566484157151,0.0021815364900629915,-0.1883475674628876,False,False
G0212_T1_homogeneous_none__AIP_FLINAK_2017_V10,S50MW_6H,2048,AIP_FLINAK_2017_V10,AIP_FLINAK_2017_V10,300.9327826601232,0.0,True,True,True,0.9732312866778037,0.0020372658223407497,4096,AIP_FLINAK_2017_V10,299.97575343466036,0.0,False,True,False,0.9701362075167627,0.0020372658223407497,-0.31802092713300034,True,True
G0212_T1_homogeneous_none__AIP_FLINAK_2017_V10,S50MW_6H,2048,AIP_FLINAK_2017_V10,AIP_LINAK_CARBONATE_2017_V10,271.51690245330684,-9.774900543168474,False,True,False,0.9664201355446848,0.005967615930731584,4096,AIP_FLINAK_2017_V10,270.8021642891987,-9.725315733498496,False,True,False,0.9638761416084135,0.005967615930731584,-0.2632389209106689,False,False
G0212_T1_homogeneous_none__AIP_FLINAK_2017_V10,S50MW_6H,2048,AIP_FLINAK_2017_V10,AIP_LIF_NAK_CARBONATE_RECIPROCAL_2017_V10,294.63767374713234,-2.0918654515950985,False,True,False,0.9729240628499652,0.0032292003524250763,4096,AIP_FLINAK_2017_V10,293.7110568986437,-2.08840096717392,False,True,False,0.9698642782084719,0.0032292003524250763,-0.3144936751312777,False,False
G0213_T1_homogeneous_none__AIP_FLINAK_2017_V10,S10MW_8H,2048,AIP_FLINAK_2017_V10,SOLAR_SALT_60_40_V10,68.0071983145234,-15.247540109906632,False,True,False,0.9622040499646916,0.0004934374327011994,4096,AIP_FLINAK_2017_V10,67.84782066912301,-15.189576636896263,False,True,False,0.9599490854950651,0.0004934374327011994,-0.23435408214184106,False,False
G0213_T1_homogeneous_none__AIP_FLINAK_2017_V10,S10MW_8H,2048,AIP_FLINAK_2017_V10,NREL_MGCL2_KCL_NACL_BASELINE_V10,58.93274848494088,-26.556371590501737,False,True,False,0.9533899793928373,0.0019300827255614237,4096,AIP_FLINAK_2017_V10,58.81774450612341,-26.477258021975693,False,True,False,0.9515294919081426,0.0019300827255614237,-0.19514443458692465,False,False
G0213_T1_homogeneous_none__AIP_FLINAK_2017_V10,S10MW_8H,2048,AIP_FLINAK_2017_V10,AIP_FLINAK_2017_V10,80.2421527383569,0.0,True,True,True,0.9720977861818039,0.0018104765620722814,4096,AIP_FLINAK_2017_V10,79.99938920083235,0.0,False,True,False,0.9691568145186588,0.0018104765620722814,-0.3025386648288553,True,True
G0213_T1_homogeneous_none__AIP_FLINAK_2017_V10,S10MW_8H,2048,AIP_FLINAK_2017_V10,AIP_LINAK_CARBONATE_2017_V10,73.65231764855552,-8.212435565242938,False,True,False,0.9659892211746046,0.005307655670480364,4096,AIP_FLINAK_2017_V10,73.46306203694795,-8.170471336319151,False,True,False,0.9635070334214361,0.005307655670480364,-0.25695812114242544,False,False
G0213_T1_homogeneous_none__AIP_FLINAK_2017_V10,S10MW_8H,2048,AIP_FLINAK_2017_V10,AIP_LIF_NAK_CARBONATE_RECIPROCAL_2017_V10,78.84565884592323,-1.740349485621584,False,True,False,0.9719074045356494,0.002871186808090945,4096,AIP_FLINAK_2017_V10,78.60881776500534,-1.7382275661331437,False,True,False,0.9689879337161823,0.002871186808090945,-0.3003856957815576,False,False
G0170_T1_homogeneous_none__AIP_FLINAK_2017_V10,S10MW_8H,2048,AIP_FLINAK_2017_V10,SOLAR_SALT_60_40_V10,65.76662247780735,-18.06256070854686,False,True,False,0.9671867255131095,0.0010986327375561867,4096,AIP_FLINAK_2017_V10,65.59163482004672,-17.98187204378244,False,True,False,0.964613296418863,0.0010986327375561867,-0.26607365737790767,False,False
G0170_T1_homogeneous_none__AIP_FLINAK_2017_V10,S10MW_8H,2048,AIP_FLINAK_2017_V10,NREL_MGCL2_KCL_NACL_BASELINE_V10,55.01134476619567,-31.462365675804804,False,True,False,0.9573191327833197,0.004266998641787674,4096,AIP_FLINAK_2017_V10,54.89492618229737,-31.357419400823893,False,True,False,0.955293191802399,0.004266998641787674,-0.21162650066652855,False,False
G0170_T1_homogeneous_none__AIP_FLINAK_2017_V10,S10MW_8H,2048,AIP_FLINAK_2017_V10,AIP_FLINAK_2017_V10,80.26443472790763,0.0,True,True,True,0.9776520755149242,0.003973841624006225,4096,AIP_FLINAK_2017_V10,79.97211891383387,0.0,False,True,False,0.9740915550514856,0.003973841624006225,-0.36419095837988413,True,True
G0170_T1_homogeneous_none__AIP_FLINAK_2017_V10,S10MW_8H,2048,AIP_FLINAK_2017_V10,AIP_LINAK_CARBONATE_2017_V10,72.47519974980777,-9.704466248974363,False,True,False,0.971347623566489,0.011634339616768576,4096,AIP_FLINAK_2017_V10,72.25869075222602,-9.64514666657601,False,True,False,0.9684458654339445,0.011634339616768576,-0.2987352892150241,False,False
G0170_T1_homogeneous_none__AIP_FLINAK_2017_V10,S10MW_8H,2048,AIP_FLINAK_2017_V10,AIP_LIF_NAK_CARBONATE_RECIPROCAL_2017_V10,78.58945643709141,-2.0868250010036227,False,True,False,0.9773474124681784,0.006296804057203558,4096,AIP_FLINAK_2017_V10,78.30670701574319,-2.082490648878621,False,True,False,0.9738311085279321,0.006296804057203558,-0.35978034989281316,False,False
G0121_T1_homogeneous_none__AIP_FLINAK_2017_V10,S10MW_8H,2048,AIP_FLINAK_2017_V10,SOLAR_SALT_60_40_V10,66.44703490045083,-17.20073439630393,False,True,False,0.968066974800836,0.0013750975084013105,4096,AIP_FLINAK_2017_V10,66.26716861345815,-17.121593322830165,False,True,False,0.9654465025317797,0.0013750975084013105,-0.2706912163381703,False,False
G0121_T1_homogeneous_none__AIP_FLINAK_2017_V10,S10MW_8H,2048,AIP_FLINAK_2017_V10,NREL_MGCL2_KCL_NACL_BASELINE_V10,56.2065707223226,-29.961317538355036,False,True,False,0.9589022299993907,0.005348453443183133,4096,AIP_FLINAK_2017_V10,56.08421932617854,-29.857109715977515,False,True,False,0.95681487570792,0.005348453443183133,-0.21768165994063837,False,False
G0121_T1_homogeneous_none__AIP_FLINAK_2017_V10,S10MW_8H,2048,AIP_FLINAK_2017_V10,AIP_FLINAK_2017_V10,80.25075393601644,0.0,True,True,True,0.9779909160808113,0.004988337679035885,4096,AIP_FLINAK_2017_V10,79.95709771736296,0.0,False,True,False,0.9744122193059159,0.004988337679035885,-0.3659233144246987,True,True
G0121_T1_homogeneous_none__AIP_FLINAK_2017_V10,S10MW_8H,2048,AIP_FLINAK_2017_V10,AIP_LINAK_CARBONATE_2017_V10,72.83179742497656,-9.244718768567562,False,True,False,0.9719531521327509,0.014608502852790941,4096,AIP_FLINAK_2017_V10,72.6116585126647,-9.186725649626926,False,True,False,0.9690153596122658,0.014608502852790941,-0.30225659683686956,False,False
G0121_T1_homogeneous_none__AIP_FLINAK_2017_V10,S10MW_8H,2048,AIP_FLINAK_2017_V10,AIP_LIF_NAK_CARBONATE_RECIPROCAL_2017_V10,78.65772644189629,-1.985062340212107,False,True,False,0.9777174764658078,0.007905677053456803,4096,AIP_FLINAK_2017_V10,78.3731551431572,-1.9809905804795025,False,True,False,0.9741802482154681,0.007905677053456803,-0.36178429203556073,False,False
G0175_T1_homogeneous_none__AIP_FLINAK_2017_V10,S50MW_6H,2048,AIP_FLINAK_2017_V10,SOLAR_SALT_60_40_V10,253.8412276234585,-15.634755006256395,False,True,False,0.9623488316639341,0.0018750582350326576,4096,AIP_FLINAK_2017_V10,253.24346776878903,-15.576734236811262,False,True,False,0.960082637542741,0.0018750582350326576,-0.2354857247839126,False,False
G0175_T1_homogeneous_none__AIP_FLINAK_2017_V10,S50MW_6H,2048,AIP_FLINAK_2017_V10,NREL_MGCL2_KCL_NACL_BASELINE_V10,218.90693203101372,-27.245321319433547,False,True,False,0.9533433733328329,0.0072994025989800955,4096,AIP_FLINAK_2017_V10,218.47960259610838,-27.165894084789734,False,True,False,0.9514823464516039,0.0072994025989800955,-0.19521055406541699,False,False
G0175_T1_homogeneous_none__AIP_FLINAK_2017_V10,S50MW_6H,2048,AIP_FLINAK_2017_V10,AIP_FLINAK_2017_V10,300.88364899821363,0.0,True,True,True,0.972188699895673,0.00681397970524445,4096,AIP_FLINAK_2017_V10,299.96881248250804,0.0,False,True,False,0.9692327608614909,0.00681397970524445,-0.3040499271899644,True,True
G0175_T1_homogeneous_none__AIP_FLINAK_2017_V10,S50MW_6H,2048,AIP_FLINAK_2017_V10,AIP_LINAK_CARBONATE_2017_V10,275.55326605186764,-8.418663835899032,False,True,False,0.9661081090529642,0.019958238511840826,4096,AIP_FLINAK_2017_V10,274.84183966152824,-8.376528417415063,False,True,False,0.9636138007308418,0.019958238511840826,-0.2581810771226656,False,False
G0175_T1_homogeneous_none__AIP_FLINAK_2017_V10,S50MW_6H,2048,AIP_FLINAK_2017_V10,AIP_LIF_NAK_CARBONATE_RECIPROCAL_2017_V10,295.4907996845378,-1.7923371149051182,False,True,False,0.9719529530331366,0.010800115725401209,4096,AIP_FLINAK_2017_V10,294.5998796517089,-1.7898303448170116,False,True,False,0.9690224646465306,0.010800115725401209,-0.30150516827599505,False,False
G0175_T1_homogeneous_none__SOLAR_SALT_60_40_V10,S50MW_6H,2048,SOLAR_SALT_60_40_V10,SOLAR_SALT_60_40_V10,300.75467434005634,0.0,True,True,True,0.9657578527208153,0.001582491484805368,4096,SOLAR_SALT_60_40_V10,299.99043161168487,0.0,False,True,False,0.96330378141526,0.001582491484805368,-0.2541083459628446,True,True
G0175_T1_homogeneous_none__SOLAR_SALT_60_40_V10,S50MW_6H,2048,SOLAR_SALT_60_40_V10,NREL_MGCL2_KCL_NACL_BASELINE_V10,259.5097798517647,-13.713799986249597,False,True,False,0.9572581339442326,0.006169762948324148,4096,SOLAR_SALT_60_40_V10,258.96555186098317,-13.675396088567693,False,True,False,0.955250630908342,0.006169762948324148,-0.2097138655400066,False,False
G0175_T1_homogeneous_none__SOLAR_SALT_60_40_V10,S50MW_6H,2048,SOLAR_SALT_60_40_V10,AIP_FLINAK_2017_V10,356.32992884445395,18.478600416218292,True,True,True,0.9751912161843871,0.005768314019606904,4096,SOLAR_SALT_60_40_V10,355.1492058604694,18.386844524489177,True,True,True,0.971959855051005,0.005768314019606904,-0.3313566693130432,False,False
G0175_T1_homogeneous_none__SOLAR_SALT_60_40_V10,S50MW_6H,2048,SOLAR_SALT_60_40_V10,AIP_LINAK_CARBONATE_2017_V10,326.42294421501043,8.534620428187111,True,True,True,0.9693627799586674,0.01690027103257166,4096,SOLAR_SALT_60_40_V10,325.51011214411534,8.506831499700551,True,True,True,0.9666519857281753,0.01690027103257166,-0.27964703066148955,False,False
G0175_T1_homogeneous_none__SOLAR_SALT_60_40_V10,S50MW_6H,2048,SOLAR_SALT_60_40_V10,AIP_LIF_NAK_CARBONATE_RECIPROCAL_2017_V10,349.9495661024445,16.357149517405233,True,True,True,0.9749722119832548,0.00914435352791556,4096,SOLAR_SALT_60_40_V10,348.8000912454644,16.270405483118864,True,True,True,0.9717697332477877,0.00914435352791556,-0.32846871901639485,False,False
G0029_T2_graded_two_layer_fine_hot__AIP_FLINAK_2017_V10,S10MW_8H,2048,AIP_FLINAK_2017_V10,SOLAR_SALT_60_40_V10,64.25047898865196,-19.897606539123213,False,True,False,0.9609588328088666,0.000568227589243093,4096,AIP_FLINAK_2017_V10,64.10097443433358,-19.823731392837995,False,True,False,0.9587227759844064,0.000568227589243093,-0.23269017861297092,False,False
G0029_T2_graded_two_layer_fine_hot__AIP_FLINAK_2017_V10,S10MW_8H,2048,AIP_FLINAK_2017_V10,NREL_MGCL2_KCL_NACL_BASELINE_V10,52.40590128732582,-34.66448514211587,False,True,False,0.9486062952977308,0.0022064902610162466,4096,AIP_FLINAK_2017_V10,52.31084300246504,-34.57060151356619,False,True,False,0.9468856324482409,0.0022064902610162466,-0.18138851260204314,False,False
G0029_T2_graded_two_layer_fine_hot__AIP_FLINAK_2017_V10,S10MW_8H,2048,AIP_FLINAK_2017_V10,AIP_FLINAK_2017_V10,80.21043593414329,0.0,True,True,True,0.9733068302348404,0.002054459099495549,4096,AIP_FLINAK_2017_V10,79.95005947259506,0.0,False,True,False,0.9701473138264599,0.002054459099495549,-0.32461668923232656,True,True
G0029_T2_graded_two_layer_fine_hot__AIP_FLINAK_2017_V10,S10MW_8H,2048,AIP_FLINAK_2017_V10,AIP_LINAK_CARBONATE_2017_V10,71.63736862681324,-10.688219316460213,False,True,False,0.9660449371268297,0.006014665623167375,4096,AIP_FLINAK_2017_V10,71.44829744700853,-10.633840777192571,False,True,False,0.9634952726220034,0.006014665623167375,-0.26392814731883707,False,False
G0029_T2_graded_two_layer_fine_hot__AIP_FLINAK_2017_V10,S10MW_8H,2048,AIP_FLINAK_2017_V10,AIP_LIF_NAK_CARBONATE_RECIPROCAL_2017_V10,78.36689275535856,-2.2983831933021337,False,True,False,0.9729137682642511,0.0032553408075671397,4096,AIP_FLINAK_2017_V10,78.11603461118038,-2.293963098355589,False,True,False,0.9697994002732415,0.0032553408075671397,-0.3201072995981824,False,False
G0175_T1_homogeneous_none__SOLAR_SALT_60_40_V10,S10MW_8H,2048,SOLAR_SALT_60_40_V10,SOLAR_SALT_60_40_V10,80.22787270193659,0.0,True,True,True,0.971163100635378,0.0011872711150358057,4096,SOLAR_SALT_60_40_V10,79.99516835731154,0.0,False,True,False,0.9683462009065643,0.0011872711150358057,-0.2900542377455184,True,True
G0175_T1_homogeneous_none__SOLAR_SALT_60_40_V10,S10MW_8H,2048,SOLAR_SALT_60_40_V10,NREL_MGCL2_KCL_NACL_BASELINE_V10,69.28275269817351,-13.642540472718878,False,True,False,0.9634107866851285,0.004638468391973215,4096,SOLAR_SALT_60_40_V10,69.11826179740666,-13.596954395197214,False,True,False,0.9611234597251171,0.004638468391973215,-0.23741969589956557,False,False
G0175_T1_homogeneous_none__SOLAR_SALT_60_40_V10,S10MW_8H,2048,SOLAR_SALT_60_40_V10,AIP_FLINAK_2017_V10,94.99314135155457,18.404163231990523,True,True,True,0.9800331439105237,0.004345765433066794,4096,SOLAR_SALT_60_40_V10,94.62639452012122,18.290137346116843,True,True,True,0.976249459687484,0.004345765433066794,-0.3860771695885612,False,False
G0175_T1_homogeneous_none__SOLAR_SALT_60_40_V10,S10MW_8H,2048,SOLAR_SALT_60_40_V10,AIP_LINAK_CARBONATE_2017_V10,87.05269861422171,8.506801542203156,True,True,True,0.9745383529278318,0.012737356733639947,4096,SOLAR_SALT_60_40_V10,86.77279006029961,8.472538832238863,True,True,True,0.9714048300680924,0.012737356733639947,-0.3215392036983511,False,False
G0175_T1_homogeneous_none__SOLAR_SALT_60_40_V10,S10MW_8H,2048,SOLAR_SALT_60_40_V10,AIP_LIF_NAK_CARBONATE_RECIPROCAL_2017_V10,93.29416959413022,16.286480561110817,True,True,True,0.9798335728573014,0.00689088128466848,4096,SOLAR_SALT_60_40_V10,92.9374552381499,16.17883573046499,True,True,True,0.9760871361460871,0.00689088128466848,-0.38235439313323294,False,False
G0134_T1_homogeneous_none__AIP_FLINAK_2017_V10,S50MW_6H,2048,AIP_FLINAK_2017_V10,SOLAR_SALT_60_40_V10,239.6848481614851,-20.284316194397356,False,True,False,0.9463014274502662,0.0004189312645154131,4096,AIP_FLINAK_2017_V10,239.26442801216837,-20.235007649134772,False,True,False,0.9446415637147029,0.0004189312645154131,-0.17540539276537093,False,False
G0134_T1_homogeneous_none__AIP_FLINAK_2017_V10,S50MW_6H,2048,AIP_FLINAK_2017_V10,NREL_MGCL2_KCL_NACL_BASELINE_V10,194.34451234424418,-35.36385043016973,False,True,False,0.9305547196950076,0.0016077206138845031,4096,AIP_FLINAK_2017_V10,194.07535432753326,-35.29995544243687,False,True,False,0.9292659451380475,0.0016077206138845031,-0.13849530067211457,False,False
G0134_T1_homogeneous_none__AIP_FLINAK_2017_V10,S50MW_6H,2048,AIP_FLINAK_2017_V10,AIP_FLINAK_2017_V10,300.6746435820442,0.0,True,True,True,0.961318183543638,0.0014787672687775763,4096,AIP_FLINAK_2017_V10,299.96170119305856,0.0,False,True,False,0.9590387612611804,0.0014787672687775763,-0.2371142376663693,True,True
G0134_T1_homogeneous_none__AIP_FLINAK_2017_V10,S50MW_6H,2048,AIP_FLINAK_2017_V10,AIP_LINAK_CARBONATE_2017_V10,267.8384378566199,-10.920842986370538,False,True,False,0.952509100617774,0.004319374704791459,4096,AIP_FLINAK_2017_V10,267.31442326394176,-10.883815433525845,False,True,False,0.9506455567874832,0.004319374704791459,-0.1956457769361264,False,False
G0134_T1_homogeneous_none__AIP_FLINAK_2017_V10,S50MW_6H,2048,AIP_FLINAK_2017_V10,AIP_LIF_NAK_CARBONATE_RECIPROCAL_2017_V10,293.67365785510714,-2.328425717423932,False,True,False,0.9608121896951352,0.0023398247908693005,4096,AIP_FLINAK_2017_V10,292.98816953337524,-2.324807344386637,False,True,False,0.9585694773585096,0.0023398247908693005,-0.23341838922104063,False,False
G0161_T1_homogeneous_none__AIP_FLINAK_2017_V10,S50MW_6H,2048,AIP_FLINAK_2017_V10,SOLAR_SALT_60_40_V10,254.3045720805522,-15.43598099079555,False,True,False,0.9548476044396005,0.0009418308181995717,4096,AIP_FLINAK_2017_V10,253.78944128952926,-15.389511106831188,False,True,False,0.9529134221409608,0.0009418308181995717,-0.20256450240294654,False,False
G0161_T1_homogeneous_none__AIP_FLINAK_2017_V10,S50MW_6H,2048,AIP_FLINAK_2017_V10,NREL_MGCL2_KCL_NACL_BASELINE_V10,219.83056695439117,-26.899638136089308,False,True,False,0.9448587276787228,0.0036702767716983243,4096,AIP_FLINAK_2017_V10,219.4579289990603,-26.83524353990171,False,True,False,0.9432570840618376,0.0036702767716983243,-0.16951143805592483,False,False
G0161_T1_homogeneous_none__AIP_FLINAK_2017_V10,S50MW_6H,2048,AIP_FLINAK_2017_V10,AIP_FLINAK_2017_V10,300.724321123943,0.0,True,True,True,0.9657074228716889,0.003429844814963928,4096,AIP_FLINAK_2017_V10,299.9503307562373,0.0,False,True,False,0.9632219297112719,0.003429844814963928,-0.2573753811507373,True,True
G0161_T1_homogeneous_none__AIP_FLINAK_2017_V10,S50MW_6H,2048,AIP_FLINAK_2017_V10,AIP_LINAK_CARBONATE_2017_V10,275.68891082726805,-8.3250367656019,False,True,False,0.9590025925883631,0.010048040583381717,4096,AIP_FLINAK_2017_V10,275.08054685538303,-8.291300709071514,False,True,False,0.9568863572108703,0.010048040583381717,-0.2206704542665361,False,False
G0161_T1_homogeneous_none__AIP_FLINAK_2017_V10,S50MW_6H,2048,AIP_FLINAK_2017_V10,AIP_LIF_NAK_CARBONATE_RECIPROCAL_2017_V10,295.4393990711587,-1.7573976168712258,False,True,False,0.9654661736163286,0.005436946972388283,4096,AIP_FLINAK_2017_V10,294.6845094617802,-1.7555644233433143,False,True,False,0.9629992704715188,0.005436946972388283,-0.2555141974130093,False,False
G0024_T1_homogeneous_none__SOLAR_SALT_60_40_V10,S10MW_8H,2048,SOLAR_SALT_60_40_V10,SOLAR_SALT_60_40_V10,80.13699357231093,0.0,True,True,True,0.9506714959884056,0.0008361682594118241,4096,SOLAR_SALT_60_40_V10,79.98650117919364,0.0,False,True,False,0.9488861928203927,0.0008361682594118241,-0.18779390941524587,True,True
G0024_T1_homogeneous_none__SOLAR_SALT_60_40_V10,S10MW_8H,2048,SOLAR_SALT_60_40_V10,NREL_MGCL2_KCL_NACL_BASELINE_V10,69.32351031495182,-13.493747113936404,False,True,False,0.9401228878909886,0.0032475949260777235,4096,SOLAR_SALT_60_40_V10,69.21414214378733,-13.467721273709687,False,True,False,0.9386397038968229,0.0032475949260777235,-0.15776490640420082,False,False
G0024_T1_homogeneous_none__SOLAR_SALT_60_40_V10,S10MW_8H,2048,SOLAR_SALT_60_40_V10,AIP_FLINAK_2017_V10,94.68151896928421,18.149577053760012,True,True,True,0.9619509339383946,0.0030244615434212173,4096,SOLAR_SALT_60_40_V10,94.45784255237062,18.092229513523606,True,True,True,0.9596784129597248,0.0030244615434212173,-0.23624084124184153,False,False
G0024_T1_homogeneous_none__SOLAR_SALT_60_40_V10,S10MW_8H,2048,SOLAR_SALT_60_40_V10,AIP_LINAK_CARBONATE_2017_V10,86.82715994016384,8.34841197507128,True,True,True,0.9549374641922626,0.008854803093680485,4096,SOLAR_SALT_60_40_V10,86.65028250578443,8.331132414033139,True,True,True,0.9529921409918318,0.008854803093680485,-0.2037121040251666,False,False
G0024_T1_homogeneous_none__SOLAR_SALT_60_40_V10,S10MW_8H,2048,SOLAR_SALT_60_40_V10,AIP_LIF_NAK_CARBONATE_RECIPROCAL_2017_V10,93.02759191679702,16.085702457572705,True,True,True,0.9616771008909708,0.004792448778839265,4096,SOLAR_SALT_60_40_V10,92.80947212570435,16.031418748750404,True,True,True,0.9594222773055923,0.004792448778839265,-0.23446784615016592,False,False
G0121_T1_homogeneous_none__SOLAR_SALT_60_40_V10,S10MW_8H,2048,SOLAR_SALT_60_40_V10,SOLAR_SALT_60_40_V10,80.18787653840057,0.0,True,True,True,0.9715110576284397,0.0011386173334925105,4096,SOLAR_SALT_60_40_V10,79.9507565522871,0.0,False,True,False,0.9686382456967803,0.0011386173334925105,-0.2957055309974699,True,True
G0121_T1_homogeneous_none__SOLAR_SALT_60_40_V10,S10MW_8H,2048,SOLAR_SALT_60_40_V10,NREL_MGCL2_KCL_NACL_BASELINE_V10,67.86885413312496,-15.362699371863597,False,True,False,0.9628685306067658,0.004436646037104475,4096,SOLAR_SALT_60_40_V10,67.70850638822517,-15.31223804749815,False,True,False,0.9605936462067004,0.004436646037104475,-0.23626116419360743,False,False
G0121_T1_homogeneous_none__SOLAR_SALT_60_40_V10,S10MW_8H,2048,SOLAR_SALT_60_40_V10,AIP_FLINAK_2017_V10,96.80889839577104,20.727599451284817,True,True,True,0.9810930842414473,0.0041455352169798955,4096,SOLAR_SALT_60_40_V10,96.41526908007619,20.593316733683984,True,True,True,0.9771039158304597,0.0041455352169798955,-0.40660447770578534,False,False
G0121_T1_homogeneous_none__SOLAR_SALT_60_40_V10,S10MW_8H,2048,SOLAR_SALT_60_40_V10,AIP_LINAK_CARBONATE_2017_V10,87.87830289916441,9.59051005307645,True,True,True,0.9752483003566561,0.012144462586470346,4096,SOLAR_SALT_60_40_V10,87.58642174683482,9.550460213036317,True,True,True,0.9720090867131904,0.012144462586470346,-0.3321424546221752,False,False
G0121_T1_homogeneous_none__SOLAR_SALT_60_40_V10,S10MW_8H,2048,SOLAR_SALT_60_40_V10,AIP_LIF_NAK_CARBONATE_RECIPROCAL_2017_V10,94.88849894796793,18.332724401958057,True,True,True,0.9808323962364734,0.006571363910758577,4096,SOLAR_SALT_60_40_V10,94.50734594593919,18.206943900689932,True,True,True,0.9768925382298927,0.006571363910758577,-0.4016851423034318,False,False
G0029_T1_homogeneous_none__AIP_FLINAK_2017_V10,S50MW_6H,2048,AIP_FLINAK_2017_V10,SOLAR_SALT_60_40_V10,240.8750099463697,-19.93452662545645,False,True,False,0.9581698269352813,0.0006509881077808951,4096,AIP_FLINAK_2017_V10,240.34661989363906,-19.86888236237846,False,True,False,0.9560679592259993,0.0006509881077808951,-0.2193627528435882,False,False
G0029_T1_homogeneous_none__AIP_FLINAK_2017_V10,S50MW_6H,2048,AIP_FLINAK_2017_V10,NREL_MGCL2_KCL_NACL_BASELINE_V10,196.34069526817112,-34.73747769503706,False,True,False,0.9452321053915249,0.002512589716297669,4096,AIP_FLINAK_2017_V10,196.0029868418469,-34.65296743969358,False,True,False,0.9436062944694086,0.002512589716297669,-0.17200123788038146,False,False
G0029_T1_homogeneous_none__AIP_FLINAK_2017_V10,S50MW_6H,2048,AIP_FLINAK_2017_V10,AIP_FLINAK_2017_V10,300.8475436341513,0.0,True,True,True,0.9709294988073129,0.0023248864938847334,4096,AIP_FLINAK_2017_V10,299.9416793118537,0.0,False,True,False,0.9680059901696445,0.0023248864938847334,-0.3011041111903423,True,True
G0029_T1_homogeneous_none__AIP_FLINAK_2017_V10,S50MW_6H,2048,AIP_FLINAK_2017_V10,AIP_LINAK_CARBONATE_2017_V10,268.6215235649842,-10.711744453647876,False,True,False,0.9634315039051181,0.006798442621030613,4096,AIP_FLINAK_2017_V10,267.9579856098763,-10.663304204789592,False,True,False,0.9610516746140632,0.006798442621030613,-0.24701593018379153,False,False
G0029_T1_homogeneous_none__AIP_FLINAK_2017_V10,S50MW_6H,2048,AIP_FLINAK_2017_V10,AIP_LIF_NAK_CARBONATE_RECIPROCAL_2017_V10,293.9279736239849,-2.3000254303492063,False,True,False,0.9705210834317403,0.0036811780644533275,4096,AIP_FLINAK_2017_V10,293.0543725687103,-2.296215303903326,False,True,False,0.9676365391939167,0.0036811780644533275,-0.29721603034360555,False,False
G0011_T1_homogeneous_none__AIP_FLINAK_2017_V10,S10MW_8H,2048,AIP_FLINAK_2017_V10,SOLAR_SALT_60_40_V10,67.4580182367872,-15.886311420500421,False,True,False,0.9590559370946236,0.0011267798764101583,4096,AIP_FLINAK_2017_V10,67.30951550316537,-15.83323469919684,False,True,False,0.9569446620812534,0.0011267798764101583,-0.2201409669352561,False,False
G0011_T1_homogeneous_none__AIP_FLINAK_2017_V10,S10MW_8H,2048,AIP_FLINAK_2017_V10,NREL_MGCL2_KCL_NACL_BASELINE_V10,57.99397816814713,-27.68706305603216,False,True,False,0.949390529876743,0.004382926111116718,4096,AIP_FLINAK_2017_V10,57.888169421723376,-27.614098348662264,False,True,False,0.9476583875922184,0.004382926111116718,-0.18244781573178992,False,False
G0011_T1_homogeneous_none__AIP_FLINAK_2017_V10,S10MW_8H,2048,AIP_FLINAK_2017_V10,AIP_FLINAK_2017_V10,80.19862090940124,0.0,True,True,True,0.9694739996442767,0.004088112034624237,4096,AIP_FLINAK_2017_V10,79.97160786993328,0.0,False,True,False,0.9667297724138232,0.004088112034624237,-0.2830635201625409,True,True
G0011_T1_homogeneous_none__AIP_FLINAK_2017_V10,S10MW_8H,2048,AIP_FLINAK_2017_V10,AIP_LINAK_CARBONATE_2017_V10,73.33526729021337,-8.557944689524355,False,True,False,0.9630573265621819,0.011972322417945245,4096,AIP_FLINAK_2017_V10,73.15843856293556,-8.519485212900479,False,True,False,0.9607351668749794,0.011972322417945245,-0.2411237237031294,False,False
G0011_T1_homogeneous_none__AIP_FLINAK_2017_V10,S10MW_8H,2048,AIP_FLINAK_2017_V10,AIP_LIF_NAK_CARBONATE_RECIPROCAL_2017_V10,78.74024282971835,-1.8184578028223042,False,True,False,0.9692179154719291,0.006479023867056472,4096,AIP_FLINAK_2017_V10,78.51920424914677,-1.816149080244478,False,True,False,0.9664971396068639,0.006479023867056472,-0.2807186930444239,False,False
G0202_T1_homogeneous_none__AIP_FLINAK_2017_V10,S50MW_6H,2048,AIP_FLINAK_2017_V10,SOLAR_SALT_60_40_V10,244.259576265013,-18.726017986674147,False,True,False,0.9338585499315069,0.0004857298123874498,4096,AIP_FLINAK_2017_V10,243.90431313008077,-18.69201491121676,False,True,False,0.9325003001502498,0.0004857298123874498,-0.14544491575912977,False,False
G0202_T1_homogeneous_none__AIP_FLINAK_2017_V10,S50MW_6H,2048,AIP_FLINAK_2017_V10,NREL_MGCL2_KCL_NACL_BASELINE_V10,202.35106305143555,-32.670493782497424,False,True,False,0.9172261564290378,0.001861202842154693,4096,AIP_FLINAK_2017_V10,202.1125965219886,-32.62370897270377,False,True,False,0.9161452244342007,0.001861202842154693,-0.1178479252102238,False,False
G0202_T1_homogeneous_none__AIP_FLINAK_2017_V10,S50MW_6H,2048,AIP_FLINAK_2017_V10,AIP_FLINAK_2017_V10,300.5384628809792,0.0,True,True,True,0.9499455778812941,0.0017091460578944077,4096,AIP_FLINAK_2017_V10,299.97584230349884,0.0,False,True,False,0.9481672400123933,0.0017091460578944077,-0.18720418414569506,True,True
G0202_T1_homogeneous_none__AIP_FLINAK_2017_V10,S50MW_6H,2048,AIP_FLINAK_2017_V10,AIP_LINAK_CARBONATE_2017_V10,270.1082490306003,-10.125231079800267,False,True,False,0.9402455548763152,0.00499076875873858,4096,AIP_FLINAK_2017_V10,269.67977632143845,-10.099501929694899,False,True,False,0.9387540433744594,0.00499076875873858,-0.15862999767670694,False,False
G0202_T1_homogeneous_none__AIP_FLINAK_2017_V10,S50MW_6H,2048,AIP_FLINAK_2017_V10,AIP_LIF_NAK_CARBONATE_RECIPROCAL_2017_V10,294.14001880378345,-2.1289934126433874,False,True,False,0.9494146308551188,0.0027038364914097153,4096,AIP_FLINAK_2017_V10,293.5930944319107,-2.127753962644241,False,True,False,0.9476492879319116,0.0027038364914097153,-0.1859401430981733,False,False
G0015_T1_homogeneous_none__AIP_FLINAK_2017_V10,S50MW_6H,2048,AIP_FLINAK_2017_V10,SOLAR_SALT_60_40_V10,243.3258744729929,-19.104687762699946,False,True,False,0.9536911964828159,0.00045648950707416946,4096,AIP_FLINAK_2017_V10,242.83858018851194,-19.048977523916278,False,True,False,0.9517812957366972,0.00045648950707416946,-0.20026406379360928,False,False
G0015_T1_homogeneous_none__AIP_FLINAK_2017_V10,S50MW_6H,2048,AIP_FLINAK_2017_V10,NREL_MGCL2_KCL_NACL_BASELINE_V10,200.65010883887192,-33.29253109590547,False,True,False,0.9405711451149606,0.0017685133251066,4096,AIP_FLINAK_2017_V10,200.32934284787086,-33.21956864140711,False,True,False,0.9390675165487181,0.0017685133251066,-0.15986335260781415,False,False
G0015_T1_homogeneous_none__AIP_FLINAK_2017_V10,S50MW_6H,2048,AIP_FLINAK_2017_V10,AIP_FLINAK_2017_V10,300.7910690290873,0.0,True,True,True,0.9668166597335449,0.0016427578596493833,4096,AIP_FLINAK_2017_V10,299.98210369764814,0.0,False,True,False,0.9642164456975802,0.0016427578596493833,-0.26894592783301974,True,True
G0015_T1_homogeneous_none__AIP_FLINAK_2017_V10,S50MW_6H,2048,AIP_FLINAK_2017_V10,AIP_LINAK_CARBONATE_2017_V10,269.87840901416024,-10.277120299717978,False,True,False,0.9590580645568009,0.0048072407982214784,4096,AIP_FLINAK_2017_V10,269.2749724012893,-10.236321073109266,False,True,False,0.9569136516260417,0.0048072407982214784,-0.2235957352332285,False,False
G0015_T1_homogeneous_none__AIP_FLINAK_2017_V10,S50MW_6H,2048,AIP_FLINAK_2017_V10,AIP_LIF_NAK_CARBONATE_RECIPROCAL_2017_V10,294.19374414420884,-2.1933247240929488,False,True,False,0.9664273003002001,0.0026022779053547617,4096,AIP_FLINAK_2017_V10,293.41113965017615,-2.1904520191293964,False,True,False,0.9638564422740685,0.0026022779053547617,-0.2660167014459258,False,False
G0213_T1_homogeneous_none__AIP_FLINAK_2017_V10,S50MW_6H,2048,AIP_FLINAK_2017_V10,SOLAR_SALT_60_40_V10,254.6585489927286,-15.32893627666767,False,True,False,0.9558587233151348,0.0006571491727437651,4096,AIP_FLINAK_2017_V10,254.13335662316342,-15.280865749256566,False,True,False,0.9538874181700571,0.0006571491727437651,-0.20623394409593487,False,False
G0213_T1_homogeneous_none__AIP_FLINAK_2017_V10,S50MW_6H,2048,AIP_FLINAK_2017_V10,NREL_MGCL2_KCL_NACL_BASELINE_V10,220.44084367007216,-26.705933119304902,False,True,False,0.94608270253952,0.0025661057670614412,4096,AIP_FLINAK_2017_V10,220.0603000123256,-26.639625951787348,False,True,False,0.9444494944363339,0.0025661057670614412,-0.17262847093622025,False,False
G0213_T1_homogeneous_none__AIP_FLINAK_2017_V10,S50MW_6H,2048,AIP_FLINAK_2017_V10,AIP_FLINAK_2017_V10,300.7621940653071,0.0,True,True,True,0.9666155510315385,0.002402974743546303,4096,AIP_FLINAK_2017_V10,299.97161664920264,0.0,False,True,False,0.9640747249577173,0.002402974743546303,-0.26285797607021877,True,True
G0213_T1_homogeneous_none__AIP_FLINAK_2017_V10,S50MW_6H,2048,AIP_FLINAK_2017_V10,AIP_LINAK_CARBONATE_2017_V10,275.90202257423346,-8.265723545584835,False,True,False,0.9599837860816575,0.007042424557834919,4096,AIP_FLINAK_2017_V10,275.28084529486074,-8.231035866042003,False,True,False,0.9578224386913183,0.007042424557834919,-0.22514415573215985,False,False
G0213_T1_homogeneous_none__AIP_FLINAK_2017_V10,S50MW_6H,2048,AIP_FLINAK_2017_V10,AIP_LIF_NAK_CARBONATE_RECIPROCAL_2017_V10,295.5187079423844,-1.743399345525487,False,True,False,0.966396246366448,0.0038100691470449367,4096,AIP_FLINAK_2017_V10,294.747187744335,-1.7416410803216986,False,True,False,0.963873244595825,0.0038100691470449367,-0.26107321713109144,False,False
G0192_T1_homogeneous_none__AIP_FLINAK_2017_V10,S10MW_8H,2048,AIP_FLINAK_2017_V10,SOLAR_SALT_60_40_V10,67.01132960099795,-16.510082391443092,False,True,False,0.9678749624228229,0.0006058523640062992,4096,AIP_FLINAK_2017_V10,66.83144380274194,-16.433334100545526,False,True,False,0.9652767904231908,0.0006058523640062992,-0.2684408730987631,False,False
G0192_T1_homogeneous_none__AIP_FLINAK_2017_V10,S10MW_8H,2048,AIP_FLINAK_2017_V10,NREL_MGCL2_KCL_NACL_BASELINE_V10,57.1882165509089,-28.748772536747435,False,True,False,0.9590847568387519,0.0023679628203395644,4096,AIP_FLINAK_2017_V10,57.06357455901012,-28.647169672462425,False,True,False,0.9569944270172978,0.0023679628203395644,-0.21795047899040298,False,False
G0192_T1_homogeneous_none__AIP_FLINAK_2017_V10,S10MW_8H,2048,AIP_FLINAK_2017_V10,AIP_FLINAK_2017_V10,80.26278084879789,0.0,True,True,True,0.9776594331549768,0.0022194852136671493,4096,AIP_FLINAK_2017_V10,79.97380664097815,0.0,False,True,False,0.9741395157383891,0.0022194852136671493,-0.36003513055959946,True,True
G0192_T1_homogeneous_none__AIP_FLINAK_2017_V10,S10MW_8H,2048,AIP_FLINAK_2017_V10,AIP_LINAK_CARBONATE_2017_V10,73.1377161516127,-8.877171488248914,False,True,False,0.971684269527318,0.0065057822487627455,4096,AIP_FLINAK_2017_V10,72.91919759711625,-8.821149499025049,False,True,False,0.9687811020075137,0.0065057822487627455,-0.29877683635001206,False,False
G0192_T1_homogeneous_none__AIP_FLINAK_2017_V10,S10MW_8H,2048,AIP_FLINAK_2017_V10,AIP_LIF_NAK_CARBONATE_RECIPROCAL_2017_V10,78.73922769232138,-1.898206292336968,False,True,False,0.9774335787187738,0.0035195082074301904,4096,AIP_FLINAK_2017_V10,78.45847724361798,-1.8947821305578927,False,True,False,0.9739484681348174,0.0035195082074301904,-0.3565572801913275,False,False
G0110_T1_homogeneous_none__AIP_FLINAK_2017_V10,S50MW_6H,2048,AIP_FLINAK_2017_V10,SOLAR_SALT_60_40_V10,248.838659432682,-17.244672210803202,False,True,False,0.9483050436690279,0.000985164529022866,4096,AIP_FLINAK_2017_V10,248.38806502153196,-17.201607049538104,False,True,False,0.9465878629314494,0.000985164529022866,-0.18107894174375083,False,False
G0110_T1_homogeneous_none__AIP_FLINAK_2017_V10,S50MW_6H,2048,AIP_FLINAK_2017_V10,NREL_MGCL2_KCL_NACL_BASELINE_V10,210.27034438782292,-30.07119024900128,False,True,False,0.9358231966065406,0.003806568536684962,4096,AIP_FLINAK_2017_V10,209.95716158741342,-30.012275081045825,False,True,False,0.9344293541688222,0.003806568536684962,-0.1489429245580487,False,False
G0110_T1_homogeneous_none__AIP_FLINAK_2017_V10,S50MW_6H,2048,AIP_FLINAK_2017_V10,AIP_FLINAK_2017_V10,300.69201111323054,0.0,True,True,True,0.9610180777973522,0.0035262078595248237,4096,AIP_FLINAK_2017_V10,299.9914082512954,0.0,False,True,False,0.9587789361148594,0.0035262078595248237,-0.23299683265323168,True,True
G0110_T1_homogeneous_none__AIP_FLINAK_2017_V10,S50MW_6H,2048,AIP_FLINAK_2017_V10,AIP_LINAK_CARBONATE_2017_V10,272.7189297917784,-9.302901403296149,False,True,False,0.9532719655186528,0.010313545731546648,4096,AIP_FLINAK_2017_V10,272.1779441176766,-9.27142023691564,False,True,False,0.9513809839235643,0.010313545731546648,-0.19836748205005472,False,False
G0110_T1_homogeneous_none__AIP_FLINAK_2017_V10,S50MW_6H,2048,AIP_FLINAK_2017_V10,AIP_LIF_NAK_CARBONATE_RECIPROCAL_2017_V10,294.7691317127107,-1.9697495050141067,False,True,False,0.9606452992157629,0.0055840623522908,4096,AIP_FLINAK_2017_V10,294.08871178288973,-1.9676218405098922,False,True,False,0.9584278275175653,0.0055840623522908,-0.23083147338647247,False,False
G0024_T1_homogeneous_none__AIP_FLINAK_2017_V10,S10MW_8H,2048,AIP_FLINAK_2017_V10,SOLAR_SALT_60_40_V10,67.77356084323482,-15.418482786803178,False,True,False,0.9464207524460608,0.0009893043599553141,4096,AIP_FLINAK_2017_V10,67.65505540528761,-15.381439751222349,False,True,False,0.9447658887447073,0.0009893043599553141,-0.17485496773781417,False,False
G0024_T1_homogeneous_none__AIP_FLINAK_2017_V10,S10MW_8H,2048,AIP_FLINAK_2017_V10,NREL_MGCL2_KCL_NACL_BASELINE_V10,58.58217835363972,-26.88934349685197,False,True,False,0.9351819588364306,0.003834207286049976,4096,AIP_FLINAK_2017_V10,58.49584137939373,-26.83719127250448,False,True,False,0.9338037106564472,0.003834207286049976,-0.1473775415533396,False,False
G0024_T1_homogeneous_none__AIP_FLINAK_2017_V10,S10MW_8H,2048,AIP_FLINAK_2017_V10,AIP_FLINAK_2017_V10,80.12809781172908,0.0,True,True,True,0.9582946423608147,0.0035629849294728454,4096,AIP_FLINAK_2017_V10,79.95297391775809,0.0,False,True,False,0.9562002423447793,0.0035629849294728454,-0.21855491238849112,True,True
G0024_T1_homogeneous_none__AIP_FLINAK_2017_V10,S10MW_8H,2048,AIP_FLINAK_2017_V10,AIP_LINAK_CARBONATE_2017_V10,73.44842148619249,-8.336247219085768,False,True,False,0.9508857211988541,0.010427220649425065,4096,AIP_FLINAK_2017_V10,73.30941592433491,-8.309331933364883,False,True,False,0.9490861126945047,0.010427220649425065,-0.18925602353987436,False,False
G0024_T1_homogeneous_none__AIP_FLINAK_2017_V10,S10MW_8H,2048,AIP_FLINAK_2017_V10,AIP_LIF_NAK_CARBONATE_RECIPROCAL_2017_V10,78.72585996613957,-1.7499951750810872,False,True,False,0.957991007255517,0.0056443521888324705,4096,AIP_FLINAK_2017_V10,78.55485426759522,-1.748677480841443,False,True,False,0.9559100910042955,0.0056443521888324705,-0.2172166790148755,False,False
G0130_T2_graded_two_layer_fine_hot__AIP_FLINAK_2017_V10,S10MW_8H,2048,AIP_FLINAK_2017_V10,SOLAR_SALT_60_40_V10,67.2951037615518,-16.13163229649237,False,True,False,0.9662444120887802,0.0025707747546156686,4096,AIP_FLINAK_2017_V10,67.12233330176768,-16.062630268023447,False,True,False,0.9637637191109981,0.0025707747546156686,-0.2567355574579433,False,False
G0130_T2_graded_two_layer_fine_hot__AIP_FLINAK_2017_V10,S10MW_8H,2048,AIP_FLINAK_2017_V10,NREL_MGCL2_KCL_NACL_BASELINE_V10,57.684180791130295,-28.109508495472635,False,True,False,0.9574979613385725,0.010017237498364504,4096,AIP_FLINAK_2017_V10,57.56310177841311,-28.016576313403952,False,True,False,0.9554881744915099,0.010017237498364504,-0.2098998565232324,False,False
G0130_T2_graded_two_layer_fine_hot__AIP_FLINAK_2017_V10,S10MW_8H,2048,AIP_FLINAK_2017_V10,AIP_FLINAK_2017_V10,80.23895731398301,0.0,True,True,True,0.9757718913662953,0.009360108444658479,4096,AIP_FLINAK_2017_V10,79.96716303608086,0.0,False,True,False,0.9724666488072061,0.009360108444658479,-0.33873106904740435,True,True
G0130_T2_graded_two_layer_fine_hot__AIP_FLINAK_2017_V10,S10MW_8H,2048,AIP_FLINAK_2017_V10,AIP_LINAK_CARBONATE_2017_V10,73.27535631863127,-8.678578621233168,False,True,False,0.9698922154270859,0.027420784965207362,4096,AIP_FLINAK_2017_V10,73.06738020797495,-8.628270112562031,False,True,False,0.9671393879984042,0.027420784965207362,-0.2838281805849663,False,False
G0130_T2_graded_two_layer_fine_hot__AIP_FLINAK_2017_V10,S10MW_8H,2048,AIP_FLINAK_2017_V10,AIP_LIF_NAK_CARBONATE_RECIPROCAL_2017_V10,78.74793967786304,-1.8582215996220675,False,True,False,0.9755139490196075,0.014837358920301972,4096,AIP_FLINAK_2017_V10,78.48413504547236,-1.8545462090975628,False,True,False,0.972245989251189,0.014837358920301972,-0.3349987738978877,False,False
G0187_T1_homogeneous_none__AIP_FLINAK_2017_V10,S50MW_6H,2048,AIP_FLINAK_2017_V10,SOLAR_SALT_60_40_V10,251.62541481513935,-16.307949456369197,False,True,False,0.9466086222446735,0.0009423858253863794,4096,AIP_FLINAK_2017_V10,251.18355972082085,-16.268214421537287,False,True,False,0.9449463742465054,0.0009423858253863794,-0.17560034412387182,False,False
G0187_T1_homogeneous_none__AIP_FLINAK_2017_V10,S50MW_6H,2048,AIP_FLINAK_2017_V10,NREL_MGCL2_KCL_NACL_BASELINE_V10,215.16220580026,-28.43582109484507,False,True,False,0.9346482892130747,0.0036517268046634757,4096,AIP_FLINAK_2017_V10,214.84704792079052,-28.380953878255887,False,True,False,0.9332792673080306,0.0036517268046634757,-0.14647455313878677,False,False
G0187_T1_homogeneous_none__AIP_FLINAK_2017_V10,S50MW_6H,2048,AIP_FLINAK_2017_V10,AIP_FLINAK_2017_V10,300.6562907476626,0.0,True,True,True,0.9590644805117056,0.003392800120946257,4096,AIP_FLINAK_2017_V10,299.98591094829067,0.0,False,True,False,0.9569260338075593,0.003392800120946257,-0.22297215125778314,True,True
G0187_T1_homogeneous_none__AIP_FLINAK_2017_V10,S50MW_6H,2048,AIP_FLINAK_2017_V10,AIP_LINAK_CARBONATE_2017_V10,274.1757441641001,-8.807581081277727,False,True,False,0.9514002723989117,0.009928834064342607,4096,AIP_FLINAK_2017_V10,273.65143941519693,-8.778569450094299,False,True,False,0.949580914955578,0.009928834064342607,-0.19122944318128443,False,False
G0187_T1_homogeneous_none__AIP_FLINAK_2017_V10,S50MW_6H,2048,AIP_FLINAK_2017_V10,AIP_LIF_NAK_CARBONATE_RECIPROCAL_2017_V10,295.08001401745696,-1.854701498624467,False,True,False,0.9587307997429423,0.005374639523177294,4096,AIP_FLINAK_2017_V10,294.42733716624724,-1.8529449481384352,False,True,False,0.956610217630265,0.005374639523177294,-0.22118639697878972,False,False
G0175_T1_homogeneous_none__AIP_FLINAK_2017_V10,S10MW_8H,2048,AIP_FLINAK_2017_V10,SOLAR_SALT_60_40_V10,67.76464427416273,-15.572734924979292,False,True,False,0.9680499883604603,0.0014049339929055463,4096,AIP_FLINAK_2017_V10,67.58284519102175,-15.501307468003366,False,True,False,0.9654529024876773,0.0014049339929055463,-0.26828014090277685,False,False
G0175_T1_homogeneous_none__AIP_FLINAK_2017_V10,S10MW_8H,2048,AIP_FLINAK_2017_V10,NREL_MGCL2_KCL_NACL_BASELINE_V10,58.492644885201074,-27.124622470056615,False,True,False,0.9598764893470306,0.005482572005324665,4096,AIP_FLINAK_2017_V10,58.36353949633083,-27.02818644227989,False,True,False,0.957757843016919,0.005482572005324665,-0.22072072330397985,False,False
G0175_T1_homogeneous_none__AIP_FLINAK_2017_V10,S10MW_8H,2048,AIP_FLINAK_2017_V10,AIP_FLINAK_2017_V10,80.26393394829047,0.0,True,True,True,0.9772297515018056,0.0051306532562089575,4096,AIP_FLINAK_2017_V10,79.9809359954659,0.0,False,True,False,0.9737841937586175,0.0051306532562089575,-0.35258420426650394,True,True
G0175_T1_homogeneous_none__AIP_FLINAK_2017_V10,S10MW_8H,2048,AIP_FLINAK_2017_V10,AIP_LINAK_CARBONATE_2017_V10,73.53985058661611,-8.377465482823588,False,True,False,0.9715544936636664,0.015034632157917996,4096,AIP_FLINAK_2017_V10,73.32211171033381,-8.325514326951078,False,True,False,0.9686778875513358,0.015034632157917996,-0.2960828374621749,False,False
G0175_T1_homogeneous_none__AIP_FLINAK_2017_V10,S10MW_8H,2048,AIP_FLINAK_2017_V10,AIP_LIF_NAK_CARBONATE_RECIPROCAL_2017_V10,78.82754671457448,-1.7895799060152928,False,True,False,0.977020211588805,0.008134362611730258,4096,AIP_FLINAK_2017_V10,78.55212277428359,-1.7864422357639187,False,True,False,0.9736064968705987,0.008134362611730258,-0.3494006242363068,False,False
G0192_T1_homogeneous_none__AIP_FLINAK_2017_V10,S50MW_6H,2048,AIP_FLINAK_2017_V10,SOLAR_SALT_60_40_V10,251.04493190859026,-16.57685387635819,False,True,False,0.9621290521876523,0.0008075013165866166,4096,AIP_FLINAK_2017_V10,250.45431442281236,-16.51468754903982,False,True,False,0.959865512201098,0.0008075013165866166,-0.23526365630553991,False,False
G0192_T1_homogeneous_none__AIP_FLINAK_2017_V10,S50MW_6H,2048,AIP_FLINAK_2017_V10,NREL_MGCL2_KCL_NACL_BASELINE_V10,214.03076322689853,-28.876797074184736,False,True,False,0.9524396917805937,0.0031500016470741464,4096,AIP_FLINAK_2017_V10,213.61854117842228,-28.793358195092466,False,True,False,0.9506052982809093,0.0031500016470741464,-0.19259943863267903,False,False
G0192_T1_homogeneous_none__AIP_FLINAK_2017_V10,S50MW_6H,2048,AIP_FLINAK_2017_V10,AIP_FLINAK_2017_V10,300.9295903759317,0.0,True,True,True,0.9726333046077043,0.0029466983133549863,4096,AIP_FLINAK_2017_V10,299.99805602923374,0.0,False,True,False,0.9696224962360431,0.0029466983133549863,-0.30955225956152965,True,True
G0192_T1_homogeneous_none__AIP_FLINAK_2017_V10,S50MW_6H,2048,AIP_FLINAK_2017_V10,AIP_LINAK_CARBONATE_2017_V10,274.08855792965625,-8.919372937950264,False,True,False,0.9662411593917221,0.00863427010922328,4096,AIP_FLINAK_2017_V10,273.3754412628512,-8.87426242648327,False,True,False,0.9637272176200554,0.00863427010922328,-0.26017746679817266,False,False
G0192_T1_homogeneous_none__AIP_FLINAK_2017_V10,S50MW_6H,2048,AIP_FLINAK_2017_V10,AIP_LIF_NAK_CARBONATE_RECIPROCAL_2017_V10,295.2095095347914,-1.9008037175721415,False,True,False,0.9723828649802281,0.004671623273137503,4096,AIP_FLINAK_2017_V10,294.3038104257773,-1.898094167284048,False,True,False,0.9693996064265964,0.004671623273137503,-0.30679875808923285,False,False
G0029_T1_homogeneous_none__AIP_FLINAK_2017_V10,S10MW_8H,2048,AIP_FLINAK_2017_V10,SOLAR_SALT_60_40_V10,64.32577156016967,-19.85387496913802,False,True,False,0.9642087499238214,0.00048537890859845923,4096,AIP_FLINAK_2017_V10,64.16501257552588,-19.773002601577772,False,True,False,0.9617990591286256,0.00048537890859845923,-0.24991380708651034,False,False
G0029_T1_homogeneous_none__AIP_FLINAK_2017_V10,S10MW_8H,2048,AIP_FLINAK_2017_V10,NREL_MGCL2_KCL_NACL_BASELINE_V10,52.50627799321201,-34.58026823645819,False,True,False,0.9525212921244183,0.0018817665209744023,4096,AIP_FLINAK_2017_V10,52.40406745514329,-34.47798395672539,False,True,False,0.9506670812088676,0.0018817665209744023,-0.19466346116160382,False,False
G0029_T1_homogeneous_none__AIP_FLINAK_2017_V10,S10MW_8H,2048,AIP_FLINAK_2017_V10,AIP_FLINAK_2017_V10,80.26061339259965,0.0,True,True,True,0.9760656287025558,0.0017492318874442843,4096,AIP_FLINAK_2017_V10,79.97932698000707,0.0,False,True,False,0.9726448474806422,0.0017492318874442843,-0.3504663130552532,True,True
G0029_T1_homogeneous_none__AIP_FLINAK_2017_V10,S10MW_8H,2048,AIP_FLINAK_2017_V10,AIP_LINAK_CARBONATE_2017_V10,71.70468618289874,-10.660181685690684,False,True,False,0.9690872819705589,0.0051195128012294045,4096,AIP_FLINAK_2017_V10,71.50087619531666,-10.60080286348224,False,True,False,0.9663327943991251,0.0051195128012294045,-0.2842352410025395,False,False
G0029_T1_homogeneous_none__AIP_FLINAK_2017_V10,S10MW_8H,2048,AIP_FLINAK_2017_V10,AIP_LIF_NAK_CARBONATE_RECIPROCAL_2017_V10,78.41810472621667,-2.2956573448675743,False,True,False,0.9756986735810123,0.00277117556080588,4096,AIP_FLINAK_2017_V10,78.14714018055555,-2.2908254778256976,False,True,False,0.9723272614726468,0.00277117556080588,-0.34553824860615867,False,False
G0011_T1_homogeneous_none__SOLAR_SALT_60_40_V10,S50MW_6H,2048,SOLAR_SALT_60_40_V10,SOLAR_SALT_60_40_V10,300.558087705368,0.0,True,True,True,0.9565023416303848,0.0012649209952284707,4096,SOLAR_SALT_60_40_V10,299.92894066790217,0.0,False,True,False,0.9545001309457207,0.0012649209952284707,-0.20932627109424562,True,True
G0011_T1_homogeneous_none__SOLAR_SALT_60_40_V10,S50MW_6H,2048,SOLAR_SALT_60_40_V10,NREL_MGCL2_KCL_NACL_BASELINE_V10,258.27209903987244,-14.06915681036266,False,True,False,0.9464261810808163,0.004914069801120435,4096,SOLAR_SALT_60_40_V10,257.8229994616844,-14.038638989773178,False,True,False,0.9447804764139568,0.004914069801120435,-0.17388621529680348,False,False
G0011_T1_homogeneous_none__SOLAR_SALT_60_40_V10,S50MW_6H,2048,SOLAR_SALT_60_40_V10,AIP_FLINAK_2017_V10,357.4605370865633,18.93226358193223,True,True,True,0.9672631183212501,0.004577622932579983,4096,SOLAR_SALT_60_40_V10,356.5032810011224,18.86258131917402,True,True,True,0.9646728505569195,0.004577622932579983,-0.26779350057573037,False,False
G0011_T1_homogeneous_none__SOLAR_SALT_60_40_V10,S50MW_6H,2048,SOLAR_SALT_60_40_V10,AIP_LINAK_CARBONATE_2017_V10,326.78989503524826,8.727699703624303,True,True,True,0.960627772123594,0.013402682988162723,4096,SOLAR_SALT_60_40_V10,326.0420777870205,8.70644128604856,True,True,True,0.958429497244124,0.013402682988162723,-0.22883732318195182,False,False
G0011_T1_homogeneous_none__SOLAR_SALT_60_40_V10,S50MW_6H,2048,SOLAR_SALT_60_40_V10,AIP_LIF_NAK_CARBONATE_RECIPROCAL_2017_V10,350.95434168613235,16.767558765601052,True,True,True,0.9669912891009448,0.007253746636420702,4096,SOLAR_SALT_60_40_V10,350.0223364120836,16.70175463315744,True,True,True,0.9644233169337638,0.007253746636420702,-0.26556311273171485,False,False
G0127_T1_homogeneous_none__AIP_FLINAK_2017_V10,S50MW_6H,2048,AIP_FLINAK_2017_V10,SOLAR_SALT_60_40_V10,245.52926397751395,-18.40184466983622,False,True,False,0.9616815918863971,0.0009497556384416002,4096,AIP_FLINAK_2017_V10,244.95272670341467,-18.334461829058835,False,True,False,0.959423428136155,0.0009497556384416002,-0.23481407664386333,False,False
G0127_T1_homogeneous_none__AIP_FLINAK_2017_V10,S50MW_6H,2048,AIP_FLINAK_2017_V10,NREL_MGCL2_KCL_NACL_BASELINE_V10,204.4243988905637,-32.06246137944997,False,True,False,0.9506293748074724,0.003684235249055215,4096,AIP_FLINAK_2017_V10,204.0413618027792,-31.974026805052937,False,True,False,0.9488481475700935,0.003684235249055215,-0.1873734690493456,False,False
G0127_T1_homogeneous_none__AIP_FLINAK_2017_V10,S50MW_6H,2048,AIP_FLINAK_2017_V10,AIP_FLINAK_2017_V10,300.9005080863035,0.0,True,True,True,0.9730886296699526,0.003426784143918768,4096,AIP_FLINAK_2017_V10,299.94625908260474,0.0,False,True,False,0.9700026632776766,0.003426784143918768,-0.3171310709203068,True,True
G0127_T1_homogeneous_none__AIP_FLINAK_2017_V10,S50MW_6H,2048,AIP_FLINAK_2017_V10,AIP_LINAK_CARBONATE_2017_V10,271.1370774749814,-9.891452427453329,False,True,False,0.9662677608805845,0.010030346946909983,4096,AIP_FLINAK_2017_V10,270.4245643486829,-9.842328030432812,False,True,False,0.9637285343404223,0.010030346946909983,-0.2627870496111906,False,False
G0127_T1_homogeneous_none__AIP_FLINAK_2017_V10,S50MW_6H,2048,AIP_FLINAK_2017_V10,AIP_LIF_NAK_CARBONATE_RECIPROCAL_2017_V10,294.51921201897613,-2.1207328986952323,False,True,False,0.9727552764681554,0.005429166241134648,4096,AIP_FLINAK_2017_V10,293.59601034661694,-2.117128833481785,False,True,False,0.969706071997332,0.005429166241134648,-0.31346059431250906,False,False
G0121_T1_homogeneous_none__SOLAR_SALT_60_40_V10,S50MW_6H,2048,SOLAR_SALT_60_40_V10,SOLAR_SALT_60_40_V10,300.7181616207997,0.0,True,True,True,0.966165033728936,0.001520190474500396,4096,SOLAR_SALT_60_40_V10,299.9408173546761,0.0,False,True,False,0.9636675362547215,0.001520190474500396,-0.25849594914185703,True,True
G0121_T1_homogeneous_none__SOLAR_SALT_60_40_V10,S50MW_6H,2048,SOLAR_SALT_60_40_V10,NREL_MGCL2_KCL_NACL_BASELINE_V10,254.28752979752448,-15.439916090543093,False,True,False,0.9566964497069028,0.005906341908529475,4096,SOLAR_SALT_60_40_V10,253.75703780879655,-15.39763075702625,False,True,False,0.9547005995658514,0.005906341908529475,-0.2086189555383755,False,False
G0121_T1_homogeneous_none__SOLAR_SALT_60_40_V10,S50MW_6H,2048,SOLAR_SALT_60_40_V10,AIP_FLINAK_2017_V10,363.2766941816285,20.803044360092215,True,True,True,0.9763040618625578,0.005502511833418937,4096,SOLAR_SALT_60_40_V10,362.016994558438,20.696141909341282,True,True,True,0.9729186262468267,0.005502511833418937,-0.3467603739425895,False,False
G0121_T1_homogeneous_none__SOLAR_SALT_60_40_V10,S50MW_6H,2048,SOLAR_SALT_60_40_V10,AIP_LINAK_CARBONATE_2017_V10,329.6460102199194,9.619588136348467,True,True,True,0.9701390537339886,0.01611093809401984,4096,SOLAR_SALT_60_40_V10,328.69708692264527,9.587314531441482,True,True,True,0.9673463988219225,0.01611093809401984,-0.28786130208008354,False,False
G0121_T1_homogeneous_none__SOLAR_SALT_60_40_V10,S50MW_6H,2048,SOLAR_SALT_60_40_V10,AIP_LIF_NAK_CARBONATE_RECIPROCAL_2017_V10,356.06186976577965,18.403846261459723,True,True,True,0.9760213475093934,0.008719435776157925,4096,SOLAR_SALT_60_40_V10,354.84079954069864,18.303604914533533,True,True,True,0.9726742027919004,0.008719435776157925,-0.3429376545947549,False,False
G0161_T1_homogeneous_none__AIP_FLINAK_2017_V10,S10MW_8H,2048,AIP_FLINAK_2017_V10,SOLAR_SALT_60_40_V10,67.88121728582355,-15.35421530226796,False,True,False,0.9612535783521972,0.0007067502899646586,4096,AIP_FLINAK_2017_V10,67.72523133426313,-15.298158000884055,False,True,False,0.9590446896477006,0.0007067502899646586,-0.2297925078503238,False,False
G0161_T1_homogeneous_none__AIP_FLINAK_2017_V10,S10MW_8H,2048,AIP_FLINAK_2017_V10,NREL_MGCL2_KCL_NACL_BASELINE_V10,58.744152445178386,-26.747853398265832,False,True,False,0.9522520022429631,0.002760174128262053,4096,AIP_FLINAK_2017_V10,58.63174713799714,-26.671096069002655,False,True,False,0.9504298944352801,0.002760174128262053,-0.19134722777071067,False,False
G0161_T1_homogeneous_none__AIP_FLINAK_2017_V10,S10MW_8H,2048,AIP_FLINAK_2017_V10,AIP_FLINAK_2017_V10,80.19444503731127,0.0,True,True,True,0.9712471468352372,0.0025850673915953195,4096,AIP_FLINAK_2017_V10,79.95721195174244,0.0,False,True,False,0.9683739807775826,0.0025850673915953195,-0.29582234213162417,True,True
G0161_T1_homogeneous_none__AIP_FLINAK_2017_V10,S10MW_8H,2048,AIP_FLINAK_2017_V10,AIP_LINAK_CARBONATE_2017_V10,73.56213456443153,-8.270286638674273,False,True,False,0.9650798757351794,0.0075762809736603445,4096,AIP_FLINAK_2017_V10,73.37695179533272,-8.22972686989285,False,True,False,0.9626504170897993,0.0075762809736603445,-0.251736535644731,False,False
G0161_T1_homogeneous_none__AIP_FLINAK_2017_V10,S10MW_8H,2048,AIP_FLINAK_2017_V10,AIP_LIF_NAK_CARBONATE_RECIPROCAL_2017_V10,78.7879160099195,-1.7538983239267614,False,True,False,0.9710390997755527,0.0040988542200333395,4096,AIP_FLINAK_2017_V10,78.55658284343474,-1.7517232956459683,False,True,False,0.9681879829913076,0.0040988542200333395,-0.29361503413243284,False,False
G0045_T1_homogeneous_none__AIP_FLINAK_2017_V10,S10MW_8H,2048,AIP_FLINAK_2017_V10,SOLAR_SALT_60_40_V10,67.7481181682052,-15.560917633402893,False,True,False,0.9636480806456832,0.001183107954120176,4096,AIP_FLINAK_2017_V10,67.58403288271847,-15.500179540702918,False,True,False,0.9613141343354861,0.001183107954120176,-0.24219903064957027,False,False
G0045_T1_homogeneous_none__AIP_FLINAK_2017_V10,S10MW_8H,2048,AIP_FLINAK_2017_V10,NREL_MGCL2_KCL_NACL_BASELINE_V10,58.48089501766626,-27.111287445523136,False,True,False,0.9548702152253731,0.0046128356704060415,4096,AIP_FLINAK_2017_V10,58.36360145832441,-27.028417301693132,False,True,False,0.9529550576988087,0.0046128356704060415,-0.20056731229305402,False,False
G0045_T1_homogeneous_none__AIP_FLINAK_2017_V10,S10MW_8H,2048,AIP_FLINAK_2017_V10,AIP_FLINAK_2017_V10,80.23312933941284,0.0,True,True,True,0.9733410541424349,0.004312858390323918,4096,AIP_FLINAK_2017_V10,79.9812739427928,0.0,False,True,False,0.9702856928564433,0.004312858390323918,-0.3139044914409528,True,True
G0045_T1_homogeneous_none__AIP_FLINAK_2017_V10,S10MW_8H,2048,AIP_FLINAK_2017_V10,AIP_LINAK_CARBONATE_2017_V10,73.51203716874251,-8.376953792040043,False,True,False,0.9673563298323437,0.012636100717587783,4096,AIP_FLINAK_2017_V10,73.31653529728962,-8.332873830279553,False,True,False,0.9647836903010802,0.012636100717587783,-0.2659453866094452,False,False
G0045_T1_homogeneous_none__AIP_FLINAK_2017_V10,S10MW_8H,2048,AIP_FLINAK_2017_V10,AIP_LIF_NAK_CARBONATE_RECIPROCAL_2017_V10,78.80208060012019,-1.7836132668325066,False,True,False,0.9731196496141601,0.006837089074577391,4096,AIP_FLINAK_2017_V10,78.5567680690126,-1.7810492426003077,False,True,False,0.9700903077173548,0.006837089074577391,-0.3113020991824089,False,False
G0161_T1_homogeneous_none__SOLAR_SALT_60_40_V10,S50MW_6H,2048,SOLAR_SALT_60_40_V10,SOLAR_SALT_60_40_V10,300.62022845228887,0.0,True,True,True,0.9586352395009594,0.0007973561250589792,4096,SOLAR_SALT_60_40_V10,299.96540153202073,0.0,False,True,False,0.9565470893961753,0.0007973561250589792,-0.21782530192311356,True,True
G0161_T1_homogeneous_none__SOLAR_SALT_60_40_V10,S50MW_6H,2048,SOLAR_SALT_60_40_V10,NREL_MGCL2_KCL_NACL_BASELINE_V10,260.0401446296493,-13.49878683532435,False,True,False,0.9492366381798039,0.003111406169406204,4096,SOLAR_SALT_60_40_V10,259.56747273600877,-13.467529451625627,False,True,False,0.9475112219756234,0.003111406169406204,-0.18176881662396172,False,False
G0161_T1_homogeneous_none__SOLAR_SALT_60_40_V10,S50MW_6H,2048,SOLAR_SALT_60_40_V10,AIP_FLINAK_2017_V10,355.28798277883385,18.184988617697506,True,True,True,0.9689755735674936,0.0029115255567112876,4096,SOLAR_SALT_60_40_V10,354.29759645626837,18.11282056088985,True,True,True,0.9662744966904898,0.0029115255567112876,-0.27875593056070347,False,False
G0161_T1_homogeneous_none__SOLAR_SALT_60_40_V10,S50MW_6H,2048,SOLAR_SALT_60_40_V10,AIP_LINAK_CARBONATE_2017_V10,325.82773054559607,8.385164971460956,True,True,True,0.962595488134769,0.008531713018089887,4096,SOLAR_SALT_60_40_V10,325.0518386222746,8.36311019941942,True,True,True,0.9603032643776971,0.008531713018089887,-0.23812949315954457,False,False
G0161_T1_homogeneous_none__SOLAR_SALT_60_40_V10,S50MW_6H,2048,SOLAR_SALT_60_40_V10,AIP_LIF_NAK_CARBONATE_RECIPROCAL_2017_V10,349.0518428561335,16.110564033960586,True,True,True,0.9687548301377322,0.004616030528840627,4096,SOLAR_SALT_60_40_V10,348.08607437734116,16.04207438576333,True,True,True,0.9660744464131563,0.004616030528840627,-0.27668339203995584,False,False
G0130_T2_graded_two_layer_fine_hot__AIP_FLINAK_2017_V10,S50MW_6H,2048,AIP_FLINAK_2017_V10,SOLAR_SALT_60_40_V10,252.1299905343584,-16.19569424500289,False,True,False,0.9604412705011303,0.0034337957925724173,4096,AIP_FLINAK_2017_V10,251.55947743607447,-16.139620056235916,False,True,False,0.9582680093044276,0.0034337957925724173,-0.2262773647334848,False,False
G0130_T2_graded_two_layer_fine_hot__AIP_FLINAK_2017_V10,S50MW_6H,2048,AIP_FLINAK_2017_V10,NREL_MGCL2_KCL_NACL_BASELINE_V10,215.90374919981025,-28.23676480039593,False,True,False,0.9507888726724228,0.013341416393526843,4096,AIP_FLINAK_2017_V10,215.50146237896507,-28.15999342291048,False,True,False,0.9490172969851087,0.013341416393526843,-0.18632692685335295,False,False
G0130_T2_graded_two_layer_fine_hot__AIP_FLINAK_2017_V10,S50MW_6H,2048,AIP_FLINAK_2017_V10,AIP_FLINAK_2017_V10,300.85565206096146,0.0,True,True,True,0.9706529517373934,0.012429435551632301,4096,AIP_FLINAK_2017_V10,299.9741684986017,0.0,False,True,False,0.9678090144011618,0.012429435551632301,-0.29299218955046724,True,True
G0130_T2_graded_two_layer_fine_hot__AIP_FLINAK_2017_V10,S50MW_6H,2048,AIP_FLINAK_2017_V10,AIP_LINAK_CARBONATE_2017_V10,274.611819087462,-8.723064630403476,False,True,False,0.9643341293959208,0.03639255628713478,4096,AIP_FLINAK_2017_V10,273.92987799276494,-8.682177747567687,False,True,False,0.9619394070054597,0.03639255628713478,-0.24832911305970873,False,False
G0130_T2_graded_two_layer_fine_hot__AIP_FLINAK_2017_V10,S50MW_6H,2048,AIP_FLINAK_2017_V10,AIP_LIF_NAK_CARBONATE_RECIPROCAL_2017_V10,295.2545101998314,-1.8617372892150819,False,True,False,0.9703616004864895,0.019696071780387164,4096,AIP_FLINAK_2017_V10,294.3982460332376,-1.858800873845945,False,True,False,0.9675474661094303,0.019696071780387164,-0.2900088354329311,False,False
G0127_T1_homogeneous_none__AIP_FLINAK_2017_V10,S10MW_8H,2048,AIP_FLINAK_2017_V10,SOLAR_SALT_60_40_V10,65.57558689933954,-18.33355888375462,False,True,False,0.9674354112928036,0.0007098886126068181,4096,AIP_FLINAK_2017_V10,65.39978033727658,-18.249871641366322,False,True,False,0.9648417403594665,0.0007098886126068181,-0.26809758078540913,False,False
G0127_T1_homogeneous_none__AIP_FLINAK_2017_V10,S10MW_8H,2048,AIP_FLINAK_2017_V10,NREL_MGCL2_KCL_NACL_BASELINE_V10,54.66006208721663,-31.927521308986528,False,True,False,0.957415323136789,0.0027628000555324,4096,AIP_FLINAK_2017_V10,54.54405653163904,-31.819593282020076,False,True,False,0.9553833917368252,0.0027628000555324,-0.21223092537379085,False,False
G0127_T1_homogeneous_none__AIP_FLINAK_2017_V10,S10MW_8H,2048,AIP_FLINAK_2017_V10,AIP_FLINAK_2017_V10,80.29685878682794,0.0,True,True,True,0.9780921774425687,0.002578382334578204,4096,AIP_FLINAK_2017_V10,79.99960568914467,0.0,False,True,False,0.9744713517470528,0.002578382334578204,-0.3701926852112791,True,True
G0127_T1_homogeneous_none__AIP_FLINAK_2017_V10,S10MW_8H,2048,AIP_FLINAK_2017_V10,AIP_LINAK_CARBONATE_2017_V10,72.38915677013193,-9.848083892907155,False,True,False,0.9717036846185475,0.007551744114582163,4096,AIP_FLINAK_2017_V10,72.17042022092538,-9.786530071962163,False,True,False,0.9687675112977325,0.007551744114582163,-0.30216756067644734,False,False
G0127_T1_homogeneous_none__AIP_FLINAK_2017_V10,S10MW_8H,2048,AIP_FLINAK_2017_V10,AIP_LIF_NAK_CARBONATE_RECIPROCAL_2017_V10,78.59665778237142,-2.1173941672739782,False,True,False,0.9777904621544403,0.004086595035683366,4096,AIP_FLINAK_2017_V10,78.30923003437435,-2.1129799830997054,False,True,False,0.9742146852896243,0.004086595035683366,-0.3656997079862334,False,False
G0011_T1_homogeneous_none__SOLAR_SALT_60_40_V10,S10MW_8H,2048,SOLAR_SALT_60_40_V10,SOLAR_SALT_60_40_V10,80.16507460870987,0.0,True,True,True,0.9627035963130262,0.0009480418939246218,4096,SOLAR_SALT_60_40_V10,79.97468386065044,0.0,False,True,False,0.9604171909331749,0.0009480418939246218,-0.23749837318649547,True,True
G0011_T1_homogeneous_none__SOLAR_SALT_60_40_V10,S10MW_8H,2048,SOLAR_SALT_60_40_V10,NREL_MGCL2_KCL_NACL_BASELINE_V10,68.96217351653773,-13.974790327151965,False,True,False,0.9536081823969912,0.003693765089916831,4096,SOLAR_SALT_60_40_V10,68.8268338110562,-13.939223653598287,False,True,False,0.9517367064273508,0.003693765089916831,-0.19625208803645267,False,False
G0011_T1_homogeneous_none__SOLAR_SALT_60_40_V10,S10MW_8H,2048,SOLAR_SALT_60_40_V10,AIP_FLINAK_2017_V10,95.25565163675675,18.82437844872573,True,True,True,0.9726510313886578,0.0034511131384332232,4096,SOLAR_SALT_60_40_V10,94.96190216863074,18.739953175800416,True,True,True,0.9696515692230725,0.0034511131384332232,-0.30838009407166966,False,False
G0011_T1_homogeneous_none__SOLAR_SALT_60_40_V10,S10MW_8H,2048,SOLAR_SALT_60_40_V10,AIP_LINAK_CARBONATE_2017_V10,87.13215243064288,8.690914161734021,True,True,True,0.9665286594111027,0.010109978852161097,4096,SOLAR_SALT_60_40_V10,86.9047285206571,8.665297973645902,True,True,True,0.9640059198631321,0.010109978852161097,-0.26101032011897063,False,False
G0011_T1_homogeneous_none__SOLAR_SALT_60_40_V10,S10MW_8H,2048,SOLAR_SALT_60_40_V10,AIP_LIF_NAK_CARBONATE_RECIPROCAL_2017_V10,93.52549084261312,16.66613085451012,True,True,True,0.9724151421752986,0.005470537338372808,4096,SOLAR_SALT_60_40_V10,93.23953680695571,16.58631495113907,True,True,True,0.969441984464666,0.005470537338372808,-0.3057498368424727,False,False
G0126_T1_homogeneous_none__AIP_FLINAK_2017_V10,S50MW_6H,2048,AIP_FLINAK_2017_V10,SOLAR_SALT_60_40_V10,247.83039277016442,-17.608081556564038,False,True,False,0.954877793490701,0.0011142878443417313,4096,AIP_FLINAK_2017_V10,247.32505903461916,-17.556155873354783,False,True,False,0.9529307685234228,0.0011142878443417313,-0.2039030523644847,False,False
G0126_T1_homogeneous_none__AIP_FLINAK_2017_V10,S50MW_6H,2048,AIP_FLINAK_2017_V10,NREL_MGCL2_KCL_NACL_BASELINE_V10,208.46379284649333,-30.695619586310308,False,True,False,0.9432427399544656,0.0043115632115927685,4096,AIP_FLINAK_2017_V10,208.11783144857324,-30.625573797922712,False,True,False,0.9416773574367785,0.0043115632115927685,-0.16595754744558322,False,False
G0126_T1_homogeneous_none__AIP_FLINAK_2017_V10,S50MW_6H,2048,AIP_FLINAK_2017_V10,AIP_FLINAK_2017_V10,300.79454083874253,0.0,True,True,True,0.966795404617121,0.003999840269965134,4096,AIP_FLINAK_2017_V10,299.9921481762707,0.0,False,True,False,0.964216403227624,0.003999840269965134,-0.26675772114561624,True,True
G0126_T1_homogeneous_none__AIP_FLINAK_2017_V10,S50MW_6H,2048,AIP_FLINAK_2017_V10,AIP_LINAK_CARBONATE_2017_V10,272.27289776017363,-9.48210130377981,False,True,False,0.9595845567535116,0.011702026155409348,4096,AIP_FLINAK_2017_V10,271.6600696722168,-9.444273350583288,False,True,False,0.9574247370506115,0.011702026155409348,-0.2250786225871826,False,False
G0126_T1_homogeneous_none__AIP_FLINAK_2017_V10,S50MW_6H,2048,AIP_FLINAK_2017_V10,AIP_LIF_NAK_CARBONATE_RECIPROCAL_2017_V10,294.7177333933489,-2.020251906317483,False,True,False,0.9664469629473037,0.006335171117607147,4096,AIP_FLINAK_2017_V10,293.93917806613007,-2.017709512378296,False,True,False,0.9638939016746967,0.006335171117607147,-0.26416982726307214,False,False
G0184_T1_homogeneous_none__AIP_FLINAK_2017_V10,S10MW_8H,2048,AIP_FLINAK_2017_V10,SOLAR_SALT_60_40_V10,64.74163769130237,-19.345611348483637,False,True,False,0.9674324526351269,0.0005827050078488901,4096,AIP_FLINAK_2017_V10,64.56713647946214,-19.256694519473307,False,True,False,0.9648248859843828,0.0005827050078488901,-0.26953475083884015,False,False
G0184_T1_homogeneous_none__AIP_FLINAK_2017_V10,S10MW_8H,2048,AIP_FLINAK_2017_V10,NREL_MGCL2_KCL_NACL_BASELINE_V10,53.22963620107313,-33.68713058494439,False,True,False,0.9567122911631213,0.002264280316252918,4096,AIP_FLINAK_2017_V10,53.11776549117777,-33.57450555575772,False,True,False,0.9547016051840976,0.002264280316252918,-0.21016621168097327,False,False
G0184_T1_homogeneous_none__AIP_FLINAK_2017_V10,S10MW_8H,2048,AIP_FLINAK_2017_V10,AIP_FLINAK_2017_V10,80.27044625064576,0.0,True,True,True,0.978606782755764,0.0021097691513398804,4096,AIP_FLINAK_2017_V10,79.96593165861181,0.0,False,True,False,0.9748943324190357,0.0021097691513398804,-0.37936078128070205,True,True
G0184_T1_homogeneous_none__AIP_FLINAK_2017_V10,S10MW_8H,2048,AIP_FLINAK_2017_V10,AIP_LINAK_CARBONATE_2017_V10,71.9328354294345,-10.386899800179172,False,True,False,0.9719771340486826,0.0061774089770621834,4096,AIP_FLINAK_2017_V10,71.71252906956117,-10.321148541463653,False,True,False,0.9690002912340762,0.0061774089770621834,-0.3062667536433361,False,False
G0184_T1_homogeneous_none__AIP_FLINAK_2017_V10,S10MW_8H,2048,AIP_FLINAK_2017_V10,AIP_LIF_NAK_CARBONATE_RECIPROCAL_2017_V10,78.4738950751125,-2.238122820350974,False,True,False,0.9782705499983532,0.0033432550771156284,4096,AIP_FLINAK_2017_V10,78.18019191792001,-2.2331256619574247,False,True,False,0.9746091903978397,0.0033432550771156284,-0.37426861112394016,False,False
G0045_T1_homogeneous_none__AIP_FLINAK_2017_V10,S50MW_6H,2048,AIP_FLINAK_2017_V10,SOLAR_SALT_60_40_V10,253.78616601083516,-15.634692078935487,False,True,False,0.9575164767014473,0.0015792487711522407,4096,AIP_FLINAK_2017_V10,253.24481588336377,-15.584751466333824,False,True,False,0.9554740026183794,0.0015792487711522407,-0.2133095495237769,False,False
G0045_T1_homogeneous_none__AIP_FLINAK_2017_V10,S50MW_6H,2048,AIP_FLINAK_2017_V10,NREL_MGCL2_KCL_NACL_BASELINE_V10,218.84069734565622,-27.251500318427404,False,True,False,0.9477973998422735,0.006140727052234742,4096,AIP_FLINAK_2017_V10,218.45203782403348,-27.182386730100717,False,True,False,0.946114118402916,0.006140727052234742,-0.17759928858609442,False,False
G0045_T1_homogeneous_none__AIP_FLINAK_2017_V10,S50MW_6H,2048,AIP_FLINAK_2017_V10,AIP_FLINAK_2017_V10,300.81815886725315,0.0,True,True,True,0.9679935108523005,0.005725575077527964,4096,AIP_FLINAK_2017_V10,299.9988986378043,0.0,False,True,False,0.9653572385315334,0.005725575077527964,-0.27234400760041133,True,True
G0045_T1_homogeneous_none__AIP_FLINAK_2017_V10,S50MW_6H,2048,AIP_FLINAK_2017_V10,AIP_LINAK_CARBONATE_2017_V10,275.4679292628245,-8.427094195339235,False,True,False,0.9615151926035889,0.016766607062441274,4096,AIP_FLINAK_2017_V10,274.8262583484889,-8.390910901211978,False,True,False,0.9592754533554062,0.016766607062441274,-0.23293851885144434,False,False
G0045_T1_homogeneous_none__AIP_FLINAK_2017_V10,S50MW_6H,2048,AIP_FLINAK_2017_V10,AIP_LIF_NAK_CARBONATE_RECIPROCAL_2017_V10,295.4421244374976,-1.7871376016658225,False,True,False,0.967738595755106,0.009073766168159442,4096,AIP_FLINAK_2017_V10,294.6439159644487,-1.7850007775597865,False,True,False,0.9651240154940857,0.009073766168159442,-0.2701742260243556,False,False
G0225_T1_homogeneous_none__SOLAR_SALT_60_40_V10,S10MW_8H,2048,SOLAR_SALT_60_40_V10,SOLAR_SALT_60_40_V10,80.18841707853305,0.0,True,True,True,0.963299546008663,0.0003871833993487205,4096,SOLAR_SALT_60_40_V10,79.99597006289409,0.0,False,True,False,0.9609876893895932,0.0003871833993487205,-0.23999353354299258,True,True
G0225_T1_homogeneous_none__SOLAR_SALT_60_40_V10,S10MW_8H,2048,SOLAR_SALT_60_40_V10,NREL_MGCL2_KCL_NACL_BASELINE_V10,69.49192592856546,-13.339197280190618,False,True,False,0.954634755510188,0.0015151579519157605,4096,SOLAR_SALT_60_40_V10,69.35327631274174,-13.30403736811354,False,True,False,0.9527300775158045,0.0015151579519157605,-0.1995190289678428,False,False
G0225_T1_homogeneous_none__SOLAR_SALT_60_40_V10,S10MW_8H,2048,SOLAR_SALT_60_40_V10,AIP_FLINAK_2017_V10,94.61316332269647,17.988565892298936,True,True,True,0.9730712803124715,0.0014219170356318512,4096,SOLAR_SALT_60_40_V10,94.31906567145215,17.904771449483036,True,True,True,0.9700465640046876,0.0014219170356318512,-0.3108422136159139,False,False
G0225_T1_homogeneous_none__SOLAR_SALT_60_40_V10,S10MW_8H,2048,SOLAR_SALT_60_40_V10,AIP_LINAK_CARBONATE_2017_V10,86.84511357131001,8.301319236988647,True,True,True,0.9670354741265046,0.004168893433165264,4096,SOLAR_SALT_60_40_V10,86.61632029352107,8.275854677956861,True,True,True,0.9644878211064887,0.004168893433165264,-0.26344979974155525,False,False
G0225_T1_homogeneous_none__SOLAR_SALT_60_40_V10,S10MW_8H,2048,SOLAR_SALT_60_40_V10,AIP_LIF_NAK_CARBONATE_RECIPROCAL_2017_V10,92.96596572617051,15.934406879641582,True,True,True,0.9728865325892989,0.002255098789917576,4096,SOLAR_SALT_60_40_V10,92.67905778621869,15.854658320104086,True,True,True,0.9698840480919698,0.002255098789917576,-0.30861610236685433,False,False
G0024_T1_homogeneous_none__SOLAR_SALT_60_40_V10,S50MW_6H,2048,SOLAR_SALT_60_40_V10,SOLAR_SALT_60_40_V10,300.4685266911391,0.0,True,True,True,0.9432136537682582,0.001116604012575925,4096,SOLAR_SALT_60_40_V10,299.9688724561264,0.0,False,True,False,0.9416451677047858,0.001116604012575925,-0.16629170466373466,True,True
G0024_T1_homogeneous_none__SOLAR_SALT_60_40_V10,S50MW_6H,2048,SOLAR_SALT_60_40_V10,NREL_MGCL2_KCL_NACL_BASELINE_V10,259.5609805068686,-13.614586071545743,False,True,False,0.9314448596973101,0.0043200658803814835,4096,SOLAR_SALT_60_40_V10,259.19701894998775,-13.592028123552048,False,True,False,0.9301387692340128,0.0043200658803814835,-0.14022198412492193,False,False
G0024_T1_homogeneous_none__SOLAR_SALT_60_40_V10,S50MW_6H,2048,SOLAR_SALT_60_40_V10,AIP_FLINAK_2017_V10,355.424529770895,18.290103021754046,True,True,True,0.9555397662504632,0.00400728794195588,4096,SOLAR_SALT_60_40_V10,354.6889654240915,18.241923743593922,True,True,True,0.9535622409950741,0.00400728794195588,-0.20695373706413056,False,False
G0024_T1_homogeneous_none__SOLAR_SALT_60_40_V10,S50MW_6H,2048,SOLAR_SALT_60_40_V10,AIP_LINAK_CARBONATE_2017_V10,325.68289944582136,8.391685156629025,True,True,True,0.9478245559670364,0.01172357491644263,4096,SOLAR_SALT_60_40_V10,325.0985902866924,8.377441840816836,True,True,True,0.9461240596553134,0.01172357491644263,-0.17941045112384035,False,False
G0024_T1_homogeneous_none__SOLAR_SALT_60_40_V10,S50MW_6H,2048,SOLAR_SALT_60_40_V10,AIP_LIF_NAK_CARBONATE_RECIPROCAL_2017_V10,349.19546121717605,16.21698454165379,True,True,True,0.9552119569278471,0.006346886500942428,4096,SOLAR_SALT_60_40_V10,348.4774881047918,16.17121645038697,True,True,True,0.9532479666190623,0.006346886500942428,-0.20560780196903217,False,False
G0212_T1_homogeneous_none__AIP_FLINAK_2017_V10,S10MW_8H,2048,AIP_FLINAK_2017_V10,SOLAR_SALT_60_40_V10,65.74222840933022,-18.11469792643795,False,True,False,0.9675990125803333,0.00041975104707419323,4096,AIP_FLINAK_2017_V10,65.56553739518665,-18.0303984805133,False,True,False,0.9649984610786007,0.00041975104707419323,-0.26876334803170865,False,False
G0212_T1_homogeneous_none__AIP_FLINAK_2017_V10,S10MW_8H,2048,AIP_FLINAK_2017_V10,NREL_MGCL2_KCL_NACL_BASELINE_V10,54.963775369890556,-31.539811500698246,False,True,False,0.9577332228412039,0.0016385084690956554,4096,AIP_FLINAK_2017_V10,54.84649860955238,-31.431269926659134,False,True,False,0.955689697830646,0.0016385084690956554,-0.21337100581053647,False,False
G0212_T1_homogeneous_none__AIP_FLINAK_2017_V10,S10MW_8H,2048,AIP_FLINAK_2017_V10,AIP_FLINAK_2017_V10,80.28574938915213,0.0,True,True,True,0.9782330463955212,0.0015337954133488655,4096,AIP_FLINAK_2017_V10,79.98762489970102,0.0,False,True,False,0.9746005807370481,0.0015337954133488655,-0.37132927290256523,True,True
G0212_T1_homogeneous_none__AIP_FLINAK_2017_V10,S10MW_8H,2048,AIP_FLINAK_2017_V10,AIP_LINAK_CARBONATE_2017_V10,72.4725286488946,-9.731765350269272,False,True,False,0.9718512951955317,0.004494813299905322,4096,AIP_FLINAK_2017_V10,72.2529587228793,-9.669828534752046,False,True,False,0.9689068785874436,0.004494813299905322,-0.3029698702511685,False,False
G0212_T1_homogeneous_none__AIP_FLINAK_2017_V10,S10MW_8H,2048,AIP_FLINAK_2017_V10,AIP_LIF_NAK_CARBONATE_RECIPROCAL_2017_V10,78.60861068398694,-2.088961886668017,False,True,False,0.9779532449763535,0.002431830135594706,4096,AIP_FLINAK_2017_V10,78.32009570930268,-2.0847339728980674,False,True,False,0.974363890664381,0.002431830135594706,-0.3670271897363908,False,False
G0138_T2_graded_two_layer_fine_hot__AIP_FLINAK_2017_V10,S50MW_6H,2048,AIP_FLINAK_2017_V10,SOLAR_SALT_60_40_V10,246.14358406666776,-18.11081075997566,False,True,False,0.9449049891540129,0.000867373846116899,4096,AIP_FLINAK_2017_V10,245.72190767698194,-18.068817616513712,False,True,False,0.9432862424134331,0.000867373846116899,-0.17131317530973966,False,False
G0138_T2_graded_two_layer_fine_hot__AIP_FLINAK_2017_V10,S50MW_6H,2048,AIP_FLINAK_2017_V10,NREL_MGCL2_KCL_NACL_BASELINE_V10,205.64430434811823,-31.58446352054781,False,True,False,0.9310294302180774,0.003357486406004348,4096,AIP_FLINAK_2017_V10,205.3572583454421,-31.527623457201294,False,True,False,0.9297298645570439,0.003357486406004348,-0.13958373590071682,False,False
G0138_T2_graded_two_layer_fine_hot__AIP_FLINAK_2017_V10,S50MW_6H,2048,AIP_FLINAK_2017_V10,AIP_FLINAK_2017_V10,300.5812932708364,0.0,True,True,True,0.9587015210781831,0.0031160060936672525,4096,AIP_FLINAK_2017_V10,299.9125614065453,0.0,False,True,False,0.9565686063897376,0.0031160060936672525,-0.22247953524124897,True,True
G0138_T2_graded_two_layer_fine_hot__AIP_FLINAK_2017_V10,S50MW_6H,2048,AIP_FLINAK_2017_V10,AIP_LINAK_CARBONATE_2017_V10,271.2123990882878,-9.770699255088378,False,True,False,0.9503726500457671,0.009116949968180603,4096,AIP_FLINAK_2017_V10,270.70079535222965,-9.740094218567174,False,True,False,0.9485799067934477,0.009116949968180603,-0.18863582114163613,False,False
G0138_T2_graded_two_layer_fine_hot__AIP_FLINAK_2017_V10,S50MW_6H,2048,AIP_FLINAK_2017_V10,AIP_LIF_NAK_CARBONATE_RECIPROCAL_2017_V10,294.3611074969575,-2.0693855250247473,False,True,False,0.9582679669884091,0.004935536518053922,4096,AIP_FLINAK_2017_V10,293.71273534282545,-2.0672112013726873,False,True,False,0.956157245666305,0.004935536518053922,-0.2202642052971493,False,False
G0225_T1_homogeneous_none__AIP_FLINAK_2017_V10,S10MW_8H,2048,AIP_FLINAK_2017_V10,SOLAR_SALT_60_40_V10,67.93701576204946,-15.289590034327771,False,True,False,0.9597945887911992,0.00045624296160851665,4096,AIP_FLINAK_2017_V10,67.78563393885369,-15.235700846066202,False,True,False,0.9576559100000444,0.00045624296160851665,-0.22282671898038453,False,False
G0225_T1_homogeneous_none__AIP_FLINAK_2017_V10,S10MW_8H,2048,AIP_FLINAK_2017_V10,NREL_MGCL2_KCL_NACL_BASELINE_V10,58.840669524629675,-26.631790016446676,False,True,False,0.9506105187920899,0.001783919985371278,4096,AIP_FLINAK_2017_V10,58.73122108569237,-26.55802557996052,False,True,False,0.9488423057829632,0.001783919985371278,-0.18600814678271238,False,False
G0225_T1_homogeneous_none__AIP_FLINAK_2017_V10,S10MW_8H,2048,AIP_FLINAK_2017_V10,AIP_FLINAK_2017_V10,80.19913466311877,0.0,True,True,True,0.9700293843910861,0.0016727301908876333,4096,AIP_FLINAK_2017_V10,79.96955630548365,0.0,False,True,False,0.9672525744683634,0.0016727301908876333,-0.2862603924586926,True,True
G0225_T1_homogeneous_none__AIP_FLINAK_2017_V10,S10MW_8H,2048,AIP_FLINAK_2017_V10,AIP_LINAK_CARBONATE_2017_V10,73.59203346730061,-8.23836968263022,False,True,False,0.9637179271521705,0.0049034874635939035,4096,AIP_FLINAK_2017_V10,73.4124934555481,-8.199448831362243,False,True,False,0.9613667769010514,0.0049034874635939035,-0.24396664053627504,False,False
G0225_T1_homogeneous_none__AIP_FLINAK_2017_V10,S10MW_8H,2048,AIP_FLINAK_2017_V10,AIP_LIF_NAK_CARBONATE_RECIPROCAL_2017_V10,78.80168192802853,-1.7424785703241352,False,True,False,0.969830436915535,0.0026526223017955676,4096,AIP_FLINAK_2017_V10,78.57765356832648,-1.740540777593036,False,True,False,0.9670732683290859,0.0026526223017955676,-0.2842938808167328,False,False
G0024_T1_homogeneous_none__AIP_FLINAK_2017_V10,S50MW_6H,2048,AIP_FLINAK_2017_V10,SOLAR_SALT_60_40_V10,253.8768163736971,-15.527301651927106,False,True,False,0.9384834831767325,0.0013237116738776466,4096,AIP_FLINAK_2017_V10,253.48449676116445,-15.495751576616923,False,True,False,0.9370332307206507,0.0013237116738776466,-0.15453148425934593,False,False
G0024_T1_homogeneous_none__AIP_FLINAK_2017_V10,S50MW_6H,2048,AIP_FLINAK_2017_V10,NREL_MGCL2_KCL_NACL_BASELINE_V10,219.11159686930313,-27.09476945834738,False,True,False,0.9259245665279233,0.005107169500902623,4096,AIP_FLINAK_2017_V10,218.82552287692374,-27.05003034567709,False,True,False,0.924715671420711,0.005107169500902623,-0.13056086326185268,False,False
G0024_T1_homogeneous_none__AIP_FLINAK_2017_V10,S50MW_6H,2048,AIP_FLINAK_2017_V10,AIP_FLINAK_2017_V10,300.54304093328267,0.0,True,True,True,0.9514819261691806,0.004723811246570132,4096,AIP_FLINAK_2017_V10,299.96657149254406,0.0,False,True,False,0.9496568955441214,0.004723811246570132,-0.19180927927943126,True,True
G0024_T1_homogeneous_none__AIP_FLINAK_2017_V10,S50MW_6H,2048,AIP_FLINAK_2017_V10,AIP_LINAK_CARBONATE_2017_V10,275.24962604043145,-8.415904362419123,False,True,False,0.9433052175336815,0.013812388480263471,4096,AIP_FLINAK_2017_V10,274.7897479496363,-8.3932097558856,False,True,False,0.9417291739665495,0.013812388480263471,-0.1670767359108427,False,False
G0024_T1_homogeneous_none__AIP_FLINAK_2017_V10,S50MW_6H,2048,AIP_FLINAK_2017_V10,AIP_LIF_NAK_CARBONATE_RECIPROCAL_2017_V10,295.2635275321335,-1.7566580096995743,False,True,False,0.9511159452648358,0.007479251271472375,4096,AIP_FLINAK_2017_V10,294.70054894062923,-1.7555364671845486,False,True,False,0.9493024537046088,0.007479251271472375,-0.19066987250667689,False,False
G0106_T1_homogeneous_none__AIP_FLINAK_2017_V10,S50MW_6H,2048,AIP_FLINAK_2017_V10,SOLAR_SALT_60_40_V10,248.89040388109777,-17.290947654376765,False,True,False,0.9617308982392212,0.001266912978963347,4096,AIP_FLINAK_2017_V10,248.30784559040077,-17.228010497236422,False,True,False,0.959479849988858,0.001266912978963347,-0.23406217419909003,False,False
G0106_T1_homogeneous_none__AIP_FLINAK_2017_V10,S50MW_6H,2048,AIP_FLINAK_2017_V10,NREL_MGCL2_KCL_NACL_BASELINE_V10,210.25577227864133,-30.1296658923366,False,True,False,0.9514982975262354,0.004921378036261244,4096,AIP_FLINAK_2017_V10,209.8569478656303,-30.045395688103604,False,True,False,0.9496934445803242,0.004921378036261244,-0.1896853573572721,False,False
G0106_T1_homogeneous_none__AIP_FLINAK_2017_V10,S50MW_6H,2048,AIP_FLINAK_2017_V10,AIP_FLINAK_2017_V10,300.9228093208451,0.0,True,True,True,0.9725270874148632,0.004584019979854185,4096,AIP_FLINAK_2017_V10,299.99018639283804,0.0,False,True,False,0.9695130219079047,0.004584019979854185,-0.3099209827636118,True,True
G0106_T1_homogeneous_none__AIP_FLINAK_2017_V10,S50MW_6H,2048,AIP_FLINAK_2017_V10,AIP_LINAK_CARBONATE_2017_V10,272.93484310261783,-9.30071279122826,False,True,False,0.9659859136619919,0.013421189378097772,4096,AIP_FLINAK_2017_V10,272.22664047392806,-9.254818050132329,False,True,False,0.9634794042124984,0.013421189378097772,-0.2594768116225832,False,False
G0106_T1_homogeneous_none__AIP_FLINAK_2017_V10,S50MW_6H,2048,AIP_FLINAK_2017_V10,AIP_LIF_NAK_CARBONATE_RECIPROCAL_2017_V10,294.93806294290846,-1.988797855318325,False,True,False,0.9722306325117462,0.007263808506874326,4096,AIP_FLINAK_2017_V10,294.03299509437346,-1.9857953922078009,False,True,False,0.9692471766699766,0.007263808506874326,-0.30686708914549055,False,False
G0184_T1_homogeneous_none__AIP_FLINAK_2017_V10,S50MW_6H,2048,AIP_FLINAK_2017_V10,SOLAR_SALT_60_40_V10,242.51134175594837,-19.414821641303813,False,True,False,0.9616961869253154,0.0007801828637632243,4096,AIP_FLINAK_2017_V10,241.93931769621628,-19.343469084547348,False,True,False,0.9594277843298297,0.0007801828637632243,-0.2358751782866042,False,False
G0184_T1_homogeneous_none__AIP_FLINAK_2017_V10,S50MW_6H,2048,AIP_FLINAK_2017_V10,NREL_MGCL2_KCL_NACL_BASELINE_V10,199.14473126171703,-33.82530659506173,False,True,False,0.949873004733765,0.00302027687914073,4096,AIP_FLINAK_2017_V10,198.77557279620405,-33.733184481388754,False,True,False,0.9481122066516962,0.00302027687914073,-0.18537194691223835,False,False
G0184_T1_homogeneous_none__AIP_FLINAK_2017_V10,S50MW_6H,2048,AIP_FLINAK_2017_V10,AIP_FLINAK_2017_V10,300.9378978805452,0.0,True,True,True,0.9736397497664869,0.0028033322098592484,4096,AIP_FLINAK_2017_V10,299.96246422974303,0.0,False,True,False,0.9704838794611197,0.0028033322098592484,-0.32413121035004266,True,True
G0184_T1_homogeneous_none__AIP_FLINAK_2017_V10,S50MW_6H,2048,AIP_FLINAK_2017_V10,AIP_LINAK_CARBONATE_2017_V10,269.5497009373804,-10.43012434267222,False,True,False,0.96657730069247,0.00820226890328087,4096,AIP_FLINAK_2017_V10,268.8332708998672,-10.37769622602973,False,True,False,0.9640082568041395,0.00820226890328087,-0.2657877322889801,False,False
G0184_T1_homogeneous_none__AIP_FLINAK_2017_V10,S50MW_6H,2048,AIP_FLINAK_2017_V10,AIP_LIF_NAK_CARBONATE_RECIPROCAL_2017_V10,294.1921177404999,-2.2415854525318024,False,True,False,0.9732707500576382,0.004440334615547571,4096,AIP_FLINAK_2017_V10,293.24992126211737,-2.2377943136526857,False,True,False,0.9701536975673812,0.004440334615547571,-0.32026571127021786,False,False
G0045_T1_homogeneous_none__SOLAR_SALT_60_40_V10,S50MW_6H,2048,SOLAR_SALT_60_40_V10,SOLAR_SALT_60_40_V10,300.64858431288485,0.0,True,True,True,0.9611838359542504,0.0013328610118803722,4096,SOLAR_SALT_60_40_V10,299.9581324761921,0.0,False,True,False,0.9589764377506275,0.0013328610118803722,-0.22965411204937114,True,True
G0045_T1_homogeneous_none__SOLAR_SALT_60_40_V10,S50MW_6H,2048,SOLAR_SALT_60_40_V10,NREL_MGCL2_KCL_NACL_BASELINE_V10,259.4158007732366,-13.71461090824141,False,True,False,0.9520348193770748,0.005191362764076728,4096,SOLAR_SALT_60_40_V10,258.9209500843031,-13.680970091766431,False,True,False,0.9502187577306632,0.005191362764076728,-0.19075580109556567,False,False
G0045_T1_homogeneous_none__SOLAR_SALT_60_40_V10,S50MW_6H,2048,SOLAR_SALT_60_40_V10,AIP_FLINAK_2017_V10,356.17537288073055,18.46900050926532,True,True,True,0.9711834415083582,0.004848677613780684,4096,SOLAR_SALT_60_40_V10,355.12208428324817,18.390550491720536,True,True,True,0.9683114393350161,0.004848677613780684,-0.29572190490415595,False,False
G0045_T1_homogeneous_none__SOLAR_SALT_60_40_V10,S50MW_6H,2048,SOLAR_SALT_60_40_V10,AIP_LINAK_CARBONATE_2017_V10,326.2698149816058,8.521986134502125,True,True,True,0.9650081640705472,0.014203225174554326,4096,SOLAR_SALT_60_40_V10,325.4487906560634,8.498072037401606,True,True,True,0.9625798205932518,0.014203225174554326,-0.251639682202498,False,False
G0045_T1_homogeneous_none__SOLAR_SALT_60_40_V10,S50MW_6H,2048,SOLAR_SALT_60_40_V10,AIP_LIF_NAK_CARBONATE_RECIPROCAL_2017_V10,349.817903671224,16.354415727821504,True,True,True,0.9709495435640874,0.007685588220588671,4096,SOLAR_SALT_60_40_V10,348.79178237031186,16.280155330676283,True,True,True,0.9681014560353873,0.007685588220588671,-0.29333012694413574,False,False
G0225_T1_homogeneous_none__SOLAR_SALT_60_40_V10,S50MW_6H,2048,SOLAR_SALT_60_40_V10,SOLAR_SALT_60_40_V10,300.62647854780437,0.0,True,True,True,0.9570866752181767,0.0005149237735084622,4096,SOLAR_SALT_60_40_V10,299.9913499864163,0.0,False,True,False,0.9550646541171368,0.0005149237735084622,-0.2112683368597712,True,True
G0225_T1_homogeneous_none__SOLAR_SALT_60_40_V10,S50MW_6H,2048,SOLAR_SALT_60_40_V10,NREL_MGCL2_KCL_NACL_BASELINE_V10,260.25382584185326,-13.429506576058714,False,True,False,0.9474893594331532,0.0020119469906831914,4096,SOLAR_SALT_60_40_V10,259.794411825147,-13.399365736075207,False,True,False,0.9458168003804838,0.0020119469906831914,-0.17652536527376084,False,False
G0225_T1_homogeneous_none__SOLAR_SALT_60_40_V10,S50MW_6H,2048,SOLAR_SALT_60_40_V10,AIP_FLINAK_2017_V10,355.0348225642827,18.098320640051856,True,True,True,0.9676947136919218,0.0018852013417894045,4096,SOLAR_SALT_60_40_V10,354.07698853934784,18.02906602319718,True,True,True,0.9650840094352826,0.0018852013417894045,-0.26978593762064795,False,False
G0225_T1_homogeneous_none__SOLAR_SALT_60_40_V10,S50MW_6H,2048,SOLAR_SALT_60_40_V10,AIP_LINAK_CARBONATE_2017_V10,325.70395872116455,8.341740319914127,True,True,True,0.9611571050839126,0.00552560586414087,4096,SOLAR_SALT_60_40_V10,324.952131356726,8.320500364907168,True,True,True,0.9589384516295182,0.00552560586414087,-0.23083150950652387,False,False
G0225_T1_homogeneous_none__SOLAR_SALT_60_40_V10,S50MW_6H,2048,SOLAR_SALT_60_40_V10,AIP_LIF_NAK_CARBONATE_RECIPROCAL_2017_V10,348.8437524149985,16.03893113477921,True,True,True,0.9674833086607434,0.0029893164546495464,4096,SOLAR_SALT_60_40_V10,347.90882754435665,15.972953073516983,True,True,True,0.9648903879019914,0.0029893164546495464,-0.26800676926832523,False,False
G0174_T1_homogeneous_none__AIP_FLINAK_2017_V10,S10MW_8H,2048,AIP_FLINAK_2017_V10,SOLAR_SALT_60_40_V10,66.76272950573713,-16.80805924254185,False,True,False,0.9677642716555662,0.00074101537659585,4096,AIP_FLINAK_2017_V10,66.58372243966772,-16.730558118565263,False,True,False,0.9651694609850262,0.00074101537659585,-0.26812424745759067,False,False
G0174_T1_homogeneous_none__AIP_FLINAK_2017_V10,S10MW_8H,2048,AIP_FLINAK_2017_V10,NREL_MGCL2_KCL_NACL_BASELINE_V10,56.76172978325444,-29.27014074501605,False,True,False,0.958781876011808,0.002892752773018725,4096,AIP_FLINAK_2017_V10,56.638635264151645,-29.16786003297549,False,True,False,0.9567026442053987,0.002892752773018725,-0.21686181794111636,False,False
G0174_T1_homogeneous_none__AIP_FLINAK_2017_V10,S10MW_8H,2048,AIP_FLINAK_2017_V10,AIP_FLINAK_2017_V10,80.25143889884772,0.0,True,True,True,0.9776640386010134,0.002708056123967294,4096,AIP_FLINAK_2017_V10,79.96177341319834,0.0,False,True,False,0.9741351856305358,0.002708056123967294,-0.3609474043381189,True,True
G0174_T1_homogeneous_none__AIP_FLINAK_2017_V10,S10MW_8H,2048,AIP_FLINAK_2017_V10,AIP_LINAK_CARBONATE_2017_V10,73.00021059675359,-9.035636496479382,False,True,False,0.9716361641181944,0.00793609718771951,4096,AIP_FLINAK_2017_V10,72.78199040311652,-8.979019228326345,False,True,False,0.968731643293592,0.00793609718771951,-0.2989309097236603,False,False
G0174_T1_homogeneous_none__AIP_FLINAK_2017_V10,S10MW_8H,2048,AIP_FLINAK_2017_V10,AIP_LIF_NAK_CARBONATE_RECIPROCAL_2017_V10,78.69878894772586,-1.9347316041010698,False,True,False,0.9774212682185097,0.004293649827596633,4096,AIP_FLINAK_2017_V10,78.41764331354644,-1.931085359591389,False,True,False,0.9739295026400547,0.004293649827596633,-0.35724264367800185,False,False
G0197_T1_homogeneous_none__AIP_FLINAK_2017_V10,S50MW_6H,2048,AIP_FLINAK_2017_V10,SOLAR_SALT_60_40_V10,242.69925909875505,-19.31192552564568,False,True,False,0.9534822164930171,0.0006383162109794702,4096,AIP_FLINAK_2017_V10,242.21549330394555,-19.256206324756175,False,True,False,0.951581666470692,0.0006383162109794702,-0.19932726478273377,False,False
G0197_T1_homogeneous_none__AIP_FLINAK_2017_V10,S50MW_6H,2048,AIP_FLINAK_2017_V10,NREL_MGCL2_KCL_NACL_BASELINE_V10,199.53799968736413,-33.66136740991678,False,True,False,0.9401461950655485,0.002463143692195751,4096,AIP_FLINAK_2017_V10,199.22100536823714,-33.58864235393008,False,True,False,0.9386526399359413,0.002463143692195751,-0.1588641359659082,False,False
G0197_T1_homogeneous_none__AIP_FLINAK_2017_V10,S50MW_6H,2048,AIP_FLINAK_2017_V10,AIP_FLINAK_2017_V10,300.787025443139,0.0,True,True,True,0.9666536530277914,0.0022786185264412275,4096,AIP_FLINAK_2017_V10,299.9803232904193,0.0,False,True,False,0.9640611157277431,0.0022786185264412275,-0.26819712437105014,True,True
G0197_T1_homogeneous_none__AIP_FLINAK_2017_V10,S50MW_6H,2048,AIP_FLINAK_2017_V10,AIP_LINAK_CARBONATE_2017_V10,269.5375053812261,-10.38925133684675,False,True,False,0.9588570950507894,0.006662863345075437,4096,AIP_FLINAK_2017_V10,268.9361534088229,-10.34873539073482,False,True,False,0.9567178357868661,0.006662863345075437,-0.2231051191011968,False,False
G0197_T1_homogeneous_none__AIP_FLINAK_2017_V10,S50MW_6H,2048,AIP_FLINAK_2017_V10,AIP_LIF_NAK_CARBONATE_RECIPROCAL_2017_V10,294.1080446912917,-2.220501613062398,False,True,False,0.9662393602231317,0.003607823560334603,4096,AIP_FLINAK_2017_V10,293.32947724250465,-2.217094099693917,False,True,False,0.9636815161682502,0.003607823560334603,-0.2647215752307197,False,False
G0161_T1_homogeneous_none__SOLAR_SALT_60_40_V10,S10MW_8H,2048,SOLAR_SALT_60_40_V10,SOLAR_SALT_60_40_V10,80.1859288396814,0.0,True,True,True,0.9646844929975374,0.0005989960380212372,4096,SOLAR_SALT_60_40_V10,79.98738048524238,0.0,False,True,False,0.9622958380126903,0.0005989960380212372,-0.2476099701182899,True,True
G0161_T1_homogeneous_none__SOLAR_SALT_60_40_V10,S10MW_8H,2048,SOLAR_SALT_60_40_V10,NREL_MGCL2_KCL_NACL_BASELINE_V10,69.43151034284269,-13.411852493896282,False,True,False,0.956186593490324,0.002341710745879133,4096,SOLAR_SALT_60_40_V10,69.28894639190678,-13.375152465843609,False,True,False,0.9542232523801158,0.002341710745879133,-0.205330332340381,False,False
G0161_T1_homogeneous_none__SOLAR_SALT_60_40_V10,S10MW_8H,2048,SOLAR_SALT_60_40_V10,AIP_FLINAK_2017_V10,94.685611970752,18.08257800450295,True,True,True,0.9742451344834289,0.0021953970080072767,4096,SOLAR_SALT_60_40_V10,94.38108086316919,17.99496406884138,True,True,True,0.971111733920384,0.0021953970080072767,-0.3216234243454963,False,False
G0161_T1_homogeneous_none__SOLAR_SALT_60_40_V10,S10MW_8H,2048,SOLAR_SALT_60_40_V10,AIP_LINAK_CARBONATE_2017_V10,86.8799151931728,8.348081079006931,True,True,True,0.9683383023666828,0.0064354543563105,4096,SOLAR_SALT_60_40_V10,86.64352528174472,8.321493660778634,True,True,True,0.9657035690681992,0.0064354543563105,-0.2720881010328968,False,False
G0161_T1_homogeneous_none__SOLAR_SALT_60_40_V10,S10MW_8H,2048,SOLAR_SALT_60_40_V10,AIP_LIF_NAK_CARBONATE_RECIPROCAL_2017_V10,93.02636413105384,16.013327371994144,True,True,True,0.9740515389833381,0.0034814046644778837,4096,SOLAR_SALT_60_40_V10,92.72950250355926,15.930165409864605,True,True,True,0.9709431887019186,0.0034814046644778837,-0.31911558649799776,False,False
G0045_T1_homogeneous_none__SOLAR_SALT_60_40_V10,S10MW_8H,2048,SOLAR_SALT_60_40_V10,SOLAR_SALT_60_40_V10,80.20454416227129,0.0,True,True,True,0.9669813561450714,0.0009997897515677497,4096,SOLAR_SALT_60_40_V10,79.99487294011598,0.0,False,True,False,0.9644534674217825,0.0009997897515677497,-0.2614206269049957,True,True
G0045_T1_homogeneous_none__SOLAR_SALT_60_40_V10,S10MW_8H,2048,SOLAR_SALT_60_40_V10,NREL_MGCL2_KCL_NACL_BASELINE_V10,69.27055106622576,-13.63263542016232,False,True,False,0.9586870927312477,0.0039030573041134867,4096,SOLAR_SALT_60_40_V10,69.12124375148312,-13.592907631433881,False,True,False,0.9566207168573603,0.0039030573041134867,-0.2155422649949723,False,False
G0045_T1_homogeneous_none__SOLAR_SALT_60_40_V10,S10MW_8H,2048,SOLAR_SALT_60_40_V10,AIP_FLINAK_2017_V10,94.94394311240218,18.377261667755217,True,True,True,0.9762846843095545,0.003653958381389808,4096,SOLAR_SALT_60_40_V10,94.61896136397885,18.28128214518252,True,True,True,0.9729429787381919,0.003653958381389808,-0.3422880257233363,False,False
G0045_T1_homogeneous_none__SOLAR_SALT_60_40_V10,S10MW_8H,2048,SOLAR_SALT_60_40_V10,AIP_LINAK_CARBONATE_2017_V10,87.01335606243468,8.489309391731826,True,True,True,0.9705364278030515,0.010708168305826748,4096,SOLAR_SALT_60_40_V10,86.76265716047348,8.460272479492348,True,True,True,0.9677401626344148,0.010708168305826748,-0.2881154265344188,False,False
G0045_T1_homogeneous_none__SOLAR_SALT_60_40_V10,S10MW_8H,2048,SOLAR_SALT_60_40_V10,AIP_LIF_NAK_CARBONATE_RECIPROCAL_2017_V10,93.25195975912392,16.267676268385568,True,True,True,0.9760777813425372,0.00579340606112603,4096,SOLAR_SALT_60_40_V10,92.935541003943,16.176871827166206,True,True,True,0.9727657939341232,0.00579340606112603,-0.33931593073029953,False,False
