design_id,power_MW,energy_to_power_h,n_cells,predicted_count,observed_count,power_lower_count,count_error,installed_energy_MWh
UG0001_T2_graded_two_layer_fine_hot__AIP_FLINAK_2017_V10,0.75,60.0,4096,16,16,6,0,45.978698590915926
UG0001_T3_graded_two_layer_coarse_hot__AIP_FLINAK_2017_V10,0.1,60.0,4096,3,3,1,0,8.629173954172387
UG0001_T1_homogeneous_none__AIP_FLINAK_2017_V10,0.75,60.0,2048,16,16,6,0,45.97444613109159
UG0001_T3_graded_two_layer_coarse_hot__SOLAR_SALT_60_40_V10,0.1,60.0,2048,3,3,1,0,6.921059140459514
UG0001_T2_graded_two_layer_fine_hot__AIP_FLINAK_2017_V10,0.1,60.0,4096,3,3,1,0,8.632729179635502
UG0001_T1_homogeneous_none__AIP_FLINAK_2017_V10,0.1,60.0,2048,3,3,1,0,8.627972699970606
UG0001_T3_graded_two_layer_coarse_hot__AIP_FLINAK_2017_V10,0.75,30.0,4096,8,8,6,0,22.901195286176318
UG0001_T3_graded_two_layer_coarse_hot__SOLAR_SALT_60_40_V10,0.75,30.0,4096,10,10,6,0,22.970867325290925
UG0001_T2_graded_two_layer_fine_hot__SOLAR_SALT_60_40_V10,0.1,30.0,2048,2,2,1,0,4.606364081719238
UG0001_T3_graded_two_layer_coarse_hot__AIP_FLINAK_2017_V10,0.75,30.0,2048,8,8,6,0,22.88170280827278
UG0001_T3_graded_two_layer_coarse_hot__SOLAR_SALT_60_40_V10,0.1,60.0,4096,3,3,1,0,6.927343767072249
UG0001_T2_graded_two_layer_fine_hot__SOLAR_SALT_60_40_V10,0.1,60.0,2048,3,3,1,0,6.9252439609875545
UG0001_T3_graded_two_layer_coarse_hot__AIP_FLINAK_2017_V10,0.75,60.0,2048,16,16,6,0,45.90895192504173
UG0001_T2_graded_two_layer_fine_hot__AIP_FLINAK_2017_V10,0.75,60.0,2048,16,16,6,0,45.942854982536474
UG0001_T2_graded_two_layer_fine_hot__SOLAR_SALT_60_40_V10,0.1,30.0,4096,2,2,1,0,4.608155618349264
UG0001_T2_graded_two_layer_fine_hot__AIP_FLINAK_2017_V10,0.1,30.0,2048,2,2,1,0,5.741447405736491
UG0001_T3_graded_two_layer_coarse_hot__SOLAR_SALT_60_40_V10,0.1,30.0,4096,2,2,1,0,4.607265646126765
UG0001_T1_homogeneous_none__AIP_FLINAK_2017_V10,0.75,30.0,4096,8,8,6,0,22.944455648240755
UG0001_T1_homogeneous_none__SOLAR_SALT_60_40_V10,0.1,30.0,2048,2,2,1,0,4.61225881555767
UG0001_T1_homogeneous_none__SOLAR_SALT_60_40_V10,0.75,60.0,4096,20,20,6,0,46.22241721342368
UG0001_T2_graded_two_layer_fine_hot__SOLAR_SALT_60_40_V10,0.1,60.0,4096,3,3,1,0,6.929036362415193
UG0001_T1_homogeneous_none__AIP_FLINAK_2017_V10,0.75,30.0,2048,8,8,6,0,22.927803345140546
UG0001_T1_homogeneous_none__SOLAR_SALT_60_40_V10,0.75,60.0,2048,20,20,6,0,46.187437853568625
UG0001_T1_homogeneous_none__AIP_FLINAK_2017_V10,0.1,30.0,2048,2,2,1,0,5.7456808109021145
UG0001_T1_homogeneous_none__SOLAR_SALT_60_40_V10,0.1,60.0,4096,3,3,1,0,6.937362737177789
UG0001_T3_graded_two_layer_coarse_hot__SOLAR_SALT_60_40_V10,0.75,30.0,2048,10,10,6,0,22.95733909673715
UG0001_T2_graded_two_layer_fine_hot__AIP_FLINAK_2017_V10,0.75,30.0,2048,8,8,6,0,22.89766298748511
UG0001_T2_graded_two_layer_fine_hot__SOLAR_SALT_60_40_V10,0.75,30.0,4096,10,10,6,0,22.97429541619411
UG0001_T3_graded_two_layer_coarse_hot__SOLAR_SALT_60_40_V10,0.75,60.0,4096,20,20,6,0,46.152490669700434
UG0001_T3_graded_two_layer_coarse_hot__AIP_FLINAK_2017_V10,0.1,30.0,4096,2,2,1,0,5.7436026049648214
UG0001_T3_graded_two_layer_coarse_hot__SOLAR_SALT_60_40_V10,0.75,60.0,2048,20,20,6,0,46.113001075916344
UG0001_T2_graded_two_layer_fine_hot__SOLAR_SALT_60_40_V10,0.75,60.0,2048,20,20,6,0,46.14016409160456
UG0001_T1_homogeneous_none__SOLAR_SALT_60_40_V10,0.1,60.0,2048,3,3,1,0,6.931663318449699
UG0001_T1_homogeneous_none__SOLAR_SALT_60_40_V10,0.75,30.0,4096,10,10,6,0,23.016889414345265
UG0001_T2_graded_two_layer_fine_hot__AIP_FLINAK_2017_V10,0.1,60.0,2048,3,3,1,0,8.62401504231635
UG0001_T1_homogeneous_none__AIP_FLINAK_2017_V10,0.75,60.0,4096,16,16,6,0,46.026688789193386
UG0001_T2_graded_two_layer_fine_hot__AIP_FLINAK_2017_V10,0.1,30.0,4096,2,2,1,0,5.745701853626219
UG0001_T3_graded_two_layer_coarse_hot__SOLAR_SALT_60_40_V10,0.1,30.0,2048,2,2,1,0,4.603869690338493
UG0001_T1_homogeneous_none__AIP_FLINAK_2017_V10,0.1,60.0,4096,3,3,1,0,8.639725213946459
UG0001_T2_graded_two_layer_fine_hot__SOLAR_SALT_60_40_V10,0.75,60.0,4096,20,20,6,0,46.163054532278515
UG0001_T1_homogeneous_none__SOLAR_SALT_60_40_V10,0.75,30.0,2048,10,10,6,0,23.006497487257175
UG0001_T3_graded_two_layer_coarse_hot__AIP_FLINAK_2017_V10,0.75,60.0,4096,16,16,6,0,45.96152964340852
UG0001_T1_homogeneous_none__SOLAR_SALT_60_40_V10,0.1,30.0,4096,2,2,1,0,4.615093236621322
UG0001_T1_homogeneous_none__AIP_FLINAK_2017_V10,0.1,30.0,4096,2,2,1,0,5.751969590759417
UG0001_T2_graded_two_layer_fine_hot__AIP_FLINAK_2017_V10,0.75,30.0,4096,8,8,6,0,22.90768929499694
UG0001_T2_graded_two_layer_fine_hot__SOLAR_SALT_60_40_V10,0.75,30.0,2048,10,10,6,0,22.967963629530793
UG0001_T3_graded_two_layer_coarse_hot__AIP_FLINAK_2017_V10,0.1,60.0,2048,3,3,1,0,8.617889451523787
UG0001_T3_graded_two_layer_coarse_hot__AIP_FLINAK_2017_V10,0.1,30.0,2048,2,2,1,0,5.737202840383425
