scenario_id,fluid_model_id,status,cases
baseline,AIP_FLINAK_2017_V10,FEASIBLE,12
baseline,SOLAR_SALT_60_40_V10,FEASIBLE,12
properties_at_cold_endpoint,AIP_FLINAK_2017_V10,FEASIBLE,12
properties_at_cold_endpoint,SOLAR_SALT_60_40_V10,FEASIBLE,12
properties_at_hot_endpoint,AIP_FLINAK_2017_V10,FEASIBLE,12
properties_at_hot_endpoint,SOLAR_SALT_60_40_V10,FEASIBLE,12
registered_moderate_losses,AIP_FLINAK_2017_V10,MODEL_DOMAIN_UNSUPPORTED,12
registered_moderate_losses,SOLAR_SALT_60_40_V10,FEASIBLE,12
registered_severe_losses,AIP_FLINAK_2017_V10,MODEL_DOMAIN_UNSUPPORTED,12
registered_severe_losses,SOLAR_SALT_60_40_V10,NO_FEASIBLE_COUNT_IN_REGISTERED_DOMAIN,12
