source_id,authority_tier,source_type,year,title,doi_or_url,role,quantitative_role,notes
ORNL_MSD_TP_V4_2026,A0_current_official_database,official_database,2026,Molten Salt Database - Thermophysical (MSD-TP) v4.0,https://msd.ornl.gov/data-tp/,authoritative external coverage benchmark,metadata/coverage; individual correlations require traceable entry/source,"ORNL page reports current v4.0 with 976 unique entries and property relations for phase points, density, viscosity, heat capacity, thermal conductivity and surface tension."
ANL_ROSE_QA_2022,A0_government_QA_method,national_lab_report,2022,Quality Ranking System for Molten Salt Thermal Property Data,https://www.osti.gov/biblio/1971981,V10 evidence quality policy,QA rubric only,Used to structure method/calibration/composition/environment/uncertainty/verifiability checks; V10 does not relabel historical grades as ANL A/B without reassessment.
ANL_ROSE_CHLORIDE_QA_2024,A0_government_QA_application,national_lab_report,2024,Quality Ranking of Unary Chloride Salt Property Data,https://www.osti.gov/biblio/2545095,QA precedent for chloride data,QA policy/uncertainty precedent,Supports source-resolved quality assessment rather than indiscriminate pooling.
ZAVOICO_SANDIA_SOLAR_SALT_2001,A1_government_design_basis,Sandia_report,2001,"Solar Power Tower Design Basis Document, Revision 0",https://www.osti.gov/biblio/786629,Solar Salt transport/design basis,density/heat-capacity/viscosity/thermal-conductivity correlations in the V10 property model,Design-basis source; not represented as a new primary measurement campaign.
NREL_ZHAO_CHLORIDE_2020,A1_government_primary_program,NREL_technical_report,2020,"Molten Chloride Thermophysical Properties, Chemical Optimization, and Purification",https://doi.org/10.2172/1734652,exact purified MgCl2-KCl-NaCl property model,Cp/rho/mu/k correlations and source-reported validity domains,NREL/TP-5500-78047; exact baseline composition is retained separately from adjacent eutectic records.
INL_SOHAL_2010,A1_government_engineering_database,INL_report,2010,Engineering Database of Liquid Salt Thermophysical and Thermochemical Properties,https://inldigitallibrary.inl.gov/sites/sti/sti/5698704.pdf,cross-check and explicit missing-property gates,registered correlations only inside stated ranges,V10 retains HITEC missing-k and KCl-MgCl2 non-overlap as blockers rather than filling gaps.
AIP_AN_CHENG_SU_ZHANG_2017,A2_primary_peer_reviewed_experiment,primary_article,2017,Determination of thermal physical properties of alkali fluoride/carbonate eutectic molten salt,https://doi.org/10.1063/1.4984415,"FLiNaK, Li2CO3-Na2CO3-K2CO3 and reciprocal LiF-Na2CO3-K2CO3 exact primary property models","rho/Cp/k for FLiNaK and ternary carbonate; rho/Cp/mu/k for the reciprocal salt, all within the conservative common tabulated domain",Primary paper reports Table-1 compositions and measurement methods; V10 resolves the reciprocal fluoride-carbonate composition directly and restricts all three executable models to the conservative common domain.
TASIDOU_ETAL_REFERENCE_VISCOSITY_2019,A2_reference_correlation,primary_reference_article,2019,"Reference Correlations for the Viscosity of Molten LiF-NaF-KF, LiF-BeF2, and Li2CO3-Na2CO3-K2CO3",https://doi.org/10.1063/1.5131349,reference viscosity model for FLiNaK and ternary carbonate,critically evaluated viscosity correlation used directly for the two matching exact eutectic compositions; 2017 fits are retained only for source-robustness comparison,All available viscosity measurements were critically classified as primary/secondary; the published reference correlations report 95% uncertainty of 2.9% for FLiNaK and 3.0% for Li2CO3-Na2CO3-K2CO3.
ANL_ROSE_FLINAK_PRECISION_2021,A1_government_primary_measurement,ANL_technical_report,2021,Precision of Property Measurements with Reference Molten Salts,https://publications.anl.gov/anlpubs/2021/10/170664.pdf,independent FLiNaK batch/measurement robustness benchmark,adjacent-batch density/Cp/thermal-diffusivity/k comparison only; never substituted into the exact-composition V10 ranking model,"ANL reports FLiNaK-2020 density, heat capacity, thermal diffusivity and propagated thermal-conductivity uncertainty at 500-650 C; source-specific batch and impurity differences are preserved."
GALLAGHER_FLINAK_K_2022,A1_government_primary_experiment,ORNL_peer_reviewed_article,2022,"Investigation of the thermal conductivity of molten LiF-NaF-KF with experiments, theory, and equilibrium molecular dynamics",https://www.osti.gov/biblio/1875361,independent FLiNaK thermal-conductivity cross-check,external robustness benchmark; not a universal correction factor,ORNL-led experimental/reference-quality transport-property evidence is retained as an external cross-check of source heterogeneity.
ANDREU_CABEDO_SIO2_SOLAR_SALT_2014,A2_primary_peer_reviewed_experiment,primary_article,2014,Increment of specific heat capacity of solar salt with SiO2 nanoparticles,https://doi.org/10.1186/1556-276X-9-582,source-resolved nanoparticle calorimetry,replicate and loading-response evidence only,Nanoparticle-loading observations are not used as transport-property multipliers in V10; the executable Solar Salt heat capacity follows the Sandia design basis.
WEISS_PACKED_BED_SOLAR_SALT_2024,A2_primary_peer_reviewed_experiment,primary_article,2024,Experimental characterisation of a molten salt thermal energy storage with filler,https://doi.org/10.1016/j.est.2024.114420,reference packed-zone geometry and filler properties,reference geometry/porosity/particle scale and component-capacity benchmark,V10 uses the geometry for controlled component closure and common-reference screening; it does not claim reproduction of the paper transient field.
MCKAY_BECKMAN_CONOVER_1979,A2_primary_method,primary_article,1979,A Comparison of Three Methods for Selecting Values of Input Variables in the Analysis of Output from a Computer Code,https://doi.org/10.1080/00401706.1979.10489755,Latin hypercube sampling method provenance,design-space sampling method,Legacy 512 geometry designs were selected from the broader LHS-based reduced-order campaign.
ERGUN_1952,A2_primary_correlation,primary_article,1952,Fluid Flow through Packed Columns,no DOI assigned; Chemical Engineering Progress 48 (1952) 89-94,packed-bed pressure drop,Ergun correlation,V10 packed-bed hydrodynamic closure.
GUNN_1978,A2_primary_correlation,primary_article,1978,Transfer of heat or mass to particles in fixed and fluidised beds,https://doi.org/10.1016/0017-9310(78)90080-7,particle-fluid heat transfer,Gunn Nusselt correlation,V10 convective interphase closure before the Trevisan finite-conductivity correction.
TREVISAN_ETAL_PACKED_BED_2021,A2_primary_peer_reviewed_model,primary_article,2021,Packed bed thermal energy storage: A novel design methodology including quasi-dynamic boundary conditions and techno-economic optimization,https://doi.org/10.1016/j.est.2021.102441,particle internal-conduction closure,"effective particle-fluid heat-transfer coefficient, Eq. 5: 1/h_eff = 1/h_conv + d_p/(10 k_s)",V16 uses this finite-conductivity correction because the uncorrected particle Biot numbers exceed the lumped-capacitance regime; the article is open access and the equation is retained verbatim in the model provenance.
