model_id,property,equation,temperature_variable,unit,valid_min_C,valid_max_C,source_id,use_class
SOLAR_SALT_60_40_V10,density,2090-0.636*T_C,T_C,kg m-3,300,565,ZAVOICO_SANDIA_SOLAR_SALT_2001,dynamic
SOLAR_SALT_60_40_V10,specific_heat,1443+0.172*T_C,T_C,J kg-1 K-1,300,565,ZAVOICO_SANDIA_SOLAR_SALT_2001,dynamic
SOLAR_SALT_60_40_V10,viscosity,0.022714-1.20e-4*T_C+2.281e-7*T_C^2-1.474e-10*T_C^3,T_C,Pa s,300,565,ZAVOICO_SANDIA_SOLAR_SALT_2001,dynamic
SOLAR_SALT_60_40_V10,thermal_conductivity,0.443+1.9e-4*T_C,T_C,W m-1 K-1,300,565,ZAVOICO_SANDIA_SOLAR_SALT_2001,dynamic
NREL_MGCL2_KCL_NACL_BASELINE_V10,density,1974-0.5878*T_C,T_C,kg m-3,475,625,NREL_ZHAO_CHLORIDE_2020,dynamic
NREL_MGCL2_KCL_NACL_BASELINE_V10,specific_heat,1000*(1.284e-6*T_C^2-1.843e-3*T_C+1.661),T_C,J kg-1 K-1,475,625,NREL_ZHAO_CHLORIDE_2020,dynamic
NREL_MGCL2_KCL_NACL_BASELINE_V10,viscosity,0.689*exp(1224.73/T_K)*1e-3,T_K,Pa s,475,625,NREL_ZHAO_CHLORIDE_2020,dynamic
NREL_MGCL2_KCL_NACL_BASELINE_V10,thermal_conductivity,7.151e-7*T_C^2-1.066e-3*T_C+0.811,T_C,W m-1 K-1,475,625,NREL_ZHAO_CHLORIDE_2020,dynamic
AIP_FLINAK_2017_V10,density,1000*(2.45-6.53e-4*T_C),T_C,kg m-3,500,600,AIP_AN_CHENG_SU_ZHANG_2017,dynamic
AIP_FLINAK_2017_V10,specific_heat,1880,constant,J kg-1 K-1,500,600,AIP_AN_CHENG_SU_ZHANG_2017,dynamic
AIP_FLINAK_2017_V10,viscosity,0.2017*exp(770/T_K+1630700/T_K^2)*1e-3,T_K,Pa s,500,600,TASIDOU_ETAL_REFERENCE_VISCOSITY_2019,dynamic
AIP_FLINAK_2017_V10,thermal_conductivity,-0.0635+1.40e-3*T_C,T_C,W m-1 K-1,500,600,AIP_AN_CHENG_SU_ZHANG_2017,dynamic
AIP_LINAK_CARBONATE_2017_V10,density,1000*(2.27-4.34e-4*T_C),T_C,kg m-3,500,600,AIP_AN_CHENG_SU_ZHANG_2017,dynamic
AIP_LINAK_CARBONATE_2017_V10,specific_heat,1610,constant,J kg-1 K-1,500,600,AIP_AN_CHENG_SU_ZHANG_2017,dynamic
AIP_LINAK_CARBONATE_2017_V10,viscosity,0.1901*exp(2660/T_K+726990/T_K^2)*1e-3,T_K,Pa s,500,600,TASIDOU_ETAL_REFERENCE_VISCOSITY_2019,dynamic
AIP_LINAK_CARBONATE_2017_V10,thermal_conductivity,0.336+2.58e-4*T_C,T_C,W m-1 K-1,500,600,AIP_AN_CHENG_SU_ZHANG_2017,dynamic
AIP_LIF_NAK_CARBONATE_RECIPROCAL_2017_V10,density,1000*(2.31-4.13e-4*T_C),T_C,kg m-3,500,600,AIP_AN_CHENG_SU_ZHANG_2017,dynamic
AIP_LIF_NAK_CARBONATE_RECIPROCAL_2017_V10,specific_heat,1820,constant,J kg-1 K-1,500,600,AIP_AN_CHENG_SU_ZHANG_2017,dynamic
AIP_LIF_NAK_CARBONATE_RECIPROCAL_2017_V10,viscosity,0.0589*exp(4132.9/T_K)*1e-3,T_K,Pa s,500,600,AIP_AN_CHENG_SU_ZHANG_2017,dynamic
AIP_LIF_NAK_CARBONATE_RECIPROCAL_2017_V10,thermal_conductivity,-0.135+1.58e-3*T_C,T_C,W m-1 K-1,500,600,AIP_AN_CHENG_SU_ZHANG_2017,dynamic
