state_id,material_family,base_salt,nanoparticle_or_structure,loading_wt_pct,cp_liquid_J_kgK,cp_sd_J_kgK,temperature_window_C,melting_temperature_C,latent_or_energy_density_kJ_kg,transport_complete_for_dynamic,source_id,doi,notes,study_group,baseline_state_id,reported_cp_change_pct,loading_vol_pct,particle_size_nm,evidence_mode,observed_direction,weiss_reference_translation_eligible
ANDREU_NEAT,solar_salt_sensible,NaNO3-KNO3 60:40,none,0.0,1480,90,250-420,,,True,ANDREU_CABEDO_SIO2_SOLAR_SALT_2014,10.1186/1556-276X-9-582,Transport uses registered neat-Solar-Salt correlations only.,ANDREU2014,ANDREU_NEAT,0.0,,,measured_absolute_cp,,True
ANDREU_SIO2_05,solar_salt_nanocomposite,NaNO3-KNO3 60:40,SiO2,0.5,1530,70,250-420,,,False,ANDREU_CABEDO_SIO2_SOLAR_SALT_2014,10.1186/1556-276X-9-582,Capacity state measured; loading-resolved viscosity/conductivity not supplied by this source.,ANDREU2014,ANDREU_NEAT,3.41,,,measured_absolute_cp,,True
ANDREU_SIO2_10,solar_salt_nanocomposite,NaNO3-KNO3 60:40,SiO2,1.0,1850,60,250-420,,,False,ANDREU_CABEDO_SIO2_SOLAR_SALT_2014,10.1186/1556-276X-9-582,25.03% reported Cp enhancement; dynamic hydraulics remain gated.,ANDREU2014,ANDREU_NEAT,25.03,,,measured_absolute_cp,,True
ANDREU_SIO2_15,solar_salt_nanocomposite,NaNO3-KNO3 60:40,SiO2,1.5,1510,90,250-420,,,False,ANDREU_CABEDO_SIO2_SOLAR_SALT_2014,10.1186/1556-276X-9-582,Measured state; no interpolation.,ANDREU2014,ANDREU_NEAT,2.0,,,measured_absolute_cp,,True
ANDREU_SIO2_20,solar_salt_nanocomposite,NaNO3-KNO3 60:40,SiO2,2.0,1530,120,250-420,,,False,ANDREU_CABEDO_SIO2_SOLAR_SALT_2014,10.1186/1556-276X-9-582,Measured state; no interpolation.,ANDREU2014,ANDREU_NEAT,3.69,,,measured_absolute_cp,,True
CHIERUZZI_BASE,solar_salt_pcm,NaNO3-KNO3 60:40,none,0.0,1648,,250-300,232.01,,False,CHIERUZZI_NP_BINARY_NITRATE_2013,10.1186/1556-276X-8-448,Independent preparation/DSC source; not merged numerically with Andreu.,CHIERUZZI2013,CHIERUZZI_BASE,0.0,,,measured_absolute_cp,,True
CHIERUZZI_SIO2AL2O3_10,solar_salt_nanocomposite_pcm,NaNO3-KNO3 60:40,SiO2-Al2O3,1.0,2010.56,,250-300,<224,,False,CHIERUZZI_NP_BINARY_NITRATE_2013,10.1186/1556-276X-8-448,Cp derived only as 1.648 kJ/kgK x 1.22 from reported 22% liquid increase; melting-point decrease >8 C.,CHIERUZZI2013,CHIERUZZI_BASE,22.0,,,derived_from_reported_relative_change,,True
LI_TERNARY_MACRO_PCM,ternary_carbonate_pcm,Li2CO3-K2CO3-Na2CO3 32:35:33,macroencapsulated PCM,, , , ,395.1,174.7,False,LI_MACROENCAP_PCM_2018,10.1016/j.apenergy.2018.03.156,Transition and gravimetric storage benchmarks are real; full dynamic property vector is intentionally incomplete.,LI2018,,,,,transition_and_gravimetric_storage_only,,False
XIE_BASE,solar_salt_sensible,NaNO3-KNO3 60:40,none,0.0,1380,,250-450,221.6 onset,,False,XIE_GNP_SOLAR_SALT_2016,10.1186/s11671-016-1519-1,Same-study base for GNP comparisons; rounded average SHC reported as 1.38 J g-1 K-1.,XIE2016,XIE_BASE,0.0,,,measured_absolute_cp_rounded,baseline,True
XIE_GNP_01,solar_salt_nanocomposite,NaNO3-KNO3 60:40,graphene nanoplatelets,0.1,1170,,250-450,,,False,XIE_GNP_SOLAR_SALT_2016,10.1186/s11671-016-1519-1,Measured average SHC 1.17 J g-1 K-1; reported 15.2% decrease versus same-study Solar Salt.,XIE2016,XIE_BASE,-15.2,,GNP diameter 10-20 um; thickness 5-20 nm,measured_absolute_cp_and_reported_relative_change,decrease_vs_base,True
XIE_GNP_10,solar_salt_nanocomposite,NaNO3-KNO3 60:40,graphene nanoplatelets,1.0,1630,,250-450,onset -10.4 C vs base,,False,XIE_GNP_SOLAR_SALT_2016,10.1186/s11671-016-1519-1,Measured average SHC 1.63 J g-1 K-1; reported 16.7% enhancement; startup heat reduced 9.1%.,XIE2016,XIE_BASE,16.7,,GNP diameter 10-20 um; thickness 5-20 nm,measured_absolute_cp_and_reported_relative_change,increase_vs_base,True
LU_BASE,solar_salt_sensible,NaNO3-KNO3 60:40,none,0.0,1590,31,290-335,,,False,LU_AL2O3_SOLAR_SALT_2013,10.1186/1556-276X-8-292,Q20 DSC same-study base: 1.59 +/- 0.031 kJ kg-1 K-1.,LU2013,LU_BASE,0.0,0,,measured_absolute_cp,baseline,False
LU_AL2O3_13NM_SERIES,solar_salt_nanocomposite_evidence_gate,NaNO3-KNO3 60:40,Al2O3,,,,290-335,,,False,LU_AL2O3_SOLAR_SALT_2013,10.1186/1556-276X-8-292,Primary paper reports all tested liquid nanofluid SHCs below base; exact figure values are not ingested without auditable digitization.,LU2013,LU_BASE,,0.9;2.7;4.6,13,directional_primary_evidence_no_figure_digitization,decrease_vs_base; decreases with concentration,False
LU_AL2O3_90NM_SERIES,solar_salt_nanocomposite_evidence_gate,NaNO3-KNO3 60:40,Al2O3,,,,290-335,,,False,LU_AL2O3_SOLAR_SALT_2013,10.1186/1556-276X-8-292,Primary paper reports all tested liquid nanofluid SHCs below base; smaller 13 nm particles show lower SHC than 90 nm at matched loading.,LU2013,LU_BASE,,0.9;2.7;4.6,90,directional_primary_evidence_no_figure_digitization,decrease_vs_base; decreases with concentration; less decrease than 13 nm,False
XIE_GNP_05,solar_salt_nanocomposite,NaNO3-KNO3 60:40,graphene nanoplatelets,0.5,,,250-450,onset -10.4 C vs base,,False,XIE_GNP_SOLAR_SALT_2016,10.1186/s11671-016-1519-1,Reported same-study SHC change +7.9% versus XIE_BASE; absolute Cp intentionally not reconstructed from rounded values.,XIE2016,XIE_BASE,7.9,,GNP diameter 10-20 um; thickness 5-20 nm,reported_relative_change_only,increase_vs_base,True
XIE_GNP_15,solar_salt_nanocomposite,NaNO3-KNO3 60:40,graphene nanoplatelets,1.5,,,250-450,onset -10.4 C vs base,,False,XIE_GNP_SOLAR_SALT_2016,10.1186/s11671-016-1519-1,Reported same-study SHC change +9.4% versus XIE_BASE; absolute Cp intentionally not reconstructed from rounded values.,XIE2016,XIE_BASE,9.4,,GNP diameter 10-20 um; thickness 5-20 nm,reported_relative_change_only,increase_vs_base,True
XIE_GNP_20,solar_salt_nanocomposite,NaNO3-KNO3 60:40,graphene nanoplatelets,2.0,,,250-450,onset -10.4 C vs base,,False,XIE_GNP_SOLAR_SALT_2016,10.1186/s11671-016-1519-1,Reported same-study SHC change +2.9% versus XIE_BASE; absolute Cp intentionally not reconstructed from rounded values.,XIE2016,XIE_BASE,2.9,,GNP diameter 10-20 um; thickness 5-20 nm,reported_relative_change_only,increase_vs_base,True
XIE_GNP_25,solar_salt_nanocomposite,NaNO3-KNO3 60:40,graphene nanoplatelets,2.5,,,250-450,onset -10.4 C vs base,,False,XIE_GNP_SOLAR_SALT_2016,10.1186/s11671-016-1519-1,Reported same-study SHC change +0.7% versus XIE_BASE; absolute Cp intentionally not reconstructed from rounded values.,XIE2016,XIE_BASE,0.7,,GNP diameter 10-20 um; thickness 5-20 nm,reported_relative_change_only,increase_vs_base,True
