measurement_id,state_id,property_name,property_value,unit,temperature_C,temperature_min_C,temperature_max_C,uncertainty_value,uncertainty_unit,measurement_basis,baseline_state_id,reported_relative_change_pct,source_id,locator,evidence_grade,admissible_use,notes
ANDREU_NEAT_CP,ANDREU_NEAT,specific_heat_liquid,1480.0,J kg-1 K-1,,,,90.0,,absolute,ANDREU_NEAT,0.0,ANDREU_CABEDO_SIO2_SOLAR_SALT_2014,registered primary-paper state,exact_or_registered_reported,material_screening; capacity translation only if explicitly eligible,
ANDREU_SIO2_05_CP,ANDREU_SIO2_05,specific_heat_liquid,1530.0,J kg-1 K-1,,,,70.0,,absolute,ANDREU_NEAT,3.41,ANDREU_CABEDO_SIO2_SOLAR_SALT_2014,registered primary-paper state,exact_or_registered_reported,material_screening; capacity translation only if explicitly eligible,
ANDREU_SIO2_10_CP,ANDREU_SIO2_10,specific_heat_liquid,1850.0,J kg-1 K-1,,,,60.0,,absolute,ANDREU_NEAT,25.03,ANDREU_CABEDO_SIO2_SOLAR_SALT_2014,registered primary-paper state,exact_or_registered_reported,material_screening; capacity translation only if explicitly eligible,
ANDREU_SIO2_15_CP,ANDREU_SIO2_15,specific_heat_liquid,1510.0,J kg-1 K-1,,,,90.0,,absolute,ANDREU_NEAT,2.0,ANDREU_CABEDO_SIO2_SOLAR_SALT_2014,registered primary-paper state,exact_or_registered_reported,material_screening; capacity translation only if explicitly eligible,
ANDREU_SIO2_20_CP,ANDREU_SIO2_20,specific_heat_liquid,1530.0,J kg-1 K-1,,,,120.0,,absolute,ANDREU_NEAT,3.69,ANDREU_CABEDO_SIO2_SOLAR_SALT_2014,registered primary-paper state,exact_or_registered_reported,material_screening; capacity translation only if explicitly eligible,
CHIERUZZI_BASE_CP,CHIERUZZI_BASE,specific_heat_liquid,1648.0,J kg-1 K-1,,,,,,absolute,CHIERUZZI_BASE,0.0,CHIERUZZI_NP_BINARY_NITRATE_2013,registered primary-paper state,exact_or_registered_reported,material_screening; capacity translation only if explicitly eligible,
CHIERUZZI_SIO2AL2O3_10_CP,CHIERUZZI_SIO2AL2O3_10,specific_heat_liquid,2010.56,J kg-1 K-1,,,,,,absolute,CHIERUZZI_BASE,22.0,CHIERUZZI_NP_BINARY_NITRATE_2013,registered primary-paper state,exact_or_registered_reported,material_screening; capacity translation only if explicitly eligible,
XIE_BASE_CP,XIE_BASE,specific_heat_liquid,1380.0,J kg-1 K-1,,,,,,absolute,XIE_BASE,0.0,XIE_GNP_SOLAR_SALT_2016,registered primary-paper state,exact_or_registered_reported,material_screening; capacity translation only if explicitly eligible,
XIE_GNP_01_CP,XIE_GNP_01,specific_heat_liquid,1170.0,J kg-1 K-1,,,,,,absolute,XIE_BASE,-15.2,XIE_GNP_SOLAR_SALT_2016,registered primary-paper state,exact_or_registered_reported,material_screening; capacity translation only if explicitly eligible,
XIE_GNP_10_CP,XIE_GNP_10,specific_heat_liquid,1630.0,J kg-1 K-1,,,,,,absolute,XIE_BASE,16.7,XIE_GNP_SOLAR_SALT_2016,registered primary-paper state,exact_or_registered_reported,material_screening; capacity translation only if explicitly eligible,
LU_BASE_CP,LU_BASE,specific_heat_liquid,1590.0,J kg-1 K-1,,,,31.0,,absolute,LU_BASE,0.0,LU_AL2O3_SOLAR_SALT_2013,registered primary-paper state,exact_or_registered_reported,material_screening; capacity translation only if explicitly eligible,
XIE_GNP_05_CP_REL,XIE_GNP_05,specific_heat_relative_change,7.9,%,,,,,,relative,XIE_BASE,7.9,XIE_GNP_SOLAR_SALT_2016,primary-paper reported relative change,exact_reported_relative,material_screening; same-study capacity translation if eligible,
XIE_GNP_15_CP_REL,XIE_GNP_15,specific_heat_relative_change,9.4,%,,,,,,relative,XIE_BASE,9.4,XIE_GNP_SOLAR_SALT_2016,primary-paper reported relative change,exact_reported_relative,material_screening; same-study capacity translation if eligible,
XIE_GNP_20_CP_REL,XIE_GNP_20,specific_heat_relative_change,2.9,%,,,,,,relative,XIE_BASE,2.9,XIE_GNP_SOLAR_SALT_2016,primary-paper reported relative change,exact_reported_relative,material_screening; same-study capacity translation if eligible,
XIE_GNP_25_CP_REL,XIE_GNP_25,specific_heat_relative_change,0.7,%,,,,,,relative,XIE_BASE,0.7,XIE_GNP_SOLAR_SALT_2016,primary-paper reported relative change,exact_reported_relative,material_screening; same-study capacity translation if eligible,
LASF2015_CUO_0P1_CPREL_265,LASF2015_CUO_0P1,specific_heat_relative_change,4.87,%,265.0,,,,,relative,LASF2015_BASE,4.87,LASFARGUES_CUO_TIO2_NITRATE_2015,Table 1 / temperature-resolved reported enhancement,exact_reported_table,material_screening; response-surface evidence,Within-study relative Cp change; not a universal multiplier.
LASF2015_CUO_0P1_CPREL_300,LASF2015_CUO_0P1,specific_heat_relative_change,6.08,%,300.0,,,,,relative,LASF2015_BASE,6.08,LASFARGUES_CUO_TIO2_NITRATE_2015,Table 1 / temperature-resolved reported enhancement,exact_reported_table,material_screening; response-surface evidence,Within-study relative Cp change; not a universal multiplier.
LASF2015_CUO_0P1_CPREL_350,LASF2015_CUO_0P1,specific_heat_relative_change,7.9,%,350.0,,,,,relative,LASF2015_BASE,7.9,LASFARGUES_CUO_TIO2_NITRATE_2015,Table 1 / temperature-resolved reported enhancement,exact_reported_table,material_screening; response-surface evidence,Within-study relative Cp change; not a universal multiplier.
LASF2015_CUO_0P1_CPREL_400,LASF2015_CUO_0P1,specific_heat_relative_change,9.43,%,400.0,,,,,relative,LASF2015_BASE,9.43,LASFARGUES_CUO_TIO2_NITRATE_2015,Table 1 / temperature-resolved reported enhancement,exact_reported_table,material_screening; response-surface evidence,Within-study relative Cp change; not a universal multiplier.
LASF2015_CUO_0P1_CPREL_440,LASF2015_CUO_0P1,specific_heat_relative_change,10.48,%,440.0,,,,,relative,LASF2015_BASE,10.48,LASFARGUES_CUO_TIO2_NITRATE_2015,Table 1 / temperature-resolved reported enhancement,exact_reported_table,material_screening; response-surface evidence,Within-study relative Cp change; not a universal multiplier.
LASF2015_CUO_0P5_CPREL_265,LASF2015_CUO_0P5,specific_heat_relative_change,2.97,%,265.0,,,,,relative,LASF2015_BASE,2.97,LASFARGUES_CUO_TIO2_NITRATE_2015,Table 1 / temperature-resolved reported enhancement,exact_reported_table,material_screening; response-surface evidence,Within-study relative Cp change; not a universal multiplier.
LASF2015_CUO_0P5_CPREL_300,LASF2015_CUO_0P5,specific_heat_relative_change,4.19,%,300.0,,,,,relative,LASF2015_BASE,4.19,LASFARGUES_CUO_TIO2_NITRATE_2015,Table 1 / temperature-resolved reported enhancement,exact_reported_table,material_screening; response-surface evidence,Within-study relative Cp change; not a universal multiplier.
LASF2015_CUO_0P5_CPREL_350,LASF2015_CUO_0P5,specific_heat_relative_change,6.02,%,350.0,,,,,relative,LASF2015_BASE,6.02,LASFARGUES_CUO_TIO2_NITRATE_2015,Table 1 / temperature-resolved reported enhancement,exact_reported_table,material_screening; response-surface evidence,Within-study relative Cp change; not a universal multiplier.
LASF2015_CUO_0P5_CPREL_400,LASF2015_CUO_0P5,specific_heat_relative_change,7.71,%,400.0,,,,,relative,LASF2015_BASE,7.71,LASFARGUES_CUO_TIO2_NITRATE_2015,Table 1 / temperature-resolved reported enhancement,exact_reported_table,material_screening; response-surface evidence,Within-study relative Cp change; not a universal multiplier.
LASF2015_CUO_0P5_CPREL_440,LASF2015_CUO_0P5,specific_heat_relative_change,9.18,%,440.0,,,,,relative,LASF2015_BASE,9.18,LASFARGUES_CUO_TIO2_NITRATE_2015,Table 1 / temperature-resolved reported enhancement,exact_reported_table,material_screening; response-surface evidence,Within-study relative Cp change; not a universal multiplier.
LASF2015_CUO_1P0_CPREL_265,LASF2015_CUO_1P0,specific_heat_relative_change,1.47,%,265.0,,,,,relative,LASF2015_BASE,1.47,LASFARGUES_CUO_TIO2_NITRATE_2015,Table 1 / temperature-resolved reported enhancement,exact_reported_table,material_screening; response-surface evidence,Within-study relative Cp change; not a universal multiplier.
LASF2015_CUO_1P0_CPREL_300,LASF2015_CUO_1P0,specific_heat_relative_change,2.7,%,300.0,,,,,relative,LASF2015_BASE,2.7,LASFARGUES_CUO_TIO2_NITRATE_2015,Table 1 / temperature-resolved reported enhancement,exact_reported_table,material_screening; response-surface evidence,Within-study relative Cp change; not a universal multiplier.
LASF2015_CUO_1P0_CPREL_350,LASF2015_CUO_1P0,specific_heat_relative_change,4.76,%,350.0,,,,,relative,LASF2015_BASE,4.76,LASFARGUES_CUO_TIO2_NITRATE_2015,Table 1 / temperature-resolved reported enhancement,exact_reported_table,material_screening; response-surface evidence,Within-study relative Cp change; not a universal multiplier.
LASF2015_CUO_1P0_CPREL_400,LASF2015_CUO_1P0,specific_heat_relative_change,6.78,%,400.0,,,,,relative,LASF2015_BASE,6.78,LASFARGUES_CUO_TIO2_NITRATE_2015,Table 1 / temperature-resolved reported enhancement,exact_reported_table,material_screening; response-surface evidence,Within-study relative Cp change; not a universal multiplier.
LASF2015_CUO_1P0_CPREL_440,LASF2015_CUO_1P0,specific_heat_relative_change,8.49,%,440.0,,,,,relative,LASF2015_BASE,8.49,LASFARGUES_CUO_TIO2_NITRATE_2015,Table 1 / temperature-resolved reported enhancement,exact_reported_table,material_screening; response-surface evidence,Within-study relative Cp change; not a universal multiplier.
LASF2015_CUO_1P5_CPREL_265,LASF2015_CUO_1P5,specific_heat_relative_change,-2.79,%,265.0,,,,,relative,LASF2015_BASE,-2.79,LASFARGUES_CUO_TIO2_NITRATE_2015,Table 1 / temperature-resolved reported enhancement,exact_reported_table,material_screening; response-surface evidence,Within-study relative Cp change; not a universal multiplier.
LASF2015_CUO_1P5_CPREL_300,LASF2015_CUO_1P5,specific_heat_relative_change,-2.49,%,300.0,,,,,relative,LASF2015_BASE,-2.49,LASFARGUES_CUO_TIO2_NITRATE_2015,Table 1 / temperature-resolved reported enhancement,exact_reported_table,material_screening; response-surface evidence,Within-study relative Cp change; not a universal multiplier.
LASF2015_CUO_1P5_CPREL_350,LASF2015_CUO_1P5,specific_heat_relative_change,-1.29,%,350.0,,,,,relative,LASF2015_BASE,-1.29,LASFARGUES_CUO_TIO2_NITRATE_2015,Table 1 / temperature-resolved reported enhancement,exact_reported_table,material_screening; response-surface evidence,Within-study relative Cp change; not a universal multiplier.
LASF2015_CUO_1P5_CPREL_400,LASF2015_CUO_1P5,specific_heat_relative_change,0.4,%,400.0,,,,,relative,LASF2015_BASE,0.4,LASFARGUES_CUO_TIO2_NITRATE_2015,Table 1 / temperature-resolved reported enhancement,exact_reported_table,material_screening; response-surface evidence,Within-study relative Cp change; not a universal multiplier.
LASF2015_CUO_1P5_CPREL_440,LASF2015_CUO_1P5,specific_heat_relative_change,2.19,%,440.0,,,,,relative,LASF2015_BASE,2.19,LASFARGUES_CUO_TIO2_NITRATE_2015,Table 1 / temperature-resolved reported enhancement,exact_reported_table,material_screening; response-surface evidence,Within-study relative Cp change; not a universal multiplier.
LASF2015_TIO2_0P1_CPREL_265,LASF2015_TIO2_0P1,specific_heat_relative_change,1.39,%,265.0,,,,,relative,LASF2015_BASE,1.39,LASFARGUES_CUO_TIO2_NITRATE_2015,Table 1 / temperature-resolved reported enhancement,exact_reported_table,material_screening; response-surface evidence,Within-study relative Cp change; not a universal multiplier.
LASF2015_TIO2_0P1_CPREL_300,LASF2015_TIO2_0P1,specific_heat_relative_change,1.6,%,300.0,,,,,relative,LASF2015_BASE,1.6,LASFARGUES_CUO_TIO2_NITRATE_2015,Table 1 / temperature-resolved reported enhancement,exact_reported_table,material_screening; response-surface evidence,Within-study relative Cp change; not a universal multiplier.
LASF2015_TIO2_0P1_CPREL_350,LASF2015_TIO2_0P1,specific_heat_relative_change,2.09,%,350.0,,,,,relative,LASF2015_BASE,2.09,LASFARGUES_CUO_TIO2_NITRATE_2015,Table 1 / temperature-resolved reported enhancement,exact_reported_table,material_screening; response-surface evidence,Within-study relative Cp change; not a universal multiplier.
LASF2015_TIO2_0P1_CPREL_400,LASF2015_TIO2_0P1,specific_heat_relative_change,1.8,%,400.0,,,,,relative,LASF2015_BASE,1.8,LASFARGUES_CUO_TIO2_NITRATE_2015,Table 1 / temperature-resolved reported enhancement,exact_reported_table,material_screening; response-surface evidence,Within-study relative Cp change; not a universal multiplier.
LASF2015_TIO2_0P1_CPREL_440,LASF2015_TIO2_0P1,specific_heat_relative_change,1.57,%,440.0,,,,,relative,LASF2015_BASE,1.57,LASFARGUES_CUO_TIO2_NITRATE_2015,Table 1 / temperature-resolved reported enhancement,exact_reported_table,material_screening; response-surface evidence,Within-study relative Cp change; not a universal multiplier.
LASF2015_TIO2_0P5_CPREL_265,LASF2015_TIO2_0P5,specific_heat_relative_change,2.66,%,265.0,,,,,relative,LASF2015_BASE,2.66,LASFARGUES_CUO_TIO2_NITRATE_2015,Table 1 / temperature-resolved reported enhancement,exact_reported_table,material_screening; response-surface evidence,Within-study relative Cp change; not a universal multiplier.
LASF2015_TIO2_0P5_CPREL_300,LASF2015_TIO2_0P5,specific_heat_relative_change,3.33,%,300.0,,,,,relative,LASF2015_BASE,3.33,LASFARGUES_CUO_TIO2_NITRATE_2015,Table 1 / temperature-resolved reported enhancement,exact_reported_table,material_screening; response-surface evidence,Within-study relative Cp change; not a universal multiplier.
LASF2015_TIO2_0P5_CPREL_350,LASF2015_TIO2_0P5,specific_heat_relative_change,4.13,%,350.0,,,,,relative,LASF2015_BASE,4.13,LASFARGUES_CUO_TIO2_NITRATE_2015,Table 1 / temperature-resolved reported enhancement,exact_reported_table,material_screening; response-surface evidence,Within-study relative Cp change; not a universal multiplier.
LASF2015_TIO2_0P5_CPREL_400,LASF2015_TIO2_0P5,specific_heat_relative_change,4.37,%,400.0,,,,,relative,LASF2015_BASE,4.37,LASFARGUES_CUO_TIO2_NITRATE_2015,Table 1 / temperature-resolved reported enhancement,exact_reported_table,material_screening; response-surface evidence,Within-study relative Cp change; not a universal multiplier.
LASF2015_TIO2_0P5_CPREL_440,LASF2015_TIO2_0P5,specific_heat_relative_change,4.95,%,440.0,,,,,relative,LASF2015_BASE,4.95,LASFARGUES_CUO_TIO2_NITRATE_2015,Table 1 / temperature-resolved reported enhancement,exact_reported_table,material_screening; response-surface evidence,Within-study relative Cp change; not a universal multiplier.
LASF2015_TIO2_1P0_CPREL_265,LASF2015_TIO2_1P0,specific_heat_relative_change,2.03,%,265.0,,,,,relative,LASF2015_BASE,2.03,LASFARGUES_CUO_TIO2_NITRATE_2015,Table 1 / temperature-resolved reported enhancement,exact_reported_table,material_screening; response-surface evidence,Within-study relative Cp change; not a universal multiplier.
LASF2015_TIO2_1P0_CPREL_300,LASF2015_TIO2_1P0,specific_heat_relative_change,2.86,%,300.0,,,,,relative,LASF2015_BASE,2.86,LASFARGUES_CUO_TIO2_NITRATE_2015,Table 1 / temperature-resolved reported enhancement,exact_reported_table,material_screening; response-surface evidence,Within-study relative Cp change; not a universal multiplier.
LASF2015_TIO2_1P0_CPREL_350,LASF2015_TIO2_1P0,specific_heat_relative_change,3.82,%,350.0,,,,,relative,LASF2015_BASE,3.82,LASFARGUES_CUO_TIO2_NITRATE_2015,Table 1 / temperature-resolved reported enhancement,exact_reported_table,material_screening; response-surface evidence,Within-study relative Cp change; not a universal multiplier.
LASF2015_TIO2_1P0_CPREL_400,LASF2015_TIO2_1P0,specific_heat_relative_change,4.13,%,400.0,,,,,relative,LASF2015_BASE,4.13,LASFARGUES_CUO_TIO2_NITRATE_2015,Table 1 / temperature-resolved reported enhancement,exact_reported_table,material_screening; response-surface evidence,Within-study relative Cp change; not a universal multiplier.
LASF2015_TIO2_1P0_CPREL_440,LASF2015_TIO2_1P0,specific_heat_relative_change,4.72,%,440.0,,,,,relative,LASF2015_BASE,4.72,LASFARGUES_CUO_TIO2_NITRATE_2015,Table 1 / temperature-resolved reported enhancement,exact_reported_table,material_screening; response-surface evidence,Within-study relative Cp change; not a universal multiplier.
LASF2015_TIO2_1P5_CPREL_265,LASF2015_TIO2_1P5,specific_heat_relative_change,2.07,%,265.0,,,,,relative,LASF2015_BASE,2.07,LASFARGUES_CUO_TIO2_NITRATE_2015,Table 1 / temperature-resolved reported enhancement,exact_reported_table,material_screening; response-surface evidence,Within-study relative Cp change; not a universal multiplier.
LASF2015_TIO2_1P5_CPREL_300,LASF2015_TIO2_1P5,specific_heat_relative_change,2.1,%,300.0,,,,,relative,LASF2015_BASE,2.1,LASFARGUES_CUO_TIO2_NITRATE_2015,Table 1 / temperature-resolved reported enhancement,exact_reported_table,material_screening; response-surface evidence,Within-study relative Cp change; not a universal multiplier.
LASF2015_TIO2_1P5_CPREL_350,LASF2015_TIO2_1P5,specific_heat_relative_change,3.1,%,350.0,,,,,relative,LASF2015_BASE,3.1,LASFARGUES_CUO_TIO2_NITRATE_2015,Table 1 / temperature-resolved reported enhancement,exact_reported_table,material_screening; response-surface evidence,Within-study relative Cp change; not a universal multiplier.
LASF2015_TIO2_1P5_CPREL_400,LASF2015_TIO2_1P5,specific_heat_relative_change,4.02,%,400.0,,,,,relative,LASF2015_BASE,4.02,LASFARGUES_CUO_TIO2_NITRATE_2015,Table 1 / temperature-resolved reported enhancement,exact_reported_table,material_screening; response-surface evidence,Within-study relative Cp change; not a universal multiplier.
LASF2015_TIO2_1P5_CPREL_440,LASF2015_TIO2_1P5,specific_heat_relative_change,4.85,%,440.0,,,,,relative,LASF2015_BASE,4.85,LASFARGUES_CUO_TIO2_NITRATE_2015,Table 1 / temperature-resolved reported enhancement,exact_reported_table,material_screening; response-surface evidence,Within-study relative Cp change; not a universal multiplier.
LASF2016_3WT_CPREL_390,LASF2016_TIO2_PRECURSOR_3WT,specific_heat_relative_change,5.4,%,390.0,,,,,relative,LASF2016_BASE,5.4,LASFARGUES_INSITU_TIO2_2016,Abstract/results,exact_reported,material_screening,"3.0 wt% is precursor loading, not final TiO2 mass fraction."
LASF2016_3WT_CPREL_445,LASF2016_TIO2_PRECURSOR_3WT,specific_heat_relative_change,7.5,%,445.0,,,,,relative,LASF2016_BASE,7.5,LASFARGUES_INSITU_TIO2_2016,Abstract/results,exact_reported,material_screening,"3.0 wt% is precursor loading, not final TiO2 mass fraction."
SHIN2011_SIO2_REL,SHIN2011_SIO2_S1,specific_heat_relative_change,14.5,%,,,,,,relative,SHIN2011_BASE_S1,14.5,SHIN_CHLORIDE_SIO2_2011,Abstract/conclusions,exact_reported,material_screening,Paper-reported overall enhancement; replicate values retained separately.
HO2014_0063_CPREL,HO2014_AL2O3_0063,specific_heat_relative_change,19.9,%,,,,,,relative,HO2014_HITEC_BASE,19.9,HO_PAN_HITEC_AL2O3_2014,Abstract/results,exact_reported,material_screening,
ABIR2024_1WT_CPREL,ABIR2024_SIO2_1WT,specific_heat_relative_change,15.65,%,,260.0,340.0,,,relative,ABIR2024_SOLAR_SALT_BASE,15.65,ABIR_SHIN_SOLAR_SALT_SIO2_2024,Abstract/results,exact_reported,independent replication/heterogeneity analysis,
WANG2024_TMS2_CP,WANG2024_TMS2,specific_heat_liquid,1.69,J g-1 K-1,,,,,,absolute,WANG2024_SOLAR_SALT,9.03,WANG_TMS_SULFATE_2024,Results,exact_reported,same-study comparison; not dynamic transport,
JO2014_GNP_74P6_25P4_M1_REL_250C,JO2014_GNP_74P6_25P4_M1,specific_heat_relative_change,28.6,%,250.0,,,,,relative,JO2014_BASE_74P6_25P4,28.6,JO_GRAPHITE_CARBONATE_2014,Table 3,exact_reported_table,composition-matched within-study response,
JO2014_GNP_74P6_25P4_M1_REL_400C,JO2014_GNP_74P6_25P4_M1,specific_heat_relative_change,29.4,%,400.0,,,,,relative,JO2014_BASE_74P6_25P4,29.4,JO_GRAPHITE_CARBONATE_2014,Table 3,exact_reported_table,composition-matched within-study response,
JO2014_GNP_74P6_25P4_M1_REL_LIQUID,JO2014_GNP_74P6_25P4_M1,specific_heat_relative_change,17.3,%,,,,,,relative,JO2014_BASE_74P6_25P4,17.3,JO_GRAPHITE_CARBONATE_2014,Table 3,exact_reported_table,composition-matched within-study response,
JO2014_GNP_34_66_M1_REL_250C,JO2014_GNP_34_66_M1,specific_heat_relative_change,39.3,%,250.0,,,,,relative,JO2014_BASE_34_66,39.3,JO_GRAPHITE_CARBONATE_2014,Table 3,exact_reported_table,composition-matched within-study response,
JO2014_GNP_34_66_M1_REL_400C,JO2014_GNP_34_66_M1,specific_heat_relative_change,39.6,%,400.0,,,,,relative,JO2014_BASE_34_66,39.6,JO_GRAPHITE_CARBONATE_2014,Table 3,exact_reported_table,composition-matched within-study response,
JO2014_GNP_34_66_M1_REL_LIQUID,JO2014_GNP_34_66_M1,specific_heat_relative_change,56.8,%,,,,,,relative,JO2014_BASE_34_66,56.8,JO_GRAPHITE_CARBONATE_2014,Table 3,exact_reported_table,composition-matched within-study response,
