outcome_id,source_id,candidate_id,metric,value,unit,comparison_basis,direct_or_derived,locator,scope_note
EG_LATENT_DENSITY,KUMAR_CEG_SOLAR_SALT_2024,CEG_SOLAR_SALT_60CR,volumetric_latent_energy,177.145,MJ m-3,composite density multiplied by composite latent heat,derived_from_two_reported_values,Table 1,Valid only for the reported CEG Solar-Salt composite.
NEAT_LATENT_DENSITY,KUMAR_CEG_SOLAR_SALT_2024,SOLAR_SALT_NEAT_PCM,volumetric_latent_energy,251.37,MJ m-3,neat-salt density multiplied by neat-salt latent heat,derived_from_two_reported_values,Table 1,Within-source baseline for the CEG comparison.
EG_CONDUCTIVITY_GAIN,KUMAR_CEG_SOLAR_SALT_2024,CEG_SOLAR_SALT_60CR,thermal_conductivity_gain,3-4,fold,CEG composite versus corresponding neat nitrate PCM,direct_reported_interval,Figure 5 and Conclusions,Room-temperature TPS result; not extrapolated to 250-420 C.
SIC_MELTING_RATE,ZHANG_SIC_SOLAR_SALT_2022,SIC_FOAM_SOLAR_SALT,melting_rate_change,41.3,%,SiC-foam Solar-Salt composite versus neat Solar Salt,direct_reported,Abstract,Lab-scale visualised melting experiment.
SIC_UNIT_STORED_ENERGY,ZHANG_SIC_SHELL_TUBE_2023,SIC_FOAM_SOLAR_SALT,total_stored_energy_change,-13.6,%,fully foam-filled shell-and-tube case versus no foam,direct_reported,Abstract,Numerical unit study calibrated to the authors' experimental material system.
SIC_UNIT_STORAGE_RATE,ZHANG_SIC_SHELL_TUBE_2023,SIC_FOAM_SOLAR_SALT,energy_storage_rate_change,54.9,%,fully foam-filled shell-and-tube case versus no foam,direct_reported,Abstract,Numerical unit study calibrated to the authors' experimental material system.
SIC_UNIT_SOLIDIFICATION_TIME,ZHANG_SIC_DISCHARGE_2022,SIC_FOAM_SOLAR_SALT,solidification_time_change,-52.0,%,best ceramic-foam unit versus no foam,direct_reported,Abstract,Numerical shell-and-tube discharge result with experimentally confirmed corrosion resistance.
NI_EFFUSIVITY,XIAO_METAL_FOAM_SOLAR_SALT_2020,NI_FOAM_SOLAR_SALT_G1,liquid_thermal_effusivity,3.238,kJ m-2 K-1 s-0.5,1 wt% graphene Solar Salt in 95% porosity 10 PPI Ni foam,direct_reported,Table 3,Measured over the stated liquid interval 260-290 C.
CU_EFFUSIVITY,XIAO_METAL_FOAM_SOLAR_SALT_2020,CU_FOAM_SOLAR_SALT_G1,liquid_thermal_effusivity,5.145,kJ m-2 K-1 s-0.5,1 wt% graphene Solar Salt in 95% porosity 10 PPI Cu foam,direct_reported,Table 3,Measured over the stated liquid interval 260-290 C.
NEAT_EFFUSIVITY,XIAO_METAL_FOAM_SOLAR_SALT_2020,SOLAR_SALT_NEAT_PCM,liquid_thermal_effusivity,1.229,kJ m-2 K-1 s-0.5,pure Solar Salt,direct_reported,Table 3,Separate within-paper reference row; not combined with the Kumar density row in calculations.
NEAT_CP_XIAO,XIAO_METAL_FOAM_SOLAR_SALT_2020,SOLAR_SALT_NEAT_PCM,liquid_specific_heat,1.677,kJ kg-1 K-1,pure Solar Salt over 260-290 C,direct_reported,Table 3,Within-paper baseline for metal-foam comparisons.
NEAT_RHO_XIAO,XIAO_METAL_FOAM_SOLAR_SALT_2020,SOLAR_SALT_NEAT_PCM,liquid_density,1884,kg m-3,pure liquid Solar Salt,direct_reported,Table 1,Used only in the 260-290 C within-paper density calculation.
GRAPHENE_RHO_XIAO,XIAO_METAL_FOAM_SOLAR_SALT_2020,SOLAR_SALT_NEAT_PCM,graphene_density,2200,kg m-3,graphene input used by Xiao et al.,direct_reported,Table 1,Used only to derive matrix density for the 1 wt% graphene rows.
