fluid_model_id,metric,interaction,standardized_coefficient,partial_R2,full_model_R2,n_cases
AIP_FLINAK_2017_V10,charge_t90_h,internal_diameter_m × nominal_thermal_input_kW,-0.17545356806645632,0.027838086139846507,0.9651744808877748,768
AIP_FLINAK_2017_V10,charge_t90_h,internal_diameter_m × bed_height_m,0.14346031188238484,0.01804268644501435,0.9651744808877748,768
AIP_FLINAK_2017_V10,charge_t90_h,bed_height_m × nominal_thermal_input_kW,-0.1360456247610167,0.017337832639872753,0.9651744808877748,768
AIP_FLINAK_2017_V10,charge_t90_h,porosity × particle_diameter_m,0.024730280932619992,0.0005275223403473177,0.9651744808877748,768
AIP_FLINAK_2017_V10,charge_t90_h,internal_diameter_m × particle_diameter_m,0.021286505274940297,0.0003886449489817849,0.9651744808877748,768
AIP_FLINAK_2017_V10,charge_t90_h,porosity × nominal_thermal_input_kW,-0.02136790869459465,0.00038354415501992245,0.9651744808877748,768
AIP_FLINAK_2017_V10,charge_t90_h,bed_height_m × particle_diameter_m,-0.0070739115119145,4.525802485472649e-05,0.9651744808877748,768
AIP_FLINAK_2017_V10,charge_t90_h,bed_height_m × porosity,-0.006694987329205386,4.229515637274584e-05,0.9651744808877748,768
AIP_FLINAK_2017_V10,charge_t90_h,particle_diameter_m × nominal_thermal_input_kW,-0.00499402415546106,2.2893673336507606e-05,0.9651744808877748,768
AIP_FLINAK_2017_V10,charge_t90_h,internal_diameter_m × porosity,-0.0022589901867609064,4.926652116275337e-06,0.9651744808877748,768
AIP_FLINAK_2017_V10,charge_t90_h,particle_diameter_m × graded_coarse_hot,0.000518547929868036,4.470269108584428e-08,0.9651744808877748,768
AIP_FLINAK_2017_V10,charge_t90_h,particle_diameter_m × graded_fine_hot,0.000517639348664338,4.4546175405798166e-08,0.9651744808877748,768
AIP_FLINAK_2017_V10,charge_t90_h,internal_diameter_m × graded_coarse_hot,-0.0001636811286895887,4.379331490037923e-09,0.9651744808877748,768
AIP_FLINAK_2017_V10,charge_t90_h,internal_diameter_m × graded_fine_hot,-0.00016264948393307114,4.32430162048784e-09,0.9651744808877748,768
AIP_FLINAK_2017_V10,charge_t90_h,nominal_thermal_input_kW × graded_coarse_hot,0.0001485873918861905,3.601246282662156e-09,0.9651744808877748,768
AIP_FLINAK_2017_V10,charge_t90_h,nominal_thermal_input_kW × graded_fine_hot,0.00014820402444829176,3.582687248722868e-09,0.9651744808877748,768
AIP_FLINAK_2017_V10,charge_t90_h,porosity × graded_fine_hot,-0.0001367350820012745,3.025318699260519e-09,0.9651744808877748,768
AIP_FLINAK_2017_V10,charge_t90_h,porosity × graded_coarse_hot,-0.00013659287904662504,3.0190293690927445e-09,0.9651744808877748,768
AIP_FLINAK_2017_V10,charge_t90_h,bed_height_m × graded_coarse_hot,-0.00013011453047971972,2.81495778538717e-09,0.9651744808877748,768
AIP_FLINAK_2017_V10,charge_t90_h,bed_height_m × graded_fine_hot,-0.00012981078879433338,2.8018305453514362e-09,0.9651744808877748,768
AIP_FLINAK_2017_V10,charge_t90_h,graded_fine_hot × graded_coarse_hot,0.0,0.0,0.9651744808877748,768
AIP_FLINAK_2017_V10,high_grade_discharge_fraction,particle_diameter_m × nominal_thermal_input_kW,-0.08311710388462726,0.006341543985350615,0.9928526973568563,768
AIP_FLINAK_2017_V10,high_grade_discharge_fraction,internal_diameter_m × particle_diameter_m,0.0829569165697199,0.005902683499142563,0.9928526973568563,768
AIP_FLINAK_2017_V10,high_grade_discharge_fraction,bed_height_m × particle_diameter_m,0.059980517974179234,0.00325384435206576,0.9928526973568563,768
AIP_FLINAK_2017_V10,high_grade_discharge_fraction,internal_diameter_m × nominal_thermal_input_kW,0.0561359891940157,0.0028496906999978307,0.9928526973568563,768
AIP_FLINAK_2017_V10,high_grade_discharge_fraction,bed_height_m × nominal_thermal_input_kW,0.04899995853905833,0.0022491430212593553,0.9928526973568563,768
AIP_FLINAK_2017_V10,high_grade_discharge_fraction,porosity × particle_diameter_m,0.034882931496474555,0.0010495634704857845,0.9928526973568563,768
AIP_FLINAK_2017_V10,high_grade_discharge_fraction,internal_diameter_m × bed_height_m,-0.030477286803471466,0.0008143109305241171,0.9928526973568563,768
AIP_FLINAK_2017_V10,high_grade_discharge_fraction,particle_diameter_m × graded_fine_hot,-0.034369695112002004,0.00019638450472077992,0.9928526973568563,768
AIP_FLINAK_2017_V10,high_grade_discharge_fraction,particle_diameter_m × graded_coarse_hot,-0.033508296051347565,0.00018666399064735017,0.9928526973568563,768
AIP_FLINAK_2017_V10,high_grade_discharge_fraction,internal_diameter_m × graded_fine_hot,0.020690699984604367,6.997790963382314e-05,0.9928526973568563,768
AIP_FLINAK_2017_V10,high_grade_discharge_fraction,internal_diameter_m × graded_coarse_hot,0.020160848004655587,6.643978051594039e-05,0.9928526973568563,768
AIP_FLINAK_2017_V10,high_grade_discharge_fraction,nominal_thermal_input_kW × graded_fine_hot,-0.019251370275789697,6.045221212852328e-05,0.9928526973568563,768
AIP_FLINAK_2017_V10,high_grade_discharge_fraction,nominal_thermal_input_kW × graded_coarse_hot,-0.018751050455639736,5.7350882895490514e-05,0.9928526973568563,768
AIP_FLINAK_2017_V10,high_grade_discharge_fraction,internal_diameter_m × porosity,-0.00732941626940596,5.1863519355601725e-05,0.9928526973568563,768
AIP_FLINAK_2017_V10,high_grade_discharge_fraction,bed_height_m × graded_fine_hot,0.015282944727828334,3.8835989281153324e-05,0.9928526973568563,768
AIP_FLINAK_2017_V10,high_grade_discharge_fraction,bed_height_m × graded_coarse_hot,0.014863958824902355,3.673578078877462e-05,0.9928526973568563,768
AIP_FLINAK_2017_V10,high_grade_discharge_fraction,porosity × graded_coarse_hot,0.00919060921634589,1.3667837927272323e-05,0.9928526973568563,768
AIP_FLINAK_2017_V10,high_grade_discharge_fraction,porosity × graded_fine_hot,0.009159151939627614,1.3574434511636159e-05,0.9928526973568563,768
AIP_FLINAK_2017_V10,high_grade_discharge_fraction,bed_height_m × porosity,-0.0023743533134214802,5.319634630178428e-06,0.9928526973568563,768
AIP_FLINAK_2017_V10,high_grade_discharge_fraction,porosity × nominal_thermal_input_kW,0.0018472039652771,2.8662959799854084e-06,0.9928526973568563,768
AIP_FLINAK_2017_V10,high_grade_discharge_fraction,graded_fine_hot × graded_coarse_hot,0.0,0.0,0.9928526973568563,768
AIP_FLINAK_2017_V10,pressure_drop_kPa,porosity × particle_diameter_m,0.23935034860339022,0.049414099502932914,0.8869509007174385,768
AIP_FLINAK_2017_V10,pressure_drop_kPa,internal_diameter_m × particle_diameter_m,0.18528157254486416,0.02944480960491688,0.8869509007174385,768
AIP_FLINAK_2017_V10,pressure_drop_kPa,internal_diameter_m × porosity,0.14842068787370752,0.02126728681826494,0.8869509007174385,768
AIP_FLINAK_2017_V10,pressure_drop_kPa,bed_height_m × particle_diameter_m,-0.1408741125019517,0.017948937152241388,0.8869509007174385,768
AIP_FLINAK_2017_V10,pressure_drop_kPa,porosity × nominal_thermal_input_kW,-0.14221233298585295,0.016988923170433455,0.8869509007174385,768
AIP_FLINAK_2017_V10,pressure_drop_kPa,particle_diameter_m × nominal_thermal_input_kW,-0.1280866742816406,0.015059900532196692,0.8869509007174385,768
AIP_FLINAK_2017_V10,pressure_drop_kPa,internal_diameter_m × nominal_thermal_input_kW,-0.12600391092328675,0.01435763852898305,0.8869509007174385,768
AIP_FLINAK_2017_V10,pressure_drop_kPa,internal_diameter_m × bed_height_m,-0.10497799821089694,0.009661270341175459,0.8869509007174385,768
AIP_FLINAK_2017_V10,pressure_drop_kPa,bed_height_m × porosity,-0.08664876126579442,0.007084608126251891,0.8869509007174385,768
AIP_FLINAK_2017_V10,pressure_drop_kPa,bed_height_m × nominal_thermal_input_kW,0.07735491313136889,0.0056053334520928914,0.8869509007174385,768
AIP_FLINAK_2017_V10,pressure_drop_kPa,particle_diameter_m × graded_fine_hot,-0.08175860949249941,0.0011112783456487438,0.8869509007174385,768
AIP_FLINAK_2017_V10,pressure_drop_kPa,particle_diameter_m × graded_coarse_hot,-0.08175860949249945,0.0011112783456487438,0.8869509007174385,768
AIP_FLINAK_2017_V10,pressure_drop_kPa,porosity × graded_fine_hot,-0.07072416368197346,0.0008093695489285736,0.8869509007174385,768
AIP_FLINAK_2017_V10,pressure_drop_kPa,porosity × graded_coarse_hot,-0.07072416368197347,0.0008093695489285736,0.8869509007174385,768
AIP_FLINAK_2017_V10,pressure_drop_kPa,internal_diameter_m × graded_coarse_hot,-0.06181276557380656,0.0006245496192638182,0.8869509007174385,768
AIP_FLINAK_2017_V10,pressure_drop_kPa,internal_diameter_m × graded_fine_hot,-0.06181276557380662,0.0006245496192637998,0.8869509007174385,768
AIP_FLINAK_2017_V10,pressure_drop_kPa,nominal_thermal_input_kW × graded_fine_hot,0.04052570963793412,0.0002678860879504567,0.8869509007174385,768
AIP_FLINAK_2017_V10,pressure_drop_kPa,nominal_thermal_input_kW × graded_coarse_hot,0.040525709637934074,0.0002678860879504382,0.8869509007174385,768
AIP_FLINAK_2017_V10,pressure_drop_kPa,bed_height_m × graded_fine_hot,0.02707590500352957,0.00012189510085861926,0.8869509007174385,768
AIP_FLINAK_2017_V10,pressure_drop_kPa,bed_height_m × graded_coarse_hot,0.027075905003529344,0.00012189510085860077,0.8869509007174385,768
AIP_FLINAK_2017_V10,pressure_drop_kPa,graded_fine_hot × graded_coarse_hot,0.0,0.0,0.8869509007174385,768
AIP_FLINAK_2017_V10,volumetric_capacity_MWh_m3,bed_height_m × porosity,6.679814691643917e-15,4.559482037463746e-29,1.0,768
AIP_FLINAK_2017_V10,volumetric_capacity_MWh_m3,bed_height_m × nominal_thermal_input_kW,4.367062946053126e-15,2.3531189164910246e-29,1.0,768
AIP_FLINAK_2017_V10,volumetric_capacity_MWh_m3,porosity × nominal_thermal_input_kW,-4.411202139156369e-15,2.1232240562326835e-29,1.0,768
AIP_FLINAK_2017_V10,volumetric_capacity_MWh_m3,internal_diameter_m × bed_height_m,-3.969167820872726e-15,1.7783879709492422e-29,1.0,768
AIP_FLINAK_2017_V10,volumetric_capacity_MWh_m3,particle_diameter_m × nominal_thermal_input_kW,-3.3180134040562477e-15,8.91899375988476e-30,1.0,768
AIP_FLINAK_2017_V10,volumetric_capacity_MWh_m3,internal_diameter_m × porosity,3.1297701900454076e-15,6.522473593523023e-30,1.0,768
AIP_FLINAK_2017_V10,volumetric_capacity_MWh_m3,internal_diameter_m × nominal_thermal_input_kW,-1.8597992544817055e-15,2.7892441459865258e-30,1.0,768
AIP_FLINAK_2017_V10,volumetric_capacity_MWh_m3,particle_diameter_m × graded_coarse_hot,-1.845312097570333e-16,2.1462736320775066e-30,1.0,768
AIP_FLINAK_2017_V10,volumetric_capacity_MWh_m3,bed_height_m × particle_diameter_m,1.5938699262765706e-15,1.6540614919102542e-30,1.0,768
AIP_FLINAK_2017_V10,volumetric_capacity_MWh_m3,porosity × particle_diameter_m,4.819850302191269e-16,2.160662594184588e-31,1.0,768
AIP_FLINAK_2017_V10,volumetric_capacity_MWh_m3,internal_diameter_m × particle_diameter_m,-9.029561207156063e-17,0.0,1.0,768
AIP_FLINAK_2017_V10,volumetric_capacity_MWh_m3,internal_diameter_m × graded_fine_hot,-6.513928980115875e-16,0.0,1.0,768
AIP_FLINAK_2017_V10,volumetric_capacity_MWh_m3,internal_diameter_m × graded_coarse_hot,-6.863042079656208e-16,0.0,1.0,768
AIP_FLINAK_2017_V10,volumetric_capacity_MWh_m3,bed_height_m × graded_fine_hot,1.3931003996797487e-16,0.0,1.0,768
AIP_FLINAK_2017_V10,volumetric_capacity_MWh_m3,bed_height_m × graded_coarse_hot,1.553119612085492e-16,0.0,1.0,768
AIP_FLINAK_2017_V10,volumetric_capacity_MWh_m3,porosity × graded_fine_hot,-1.5525775109992325e-16,0.0,1.0,768
AIP_FLINAK_2017_V10,volumetric_capacity_MWh_m3,porosity × graded_coarse_hot,-1.5395670849294064e-16,0.0,1.0,768
AIP_FLINAK_2017_V10,volumetric_capacity_MWh_m3,particle_diameter_m × graded_fine_hot,-1.4203048459560152e-16,0.0,1.0,768
AIP_FLINAK_2017_V10,volumetric_capacity_MWh_m3,nominal_thermal_input_kW × graded_fine_hot,1.730386667286876e-16,0.0,1.0,768
AIP_FLINAK_2017_V10,volumetric_capacity_MWh_m3,nominal_thermal_input_kW × graded_coarse_hot,2.0166160408230493e-16,0.0,1.0,768
AIP_FLINAK_2017_V10,volumetric_capacity_MWh_m3,graded_fine_hot × graded_coarse_hot,0.0,0.0,1.0,768
AIP_LIF_NAK_CARBONATE_RECIPROCAL_2017_V10,charge_t90_h,internal_diameter_m × nominal_thermal_input_kW,-0.17547843182558512,0.02784597664352148,0.9651814819990208,768
AIP_LIF_NAK_CARBONATE_RECIPROCAL_2017_V10,charge_t90_h,internal_diameter_m × bed_height_m,0.14344335860720978,0.01803842234506219,0.9651814819990208,768
AIP_LIF_NAK_CARBONATE_RECIPROCAL_2017_V10,charge_t90_h,bed_height_m × nominal_thermal_input_kW,-0.1360383741517757,0.017335984634839152,0.9651814819990208,768
AIP_LIF_NAK_CARBONATE_RECIPROCAL_2017_V10,charge_t90_h,porosity × particle_diameter_m,0.024741931521459426,0.0005280194955235388,0.9651814819990208,768
AIP_LIF_NAK_CARBONATE_RECIPROCAL_2017_V10,charge_t90_h,internal_diameter_m × particle_diameter_m,0.02128699339825116,0.00038866277331055704,0.9651814819990208,768
AIP_LIF_NAK_CARBONATE_RECIPROCAL_2017_V10,charge_t90_h,porosity × nominal_thermal_input_kW,-0.02030489627048504,0.00034633220713019736,0.9651814819990208,768
AIP_LIF_NAK_CARBONATE_RECIPROCAL_2017_V10,charge_t90_h,bed_height_m × porosity,-0.007430564770196942,5.2099645044517695e-05,0.9651814819990208,768
AIP_LIF_NAK_CARBONATE_RECIPROCAL_2017_V10,charge_t90_h,bed_height_m × particle_diameter_m,-0.0070848381142890535,4.539794697967318e-05,0.9651814819990208,768
AIP_LIF_NAK_CARBONATE_RECIPROCAL_2017_V10,charge_t90_h,particle_diameter_m × nominal_thermal_input_kW,-0.004999465269422625,2.2943586969766578e-05,0.9651814819990208,768
AIP_LIF_NAK_CARBONATE_RECIPROCAL_2017_V10,charge_t90_h,internal_diameter_m × porosity,-0.0033566027730450036,1.0877350077422484e-05,0.9651814819990208,768
AIP_LIF_NAK_CARBONATE_RECIPROCAL_2017_V10,charge_t90_h,particle_diameter_m × graded_coarse_hot,0.0005625049134727541,5.260275608154341e-08,0.9651814819990208,768
AIP_LIF_NAK_CARBONATE_RECIPROCAL_2017_V10,charge_t90_h,particle_diameter_m × graded_fine_hot,0.0005625049134725259,5.260275607691748e-08,0.9651814819990208,768
AIP_LIF_NAK_CARBONATE_RECIPROCAL_2017_V10,charge_t90_h,internal_diameter_m × graded_fine_hot,-0.00016972976785572182,4.708977689264297e-09,0.9651814819990208,768
AIP_LIF_NAK_CARBONATE_RECIPROCAL_2017_V10,charge_t90_h,internal_diameter_m × graded_coarse_hot,-0.00016972976785718766,4.708977689264297e-09,0.9651814819990208,768
AIP_LIF_NAK_CARBONATE_RECIPROCAL_2017_V10,charge_t90_h,nominal_thermal_input_kW × graded_coarse_hot,0.00015133012718471459,3.735422221540219e-09,0.9651814819990208,768
AIP_LIF_NAK_CARBONATE_RECIPROCAL_2017_V10,charge_t90_h,nominal_thermal_input_kW × graded_fine_hot,0.00015133012718580467,3.73542221228836e-09,0.9651814819990208,768
AIP_LIF_NAK_CARBONATE_RECIPROCAL_2017_V10,charge_t90_h,porosity × graded_coarse_hot,-0.00013400598741900548,2.9057592258278455e-09,0.9651814819990208,768
AIP_LIF_NAK_CARBONATE_RECIPROCAL_2017_V10,charge_t90_h,porosity × graded_fine_hot,-0.0001340059874202302,2.9057592212019165e-09,0.9651814819990208,768
AIP_LIF_NAK_CARBONATE_RECIPROCAL_2017_V10,charge_t90_h,bed_height_m × graded_fine_hot,-0.00012401953509280612,2.5574107461364313e-09,0.9651814819990208,768
AIP_LIF_NAK_CARBONATE_RECIPROCAL_2017_V10,charge_t90_h,bed_height_m × graded_coarse_hot,-0.00012401953509236547,2.5574107368845724e-09,0.9651814819990208,768
AIP_LIF_NAK_CARBONATE_RECIPROCAL_2017_V10,charge_t90_h,graded_fine_hot × graded_coarse_hot,0.0,0.0,0.9651814819990208,768
AIP_LIF_NAK_CARBONATE_RECIPROCAL_2017_V10,high_grade_discharge_fraction,particle_diameter_m × nominal_thermal_input_kW,-0.08392258077296373,0.006465049670568369,0.9928287658329314,768
AIP_LIF_NAK_CARBONATE_RECIPROCAL_2017_V10,high_grade_discharge_fraction,internal_diameter_m × particle_diameter_m,0.08378364931723543,0.0060209197652024826,0.9928287658329314,768
AIP_LIF_NAK_CARBONATE_RECIPROCAL_2017_V10,high_grade_discharge_fraction,bed_height_m × particle_diameter_m,0.06014504366386802,0.0032717193294931847,0.9928287658329314,768
AIP_LIF_NAK_CARBONATE_RECIPROCAL_2017_V10,high_grade_discharge_fraction,internal_diameter_m × nominal_thermal_input_kW,0.05695146061485675,0.002933085336701582,0.9928287658329314,768
AIP_LIF_NAK_CARBONATE_RECIPROCAL_2017_V10,high_grade_discharge_fraction,bed_height_m × nominal_thermal_input_kW,0.049229591877082673,0.0022702731791823115,0.9928287658329314,768
AIP_LIF_NAK_CARBONATE_RECIPROCAL_2017_V10,high_grade_discharge_fraction,porosity × particle_diameter_m,0.03404307060774659,0.0009996321326071064,0.9928287658329314,768
AIP_LIF_NAK_CARBONATE_RECIPROCAL_2017_V10,high_grade_discharge_fraction,internal_diameter_m × bed_height_m,-0.03058674881537152,0.0008201707817415347,0.9928287658329314,768
AIP_LIF_NAK_CARBONATE_RECIPROCAL_2017_V10,high_grade_discharge_fraction,particle_diameter_m × graded_fine_hot,-0.03483138201306659,0.00020169599347015282,0.9928287658329314,768
AIP_LIF_NAK_CARBONATE_RECIPROCAL_2017_V10,high_grade_discharge_fraction,particle_diameter_m × graded_coarse_hot,-0.03403620307793355,0.0001925919236517975,0.9928287658329314,768
AIP_LIF_NAK_CARBONATE_RECIPROCAL_2017_V10,high_grade_discharge_fraction,internal_diameter_m × graded_fine_hot,0.021121743942912018,7.292394335193382e-05,0.9928287658329314,768
AIP_LIF_NAK_CARBONATE_RECIPROCAL_2017_V10,high_grade_discharge_fraction,internal_diameter_m × graded_coarse_hot,0.0205882134048397,6.928638786725164e-05,0.9928287658329314,768
AIP_LIF_NAK_CARBONATE_RECIPROCAL_2017_V10,high_grade_discharge_fraction,nominal_thermal_input_kW × graded_fine_hot,-0.019659500912677614,6.304256574339238e-05,0.9928287658329314,768
AIP_LIF_NAK_CARBONATE_RECIPROCAL_2017_V10,high_grade_discharge_fraction,nominal_thermal_input_kW × graded_coarse_hot,-0.01913383080683587,5.9716282229696965e-05,0.9928287658329314,768
AIP_LIF_NAK_CARBONATE_RECIPROCAL_2017_V10,high_grade_discharge_fraction,internal_diameter_m × porosity,-0.006844265503482545,4.522482602531987e-05,0.9928287658329314,768
AIP_LIF_NAK_CARBONATE_RECIPROCAL_2017_V10,high_grade_discharge_fraction,bed_height_m × graded_fine_hot,0.015427595814533386,3.95746235433934e-05,0.9928287658329314,768
AIP_LIF_NAK_CARBONATE_RECIPROCAL_2017_V10,high_grade_discharge_fraction,bed_height_m × graded_coarse_hot,0.01505364659951841,3.7679377588392224e-05,0.9928287658329314,768
AIP_LIF_NAK_CARBONATE_RECIPROCAL_2017_V10,high_grade_discharge_fraction,porosity × graded_coarse_hot,0.008967108556073942,1.3011161704233611e-05,0.9928287658329314,768
AIP_LIF_NAK_CARBONATE_RECIPROCAL_2017_V10,high_grade_discharge_fraction,porosity × graded_fine_hot,0.008922991047903325,1.2883448749437486e-05,0.9928287658329314,768
AIP_LIF_NAK_CARBONATE_RECIPROCAL_2017_V10,high_grade_discharge_fraction,bed_height_m × porosity,-0.0019473698535532986,3.5783927174135965e-06,0.9928287658329314,768
AIP_LIF_NAK_CARBONATE_RECIPROCAL_2017_V10,high_grade_discharge_fraction,porosity × nominal_thermal_input_kW,0.0013724758202865173,1.582343378908613e-06,0.9928287658329314,768
AIP_LIF_NAK_CARBONATE_RECIPROCAL_2017_V10,high_grade_discharge_fraction,graded_fine_hot × graded_coarse_hot,0.0,0.0,0.9928287658329314,768
AIP_LIF_NAK_CARBONATE_RECIPROCAL_2017_V10,pressure_drop_kPa,porosity × particle_diameter_m,0.23993133661019037,0.04965428166933935,0.886804159248282,768
AIP_LIF_NAK_CARBONATE_RECIPROCAL_2017_V10,pressure_drop_kPa,internal_diameter_m × particle_diameter_m,0.18527435406669127,0.029442515339251924,0.886804159248282,768
AIP_LIF_NAK_CARBONATE_RECIPROCAL_2017_V10,pressure_drop_kPa,internal_diameter_m × porosity,0.14815805195260948,0.02119208690347485,0.886804159248282,768
AIP_LIF_NAK_CARBONATE_RECIPROCAL_2017_V10,pressure_drop_kPa,bed_height_m × particle_diameter_m,-0.1410676056049767,0.017998277383664902,0.886804159248282,768
AIP_LIF_NAK_CARBONATE_RECIPROCAL_2017_V10,pressure_drop_kPa,porosity × nominal_thermal_input_kW,-0.1419215670882154,0.01691952342907636,0.886804159248282,768
AIP_LIF_NAK_CARBONATE_RECIPROCAL_2017_V10,pressure_drop_kPa,particle_diameter_m × nominal_thermal_input_kW,-0.12794374638563902,0.015026309544425631,0.886804159248282,768
AIP_LIF_NAK_CARBONATE_RECIPROCAL_2017_V10,pressure_drop_kPa,internal_diameter_m × nominal_thermal_input_kW,-0.12501237453391525,0.014132564429479596,0.886804159248282,768
AIP_LIF_NAK_CARBONATE_RECIPROCAL_2017_V10,pressure_drop_kPa,internal_diameter_m × bed_height_m,-0.10466219166370178,0.009603229548604375,0.886804159248282,768
AIP_LIF_NAK_CARBONATE_RECIPROCAL_2017_V10,pressure_drop_kPa,bed_height_m × porosity,-0.08654496587357656,0.007067645177545841,0.886804159248282,768
AIP_LIF_NAK_CARBONATE_RECIPROCAL_2017_V10,pressure_drop_kPa,bed_height_m × nominal_thermal_input_kW,0.07719795374848275,0.005582609179221598,0.886804159248282,768
AIP_LIF_NAK_CARBONATE_RECIPROCAL_2017_V10,pressure_drop_kPa,particle_diameter_m × graded_fine_hot,-0.0820887897067557,0.0011202722125383535,0.886804159248282,768
AIP_LIF_NAK_CARBONATE_RECIPROCAL_2017_V10,pressure_drop_kPa,particle_diameter_m × graded_coarse_hot,-0.08208878970675564,0.0011202722125383535,0.886804159248282,768
AIP_LIF_NAK_CARBONATE_RECIPROCAL_2017_V10,pressure_drop_kPa,porosity × graded_fine_hot,-0.07098542112933971,0.0008153602703476018,0.886804159248282,768
AIP_LIF_NAK_CARBONATE_RECIPROCAL_2017_V10,pressure_drop_kPa,porosity × graded_coarse_hot,-0.07098542112933987,0.0008153602703476018,0.886804159248282,768
AIP_LIF_NAK_CARBONATE_RECIPROCAL_2017_V10,pressure_drop_kPa,internal_diameter_m × graded_fine_hot,-0.061977408395794645,0.0006278811173860236,0.886804159248282,768
AIP_LIF_NAK_CARBONATE_RECIPROCAL_2017_V10,pressure_drop_kPa,internal_diameter_m × graded_coarse_hot,-0.06197740839579427,0.0006278811173859866,0.886804159248282,768
AIP_LIF_NAK_CARBONATE_RECIPROCAL_2017_V10,pressure_drop_kPa,nominal_thermal_input_kW × graded_coarse_hot,0.04062386538798555,0.0002691853324864509,0.886804159248282,768
AIP_LIF_NAK_CARBONATE_RECIPROCAL_2017_V10,pressure_drop_kPa,nominal_thermal_input_kW × graded_fine_hot,0.04062386538798541,0.0002691853324864324,0.886804159248282,768
AIP_LIF_NAK_CARBONATE_RECIPROCAL_2017_V10,pressure_drop_kPa,bed_height_m × graded_fine_hot,0.027166024675845155,0.0001227078846286848,0.886804159248282,768
AIP_LIF_NAK_CARBONATE_RECIPROCAL_2017_V10,pressure_drop_kPa,bed_height_m × graded_coarse_hot,0.027166024675845085,0.0001227078846286663,0.886804159248282,768
AIP_LIF_NAK_CARBONATE_RECIPROCAL_2017_V10,pressure_drop_kPa,graded_fine_hot × graded_coarse_hot,0.0,0.0,0.886804159248282,768
AIP_LIF_NAK_CARBONATE_RECIPROCAL_2017_V10,volumetric_capacity_MWh_m3,internal_diameter_m × bed_height_m,7.70949394226956e-15,6.64369617123082e-29,1.0,768
AIP_LIF_NAK_CARBONATE_RECIPROCAL_2017_V10,volumetric_capacity_MWh_m3,bed_height_m × nominal_thermal_input_kW,-4.442441991590266e-15,2.1885834331904502e-29,1.0,768
AIP_LIF_NAK_CARBONATE_RECIPROCAL_2017_V10,volumetric_capacity_MWh_m3,internal_diameter_m × porosity,4.972049946738919e-15,2.0133700860434147e-29,1.0,768
AIP_LIF_NAK_CARBONATE_RECIPROCAL_2017_V10,volumetric_capacity_MWh_m3,particle_diameter_m × nominal_thermal_input_kW,-3.781289393274927e-15,1.3256710007441446e-29,1.0,768
AIP_LIF_NAK_CARBONATE_RECIPROCAL_2017_V10,volumetric_capacity_MWh_m3,internal_diameter_m × nominal_thermal_input_kW,-3.592911931509856e-15,1.0789468362862203e-29,1.0,768
AIP_LIF_NAK_CARBONATE_RECIPROCAL_2017_V10,volumetric_capacity_MWh_m3,porosity × nominal_thermal_input_kW,2.3520662929688767e-15,1.0498074249798925e-29,1.0,768
AIP_LIF_NAK_CARBONATE_RECIPROCAL_2017_V10,volumetric_capacity_MWh_m3,porosity × particle_diameter_m,2.6666519092655674e-15,6.94589511245275e-30,1.0,768
AIP_LIF_NAK_CARBONATE_RECIPROCAL_2017_V10,volumetric_capacity_MWh_m3,bed_height_m × particle_diameter_m,1.0887946404736572e-15,2.8668175357143568e-30,1.0,768
AIP_LIF_NAK_CARBONATE_RECIPROCAL_2017_V10,volumetric_capacity_MWh_m3,internal_diameter_m × particle_diameter_m,1.6401719271865712e-15,2.5988089095493228e-30,1.0,768
AIP_LIF_NAK_CARBONATE_RECIPROCAL_2017_V10,volumetric_capacity_MWh_m3,bed_height_m × porosity,1.6507504324736426e-15,9.481731079284244e-31,1.0,768
AIP_LIF_NAK_CARBONATE_RECIPROCAL_2017_V10,volumetric_capacity_MWh_m3,internal_diameter_m × graded_coarse_hot,9.65678282945729e-16,1.5398475186199584e-32,1.0,768
AIP_LIF_NAK_CARBONATE_RECIPROCAL_2017_V10,volumetric_capacity_MWh_m3,internal_diameter_m × graded_fine_hot,9.483310481859609e-16,0.0,1.0,768
AIP_LIF_NAK_CARBONATE_RECIPROCAL_2017_V10,volumetric_capacity_MWh_m3,bed_height_m × graded_fine_hot,-4.668174589429714e-17,0.0,1.0,768
AIP_LIF_NAK_CARBONATE_RECIPROCAL_2017_V10,volumetric_capacity_MWh_m3,bed_height_m × graded_coarse_hot,-3.862470239479669e-17,0.0,1.0,768
AIP_LIF_NAK_CARBONATE_RECIPROCAL_2017_V10,volumetric_capacity_MWh_m3,porosity × graded_fine_hot,-1.5178830414797146e-16,0.0,1.0,768
AIP_LIF_NAK_CARBONATE_RECIPROCAL_2017_V10,volumetric_capacity_MWh_m3,porosity × graded_coarse_hot,-4.206704429243841e-17,0.0,1.0,768
AIP_LIF_NAK_CARBONATE_RECIPROCAL_2017_V10,volumetric_capacity_MWh_m3,particle_diameter_m × graded_fine_hot,1.5829351718288735e-17,0.0,1.0,768
AIP_LIF_NAK_CARBONATE_RECIPROCAL_2017_V10,volumetric_capacity_MWh_m3,particle_diameter_m × graded_coarse_hot,-8.174884380540665e-17,0.0,1.0,768
AIP_LIF_NAK_CARBONATE_RECIPROCAL_2017_V10,volumetric_capacity_MWh_m3,nominal_thermal_input_kW × graded_fine_hot,6.223320470066696e-17,0.0,1.0,768
AIP_LIF_NAK_CARBONATE_RECIPROCAL_2017_V10,volumetric_capacity_MWh_m3,nominal_thermal_input_kW × graded_coarse_hot,-1.9515639104740066e-17,0.0,1.0,768
AIP_LIF_NAK_CARBONATE_RECIPROCAL_2017_V10,volumetric_capacity_MWh_m3,graded_fine_hot × graded_coarse_hot,0.0,0.0,1.0,768
AIP_LINAK_CARBONATE_2017_V10,charge_t90_h,internal_diameter_m × nominal_thermal_input_kW,-0.175578745534649,0.027877822512972942,0.9651997246127373,768
AIP_LINAK_CARBONATE_2017_V10,charge_t90_h,internal_diameter_m × bed_height_m,0.14338508686841758,0.01802376963834533,0.9651997246127373,768
AIP_LINAK_CARBONATE_2017_V10,charge_t90_h,bed_height_m × nominal_thermal_input_kW,-0.13595478929611748,0.017314687987824953,0.9651997246127373,768
AIP_LINAK_CARBONATE_2017_V10,charge_t90_h,porosity × particle_diameter_m,0.024713042972727205,0.0005267871898052093,0.9651997246127373,768
AIP_LINAK_CARBONATE_2017_V10,charge_t90_h,internal_diameter_m × particle_diameter_m,0.021159213181682766,0.00038401069734827115,0.9651997246127373,768
AIP_LINAK_CARBONATE_2017_V10,charge_t90_h,porosity × nominal_thermal_input_kW,-0.016342837099697388,0.0002243604145797153,0.9651997246127373,768
AIP_LINAK_CARBONATE_2017_V10,charge_t90_h,bed_height_m × porosity,-0.010167833622933801,9.755465077051588e-05,0.9651997246127373,768
AIP_LINAK_CARBONATE_2017_V10,charge_t90_h,internal_diameter_m × porosity,-0.007470628487420414,5.388122826344155e-05,0.9651997246127373,768
AIP_LINAK_CARBONATE_2017_V10,charge_t90_h,bed_height_m × particle_diameter_m,-0.007292797657507436,4.810217110588766e-05,0.9651997246127373,768
AIP_LINAK_CARBONATE_2017_V10,charge_t90_h,particle_diameter_m × nominal_thermal_input_kW,-0.00494219886333639,2.2420982379584935e-05,0.9651997246127373,768
AIP_LINAK_CARBONATE_2017_V10,charge_t90_h,particle_diameter_m × graded_coarse_hot,0.0008642837905220353,1.241848435427443e-07,0.9651997246127373,768
AIP_LINAK_CARBONATE_2017_V10,charge_t90_h,particle_diameter_m × graded_fine_hot,0.0008636506635243755,1.2400296814374379e-07,0.9651997246127373,768
AIP_LINAK_CARBONATE_2017_V10,charge_t90_h,internal_diameter_m × graded_coarse_hot,-0.00021325165430348205,7.433535430719414e-09,0.9651997246127373,768
AIP_LINAK_CARBONATE_2017_V10,charge_t90_h,internal_diameter_m × graded_fine_hot,-0.00021020282615076227,7.222502471093684e-09,0.9651997246127373,768
AIP_LINAK_CARBONATE_2017_V10,charge_t90_h,nominal_thermal_input_kW × graded_coarse_hot,0.00018215252597950107,5.412018828458247e-09,0.9651997246127373,768
AIP_LINAK_CARBONATE_2017_V10,charge_t90_h,nominal_thermal_input_kW × graded_fine_hot,0.00017723620098281255,5.123818859938585e-09,0.9651997246127373,768
AIP_LINAK_CARBONATE_2017_V10,charge_t90_h,porosity × graded_fine_hot,-0.00017362776285792335,4.878087193442108e-09,0.9651997246127373,768
AIP_LINAK_CARBONATE_2017_V10,charge_t90_h,porosity × graded_coarse_hot,-0.0001693427566394101,4.640283023567744e-09,0.9651997246127373,768
AIP_LINAK_CARBONATE_2017_V10,charge_t90_h,bed_height_m × graded_fine_hot,-0.00016587033165334846,4.574648331442018e-09,0.9651997246127373,768
AIP_LINAK_CARBONATE_2017_V10,charge_t90_h,bed_height_m × graded_coarse_hot,-0.00016556469899416356,4.557805369231893e-09,0.9651997246127373,768
AIP_LINAK_CARBONATE_2017_V10,charge_t90_h,graded_fine_hot × graded_coarse_hot,0.0,4.625929269271485e-18,0.9651997246127373,768
AIP_LINAK_CARBONATE_2017_V10,high_grade_discharge_fraction,particle_diameter_m × nominal_thermal_input_kW,-0.08456617176899643,0.006564589084385412,0.9928480784914259,768
AIP_LINAK_CARBONATE_2017_V10,high_grade_discharge_fraction,internal_diameter_m × particle_diameter_m,0.08416994443516461,0.006076568182215218,0.9928480784914259,768
AIP_LINAK_CARBONATE_2017_V10,high_grade_discharge_fraction,bed_height_m × particle_diameter_m,0.061425886270860264,0.003412551494415823,0.9928480784914259,768
AIP_LINAK_CARBONATE_2017_V10,high_grade_discharge_fraction,internal_diameter_m × nominal_thermal_input_kW,0.05694471738184056,0.002932390804664946,0.9928480784914259,768
AIP_LINAK_CARBONATE_2017_V10,high_grade_discharge_fraction,bed_height_m × nominal_thermal_input_kW,0.04956303782795229,0.0023011317381483325,0.9928480784914259,768
AIP_LINAK_CARBONATE_2017_V10,high_grade_discharge_fraction,internal_diameter_m × bed_height_m,-0.031239381705933506,0.0008555443347721173,0.9928480784914259,768
AIP_LINAK_CARBONATE_2017_V10,high_grade_discharge_fraction,porosity × particle_diameter_m,0.028752764153712147,0.0007130860833210624,0.9928480784914259,768
AIP_LINAK_CARBONATE_2017_V10,high_grade_discharge_fraction,particle_diameter_m × graded_fine_hot,-0.034175047829290726,0.00019416641884704297,0.9928480784914259,768
AIP_LINAK_CARBONATE_2017_V10,high_grade_discharge_fraction,particle_diameter_m × graded_coarse_hot,-0.03365560771481599,0.00018830885058466337,0.9928480784914259,768
AIP_LINAK_CARBONATE_2017_V10,high_grade_discharge_fraction,internal_diameter_m × graded_fine_hot,0.020478563316289985,6.855033297786113e-05,0.9928480784914259,768
AIP_LINAK_CARBONATE_2017_V10,high_grade_discharge_fraction,internal_diameter_m × graded_coarse_hot,0.020119858572434264,6.61698949980504e-05,0.9928480784914259,768
AIP_LINAK_CARBONATE_2017_V10,high_grade_discharge_fraction,nominal_thermal_input_kW × graded_fine_hot,-0.01904974930564464,5.919260220811282e-05,0.9928480784914259,768
AIP_LINAK_CARBONATE_2017_V10,high_grade_discharge_fraction,nominal_thermal_input_kW × graded_coarse_hot,-0.018733445522469406,5.724324258057912e-05,0.9928480784914259,768
AIP_LINAK_CARBONATE_2017_V10,high_grade_discharge_fraction,bed_height_m × graded_fine_hot,0.01517974729296073,3.8313283299803075e-05,0.9928480784914259,768
AIP_LINAK_CARBONATE_2017_V10,high_grade_discharge_fraction,bed_height_m × graded_coarse_hot,0.014945176479821898,3.713833104876964e-05,0.9928480784914259,768
AIP_LINAK_CARBONATE_2017_V10,high_grade_discharge_fraction,internal_diameter_m × porosity,-0.0035853885959701614,1.241068273884552e-05,0.9928480784914259,768
AIP_LINAK_CARBONATE_2017_V10,high_grade_discharge_fraction,porosity × graded_coarse_hot,0.007639459607238419,9.443576385922971e-06,0.9928480784914259,768
AIP_LINAK_CARBONATE_2017_V10,high_grade_discharge_fraction,porosity × graded_fine_hot,0.007543267067521472,9.20725534837852e-06,0.9928480784914259,768
AIP_LINAK_CARBONATE_2017_V10,high_grade_discharge_fraction,porosity × nominal_thermal_input_kW,-0.001598425517162938,2.1462293923410944e-06,0.9928480784914259,768
AIP_LINAK_CARBONATE_2017_V10,high_grade_discharge_fraction,bed_height_m × porosity,0.00041820602917264744,1.6503334238314e-07,0.9928480784914259,768
AIP_LINAK_CARBONATE_2017_V10,high_grade_discharge_fraction,graded_fine_hot × graded_coarse_hot,0.0,0.0,0.9928480784914259,768
AIP_LINAK_CARBONATE_2017_V10,pressure_drop_kPa,porosity × particle_diameter_m,0.24028833186299312,0.049802153395084155,0.8867125468710014,768
AIP_LINAK_CARBONATE_2017_V10,pressure_drop_kPa,internal_diameter_m × particle_diameter_m,0.1852692542091698,0.029440894493587708,0.8867125468710014,768
AIP_LINAK_CARBONATE_2017_V10,pressure_drop_kPa,internal_diameter_m × porosity,0.147995766430858,0.02114568665345725,0.8867125468710014,768
AIP_LINAK_CARBONATE_2017_V10,pressure_drop_kPa,bed_height_m × particle_diameter_m,-0.14118628398832989,0.018028573566143034,0.8867125468710014,768
AIP_LINAK_CARBONATE_2017_V10,pressure_drop_kPa,porosity × nominal_thermal_input_kW,-0.14174197776713648,0.016876730169835673,0.8867125468710014,768
AIP_LINAK_CARBONATE_2017_V10,pressure_drop_kPa,particle_diameter_m × nominal_thermal_input_kW,-0.1278552627413438,0.01500553286860725,0.8867125468710014,768
AIP_LINAK_CARBONATE_2017_V10,pressure_drop_kPa,internal_diameter_m × nominal_thermal_input_kW,-0.12440122648951477,0.013994722442634853,0.8867125468710014,768
AIP_LINAK_CARBONATE_2017_V10,pressure_drop_kPa,internal_diameter_m × bed_height_m,-0.10446731080413532,0.009567500442468329,0.8867125468710014,768
AIP_LINAK_CARBONATE_2017_V10,pressure_drop_kPa,bed_height_m × porosity,-0.0864807308128567,0.00705715763195621,0.8867125468710014,768
AIP_LINAK_CARBONATE_2017_V10,pressure_drop_kPa,bed_height_m × nominal_thermal_input_kW,0.07710100692169568,0.005568596465582406,0.8867125468710014,768
AIP_LINAK_CARBONATE_2017_V10,pressure_drop_kPa,particle_diameter_m × graded_coarse_hot,-0.08229186452667192,0.0011258218247860627,0.8867125468710014,768
AIP_LINAK_CARBONATE_2017_V10,pressure_drop_kPa,particle_diameter_m × graded_fine_hot,-0.0822918645266721,0.0011258218247860443,0.8867125468710014,768
AIP_LINAK_CARBONATE_2017_V10,pressure_drop_kPa,porosity × graded_coarse_hot,-0.07114608423979614,0.0008190552984534603,0.8867125468710014,768
AIP_LINAK_CARBONATE_2017_V10,pressure_drop_kPa,porosity × graded_fine_hot,-0.07114608423979608,0.0008190552984534417,0.8867125468710014,768
AIP_LINAK_CARBONATE_2017_V10,pressure_drop_kPa,internal_diameter_m × graded_fine_hot,-0.06207859643902317,0.0006299330239777358,0.8867125468710014,768
AIP_LINAK_CARBONATE_2017_V10,pressure_drop_kPa,internal_diameter_m × graded_coarse_hot,-0.062078596439023616,0.0006299330239777358,0.8867125468710014,768
AIP_LINAK_CARBONATE_2017_V10,pressure_drop_kPa,nominal_thermal_input_kW × graded_coarse_hot,0.04068417808844548,0.0002699852241822195,0.8867125468710014,768
AIP_LINAK_CARBONATE_2017_V10,pressure_drop_kPa,nominal_thermal_input_kW × graded_fine_hot,0.040684178088445454,0.000269985224182201,0.8867125468710014,768
AIP_LINAK_CARBONATE_2017_V10,pressure_drop_kPa,bed_height_m × graded_coarse_hot,0.027221435291420955,0.00012320897036353456,0.8867125468710014,768
AIP_LINAK_CARBONATE_2017_V10,pressure_drop_kPa,bed_height_m × graded_fine_hot,0.02722143529142084,0.00012320897036351605,0.8867125468710014,768
AIP_LINAK_CARBONATE_2017_V10,pressure_drop_kPa,graded_fine_hot × graded_coarse_hot,0.0,0.0,0.8867125468710014,768
AIP_LINAK_CARBONATE_2017_V10,volumetric_capacity_MWh_m3,bed_height_m × porosity,-9.005090816781087e-15,7.161064481730347e-29,1.0,768
AIP_LINAK_CARBONATE_2017_V10,volumetric_capacity_MWh_m3,internal_diameter_m × porosity,6.228602288835569e-15,3.995193189707258e-29,1.0,768
AIP_LINAK_CARBONATE_2017_V10,volumetric_capacity_MWh_m3,internal_diameter_m × bed_height_m,2.007248323971567e-15,1.9841490235525574e-29,1.0,768
AIP_LINAK_CARBONATE_2017_V10,volumetric_capacity_MWh_m3,particle_diameter_m × nominal_thermal_input_kW,4.86888542123682e-15,1.785317398010076e-29,1.0,768
AIP_LINAK_CARBONATE_2017_V10,volumetric_capacity_MWh_m3,bed_height_m × nominal_thermal_input_kW,-3.793937392891077e-15,1.5173670544467712e-29,1.0,768
AIP_LINAK_CARBONATE_2017_V10,volumetric_capacity_MWh_m3,internal_diameter_m × particle_diameter_m,-2.3444250920545873e-15,7.7318463196908e-30,1.0,768
AIP_LINAK_CARBONATE_2017_V10,volumetric_capacity_MWh_m3,porosity × nominal_thermal_input_kW,6.334371464038543e-16,6.049079604463457e-30,1.0,768
AIP_LINAK_CARBONATE_2017_V10,volumetric_capacity_MWh_m3,porosity × particle_diameter_m,2.9763510241808348e-15,5.729107268247857e-30,1.0,768
AIP_LINAK_CARBONATE_2017_V10,volumetric_capacity_MWh_m3,bed_height_m × particle_diameter_m,2.2134155625057547e-15,3.964964484373284e-30,1.0,768
AIP_LINAK_CARBONATE_2017_V10,volumetric_capacity_MWh_m3,internal_diameter_m × nominal_thermal_input_kW,-1.2117713779949042e-15,1.1881083975197582e-30,1.0,768
AIP_LINAK_CARBONATE_2017_V10,volumetric_capacity_MWh_m3,porosity × graded_fine_hot,1.8930169931597023e-16,2.0997268649715472e-31,1.0,768
AIP_LINAK_CARBONATE_2017_V10,volumetric_capacity_MWh_m3,internal_diameter_m × graded_coarse_hot,2.726426452403799e-16,1.2099402511669363e-31,1.0,768
AIP_LINAK_CARBONATE_2017_V10,volumetric_capacity_MWh_m3,internal_diameter_m × graded_fine_hot,5.981600364497275e-16,0.0,1.0,768
AIP_LINAK_CARBONATE_2017_V10,volumetric_capacity_MWh_m3,bed_height_m × graded_fine_hot,2.8611231083851995e-16,0.0,1.0,768
AIP_LINAK_CARBONATE_2017_V10,volumetric_capacity_MWh_m3,bed_height_m × graded_coarse_hot,3.164786141485196e-16,0.0,1.0,768
AIP_LINAK_CARBONATE_2017_V10,volumetric_capacity_MWh_m3,porosity × graded_coarse_hot,1.3660947373317472e-16,0.0,1.0,768
AIP_LINAK_CARBONATE_2017_V10,volumetric_capacity_MWh_m3,particle_diameter_m × graded_fine_hot,-2.918672248330983e-16,0.0,1.0,768
AIP_LINAK_CARBONATE_2017_V10,volumetric_capacity_MWh_m3,particle_diameter_m × graded_coarse_hot,-1.9407218887490584e-16,0.0,1.0,768
AIP_LINAK_CARBONATE_2017_V10,volumetric_capacity_MWh_m3,nominal_thermal_input_kW × graded_fine_hot,-2.3223610534639367e-16,0.0,1.0,768
AIP_LINAK_CARBONATE_2017_V10,volumetric_capacity_MWh_m3,nominal_thermal_input_kW × graded_coarse_hot,-2.0404684886177058e-16,0.0,1.0,768
AIP_LINAK_CARBONATE_2017_V10,volumetric_capacity_MWh_m3,graded_fine_hot × graded_coarse_hot,0.0,0.0,1.0,768
NREL_MGCL2_KCL_NACL_BASELINE_V10,charge_t90_h,internal_diameter_m × nominal_thermal_input_kW,-0.17527294488603115,0.027780799012170534,0.9654249004875417,768
NREL_MGCL2_KCL_NACL_BASELINE_V10,charge_t90_h,internal_diameter_m × bed_height_m,0.1426175373263645,0.01783132133112615,0.9654249004875417,768
NREL_MGCL2_KCL_NACL_BASELINE_V10,charge_t90_h,bed_height_m × nominal_thermal_input_kW,-0.13513724257953344,0.017107074779883078,0.9654249004875417,768
NREL_MGCL2_KCL_NACL_BASELINE_V10,charge_t90_h,internal_diameter_m × porosity,-0.024426735710716494,0.0005760419011961124,0.9654249004875417,768
NREL_MGCL2_KCL_NACL_BASELINE_V10,charge_t90_h,porosity × particle_diameter_m,0.02508865467822799,0.000542922080295614,0.9654249004875417,768
NREL_MGCL2_KCL_NACL_BASELINE_V10,charge_t90_h,bed_height_m × porosity,-0.02147117780198497,0.00043501361813224243,0.9654249004875417,768
NREL_MGCL2_KCL_NACL_BASELINE_V10,charge_t90_h,internal_diameter_m × particle_diameter_m,0.021295404004745482,0.00038896995952162244,0.9654249004875417,768
NREL_MGCL2_KCL_NACL_BASELINE_V10,charge_t90_h,bed_height_m × particle_diameter_m,-0.007652090302966845,5.295860343884166e-05,0.9654249004875417,768
NREL_MGCL2_KCL_NACL_BASELINE_V10,charge_t90_h,particle_diameter_m × nominal_thermal_input_kW,-0.005373986909132482,2.6509858689960364e-05,0.9654249004875417,768
NREL_MGCL2_KCL_NACL_BASELINE_V10,charge_t90_h,particle_diameter_m × graded_coarse_hot,0.0018209353439359564,5.512453127483793e-07,0.9654249004875417,768
NREL_MGCL2_KCL_NACL_BASELINE_V10,charge_t90_h,particle_diameter_m × graded_fine_hot,0.001820054909082653,5.507123797589738e-07,0.9654249004875417,768
NREL_MGCL2_KCL_NACL_BASELINE_V10,charge_t90_h,bed_height_m × graded_coarse_hot,-0.0002540957353419253,1.0735321127423406e-08,0.9654249004875417,768
NREL_MGCL2_KCL_NACL_BASELINE_V10,charge_t90_h,bed_height_m × graded_fine_hot,-0.00025386360716110677,1.0715715662024117e-08,0.9654249004875417,768
NREL_MGCL2_KCL_NACL_BASELINE_V10,charge_t90_h,internal_diameter_m × graded_coarse_hot,-0.00020524146082681263,6.885584186155924e-09,0.9654249004875417,768
NREL_MGCL2_KCL_NACL_BASELINE_V10,charge_t90_h,internal_diameter_m × graded_fine_hot,-0.00020503672220760353,6.871853618547104e-09,0.9654249004875417,768
NREL_MGCL2_KCL_NACL_BASELINE_V10,charge_t90_h,nominal_thermal_input_kW × graded_coarse_hot,0.00016611154978243617,4.500788070941712e-09,0.9654249004875417,768
NREL_MGCL2_KCL_NACL_BASELINE_V10,charge_t90_h,nominal_thermal_input_kW × graded_fine_hot,0.0001657833012804397,4.483017878216995e-09,0.9654249004875417,768
NREL_MGCL2_KCL_NACL_BASELINE_V10,charge_t90_h,porosity × graded_fine_hot,-0.00011687742796405322,2.210408351725294e-09,0.9654249004875417,768
NREL_MGCL2_KCL_NACL_BASELINE_V10,charge_t90_h,porosity × graded_coarse_hot,-0.00011636227031211877,2.190965765295575e-09,0.9654249004875417,768
NREL_MGCL2_KCL_NACL_BASELINE_V10,charge_t90_h,porosity × nominal_thermal_input_kW,4.963399877191965e-05,2.069425811268566e-09,0.9654249004875417,768
NREL_MGCL2_KCL_NACL_BASELINE_V10,charge_t90_h,graded_fine_hot × graded_coarse_hot,0.0,0.0,0.9654249004875417,768
NREL_MGCL2_KCL_NACL_BASELINE_V10,high_grade_discharge_fraction,particle_diameter_m × nominal_thermal_input_kW,-0.08421778821768726,0.006510612795897436,0.9928245445199944,768
NREL_MGCL2_KCL_NACL_BASELINE_V10,high_grade_discharge_fraction,internal_diameter_m × particle_diameter_m,0.08295968309825387,0.005903077202652706,0.9928245445199944,768
NREL_MGCL2_KCL_NACL_BASELINE_V10,high_grade_discharge_fraction,bed_height_m × particle_diameter_m,0.06361105744857233,0.0036596670952658322,0.9928245445199944,768
NREL_MGCL2_KCL_NACL_BASELINE_V10,high_grade_discharge_fraction,internal_diameter_m × nominal_thermal_input_kW,0.05507456441929363,0.002742945049476558,0.9928245445199944,768
NREL_MGCL2_KCL_NACL_BASELINE_V10,high_grade_discharge_fraction,bed_height_m × nominal_thermal_input_kW,0.050027942058880566,0.002344503708445587,0.9928245445199944,768
NREL_MGCL2_KCL_NACL_BASELINE_V10,high_grade_discharge_fraction,internal_diameter_m × bed_height_m,-0.03259158166000201,0.0009312119377350758,0.9928245445199944,768
NREL_MGCL2_KCL_NACL_BASELINE_V10,high_grade_discharge_fraction,particle_diameter_m × graded_fine_hot,-0.03339624461446087,0.00018541767260531886,0.9928245445199944,768
NREL_MGCL2_KCL_NACL_BASELINE_V10,high_grade_discharge_fraction,particle_diameter_m × graded_coarse_hot,-0.03322095778152088,0.00018347637757238028,0.9928245445199944,768
NREL_MGCL2_KCL_NACL_BASELINE_V10,high_grade_discharge_fraction,porosity × nominal_thermal_input_kW,-0.01280316359048772,0.00013769745692210342,0.9928245445199944,768
NREL_MGCL2_KCL_NACL_BASELINE_V10,high_grade_discharge_fraction,bed_height_m × porosity,0.009501780226655024,8.519244417159083e-05,0.9928245445199944,768
NREL_MGCL2_KCL_NACL_BASELINE_V10,high_grade_discharge_fraction,internal_diameter_m × porosity,0.008956167107492766,7.744039945361639e-05,0.9928245445199944,768
NREL_MGCL2_KCL_NACL_BASELINE_V10,high_grade_discharge_fraction,internal_diameter_m × graded_fine_hot,0.01929189422589666,6.0835956742263935e-05,0.9928245445199944,768
NREL_MGCL2_KCL_NACL_BASELINE_V10,high_grade_discharge_fraction,internal_diameter_m × graded_coarse_hot,0.01919001132034428,6.019508888597743e-05,0.9928245445199944,768
NREL_MGCL2_KCL_NACL_BASELINE_V10,high_grade_discharge_fraction,porosity × particle_diameter_m,0.008337668225389235,5.9961429203089306e-05,0.9928245445199944,768
NREL_MGCL2_KCL_NACL_BASELINE_V10,high_grade_discharge_fraction,nominal_thermal_input_kW × graded_fine_hot,-0.01793504792165994,5.246793672155728e-05,0.9928245445199944,768
NREL_MGCL2_KCL_NACL_BASELINE_V10,high_grade_discharge_fraction,nominal_thermal_input_kW × graded_coarse_hot,-0.01783443481269143,5.1880912350280487e-05,0.9928245445199944,768
NREL_MGCL2_KCL_NACL_BASELINE_V10,high_grade_discharge_fraction,bed_height_m × graded_fine_hot,0.015462676188834228,3.97548034007239e-05,0.9928245445199944,768
NREL_MGCL2_KCL_NACL_BASELINE_V10,high_grade_discharge_fraction,bed_height_m × graded_coarse_hot,0.01537650997650032,3.9312968315745545e-05,0.9928245445199944,768
NREL_MGCL2_KCL_NACL_BASELINE_V10,high_grade_discharge_fraction,porosity × graded_coarse_hot,0.0019082316006429707,5.892144469196262e-07,0.9928245445199944,768
NREL_MGCL2_KCL_NACL_BASELINE_V10,high_grade_discharge_fraction,porosity × graded_fine_hot,0.0018728569063098074,5.675712824957749e-07,0.9928245445199944,768
NREL_MGCL2_KCL_NACL_BASELINE_V10,high_grade_discharge_fraction,graded_fine_hot × graded_coarse_hot,0.0,0.0,0.9928245445199944,768
NREL_MGCL2_KCL_NACL_BASELINE_V10,pressure_drop_kPa,porosity × particle_diameter_m,0.23439797758413694,0.047390411212457496,0.8880864413524668,768
NREL_MGCL2_KCL_NACL_BASELINE_V10,pressure_drop_kPa,internal_diameter_m × particle_diameter_m,0.18529028868309289,0.02944757999447815,0.8880864413524668,768
NREL_MGCL2_KCL_NACL_BASELINE_V10,pressure_drop_kPa,internal_diameter_m × porosity,0.15058741588888694,0.02189276269642058,0.8880864413524668,768
NREL_MGCL2_KCL_NACL_BASELINE_V10,pressure_drop_kPa,porosity × nominal_thermal_input_kW,-0.14461733288449782,0.017568392507013957,0.8880864413524668,768
NREL_MGCL2_KCL_NACL_BASELINE_V10,pressure_drop_kPa,bed_height_m × particle_diameter_m,-0.13920760913357413,0.017526786646442177,0.8880864413524668,768
NREL_MGCL2_KCL_NACL_BASELINE_V10,pressure_drop_kPa,internal_diameter_m × nominal_thermal_input_kW,-0.13430586776471684,0.016311914623043045,0.8880864413524668,768
NREL_MGCL2_KCL_NACL_BASELINE_V10,pressure_drop_kPa,particle_diameter_m × nominal_thermal_input_kW,-0.1292525452596527,0.015335304805984865,0.8880864413524668,768
NREL_MGCL2_KCL_NACL_BASELINE_V10,pressure_drop_kPa,internal_diameter_m × bed_height_m,-0.10760399772477813,0.010150664500746606,0.8880864413524668,768
NREL_MGCL2_KCL_NACL_BASELINE_V10,pressure_drop_kPa,bed_height_m × porosity,-0.08749721293835787,0.007224030240881567,0.8880864413524668,768
NREL_MGCL2_KCL_NACL_BASELINE_V10,pressure_drop_kPa,bed_height_m × nominal_thermal_input_kW,0.07865300014440256,0.005795037273958008,0.8880864413524668,768
NREL_MGCL2_KCL_NACL_BASELINE_V10,pressure_drop_kPa,particle_diameter_m × graded_fine_hot,-0.07895936094186129,0.0010364852067361596,0.8880864413524668,768
NREL_MGCL2_KCL_NACL_BASELINE_V10,pressure_drop_kPa,particle_diameter_m × graded_coarse_hot,-0.07895936094186122,0.0010364852067361596,0.8880864413524668,768
NREL_MGCL2_KCL_NACL_BASELINE_V10,pressure_drop_kPa,porosity × graded_fine_hot,-0.06850754603510031,0.0007594305120655435,0.8880864413524668,768
NREL_MGCL2_KCL_NACL_BASELINE_V10,pressure_drop_kPa,porosity × graded_coarse_hot,-0.06850754603510027,0.0007594305120655435,0.8880864413524668,768
NREL_MGCL2_KCL_NACL_BASELINE_V10,pressure_drop_kPa,internal_diameter_m × graded_fine_hot,-0.06041102945810975,0.0005965448095765306,0.8880864413524668,768
NREL_MGCL2_KCL_NACL_BASELINE_V10,pressure_drop_kPa,internal_diameter_m × graded_coarse_hot,-0.060411029458109784,0.0005965448095765306,0.8880864413524668,768
NREL_MGCL2_KCL_NACL_BASELINE_V10,pressure_drop_kPa,nominal_thermal_input_kW × graded_fine_hot,0.039689000292732146,0.0002569385227539911,0.8880864413524668,768
NREL_MGCL2_KCL_NACL_BASELINE_V10,pressure_drop_kPa,nominal_thermal_input_kW × graded_coarse_hot,0.03968900029273209,0.0002569385227539726,0.8880864413524668,768
NREL_MGCL2_KCL_NACL_BASELINE_V10,pressure_drop_kPa,bed_height_m × graded_coarse_hot,0.026310540106513246,0.00011510119021692262,0.8880864413524668,768
NREL_MGCL2_KCL_NACL_BASELINE_V10,pressure_drop_kPa,bed_height_m × graded_fine_hot,0.026310540106513302,0.00011510119021688563,0.8880864413524668,768
NREL_MGCL2_KCL_NACL_BASELINE_V10,pressure_drop_kPa,graded_fine_hot × graded_coarse_hot,0.0,0.0,0.8880864413524668,768
NREL_MGCL2_KCL_NACL_BASELINE_V10,volumetric_capacity_MWh_m3,porosity × nominal_thermal_input_kW,3.299342216669842e-16,6.638910764095559e-30,1.0,768
NREL_MGCL2_KCL_NACL_BASELINE_V10,volumetric_capacity_MWh_m3,internal_diameter_m × bed_height_m,2.9577195125653637e-16,6.601466932427294e-30,1.0,768
NREL_MGCL2_KCL_NACL_BASELINE_V10,volumetric_capacity_MWh_m3,porosity × particle_diameter_m,2.4516920435394283e-16,7.113089161025216e-31,1.0,768
NREL_MGCL2_KCL_NACL_BASELINE_V10,volumetric_capacity_MWh_m3,particle_diameter_m × graded_fine_hot,-4.681584980792406e-16,4.580928421117714e-31,1.0,768
NREL_MGCL2_KCL_NACL_BASELINE_V10,volumetric_capacity_MWh_m3,internal_diameter_m × particle_diameter_m,-5.127484750602841e-16,4.038657164642237e-31,1.0,768
NREL_MGCL2_KCL_NACL_BASELINE_V10,volumetric_capacity_MWh_m3,internal_diameter_m × porosity,-1.388226964041889e-15,0.0,1.0,768
NREL_MGCL2_KCL_NACL_BASELINE_V10,volumetric_capacity_MWh_m3,internal_diameter_m × nominal_thermal_input_kW,-4.733600084020367e-16,0.0,1.0,768
NREL_MGCL2_KCL_NACL_BASELINE_V10,volumetric_capacity_MWh_m3,internal_diameter_m × graded_fine_hot,-5.820347656227918e-16,0.0,1.0,768
NREL_MGCL2_KCL_NACL_BASELINE_V10,volumetric_capacity_MWh_m3,internal_diameter_m × graded_coarse_hot,-7.958235027043718e-16,0.0,1.0,768
NREL_MGCL2_KCL_NACL_BASELINE_V10,volumetric_capacity_MWh_m3,bed_height_m × porosity,6.997167291081069e-16,0.0,1.0,768
NREL_MGCL2_KCL_NACL_BASELINE_V10,volumetric_capacity_MWh_m3,bed_height_m × particle_diameter_m,-1.259319094368222e-15,0.0,1.0,768
NREL_MGCL2_KCL_NACL_BASELINE_V10,volumetric_capacity_MWh_m3,bed_height_m × nominal_thermal_input_kW,4.494290374010498e-16,0.0,1.0,768
NREL_MGCL2_KCL_NACL_BASELINE_V10,volumetric_capacity_MWh_m3,bed_height_m × graded_fine_hot,3.0552012243644543e-16,0.0,1.0,768
NREL_MGCL2_KCL_NACL_BASELINE_V10,volumetric_capacity_MWh_m3,bed_height_m × graded_coarse_hot,3.0932287981011407e-16,0.0,1.0,768
NREL_MGCL2_KCL_NACL_BASELINE_V10,volumetric_capacity_MWh_m3,porosity × graded_fine_hot,2.185751579730772e-16,0.0,1.0,768
NREL_MGCL2_KCL_NACL_BASELINE_V10,volumetric_capacity_MWh_m3,porosity × graded_coarse_hot,-5.421010862428023e-18,0.0,1.0,768
NREL_MGCL2_KCL_NACL_BASELINE_V10,volumetric_capacity_MWh_m3,particle_diameter_m × nominal_thermal_input_kW,2.496510998370689e-16,0.0,1.0,768
NREL_MGCL2_KCL_NACL_BASELINE_V10,volumetric_capacity_MWh_m3,particle_diameter_m × graded_coarse_hot,-3.4282472693991626e-16,0.0,1.0,768
NREL_MGCL2_KCL_NACL_BASELINE_V10,volumetric_capacity_MWh_m3,nominal_thermal_input_kW × graded_fine_hot,1.4853569763051406e-16,0.0,1.0,768
NREL_MGCL2_KCL_NACL_BASELINE_V10,volumetric_capacity_MWh_m3,nominal_thermal_input_kW × graded_coarse_hot,1.0408340855860823e-17,0.0,1.0,768
NREL_MGCL2_KCL_NACL_BASELINE_V10,volumetric_capacity_MWh_m3,graded_fine_hot × graded_coarse_hot,0.0,0.0,1.0,768
SOLAR_SALT_60_40_V10,charge_t90_h,internal_diameter_m × nominal_thermal_input_kW,-0.17553265238606705,0.02786318739361957,0.9652646485866495,768
SOLAR_SALT_60_40_V10,charge_t90_h,internal_diameter_m × bed_height_m,0.14319211454308867,0.017975288330399155,0.9652646485866495,768
SOLAR_SALT_60_40_V10,charge_t90_h,bed_height_m × nominal_thermal_input_kW,-0.13574635241848312,0.01726163722050381,0.9652646485866495,768
SOLAR_SALT_60_40_V10,charge_t90_h,porosity × particle_diameter_m,0.02482305935731416,0.000531487883550207,0.9652646485866495,768
SOLAR_SALT_60_40_V10,charge_t90_h,internal_diameter_m × particle_diameter_m,0.02122405696684864,0.00038636795532987395,0.9652646485866495,768
SOLAR_SALT_60_40_V10,charge_t90_h,bed_height_m × porosity,-0.013883921704921547,0.00018189276630681725,0.9652646485866495,768
SOLAR_SALT_60_40_V10,charge_t90_h,internal_diameter_m × porosity,-0.013040948652735558,0.00016418806246951134,0.9652646485866495,768
SOLAR_SALT_60_40_V10,charge_t90_h,porosity × nominal_thermal_input_kW,-0.01096316066626793,0.00010096314904624315,0.9652646485866495,768
SOLAR_SALT_60_40_V10,charge_t90_h,bed_height_m × particle_diameter_m,-0.007425429505811312,4.986771969542799e-05,0.9652646485866495,768
SOLAR_SALT_60_40_V10,charge_t90_h,particle_diameter_m × nominal_thermal_input_kW,-0.005093474515067297,2.3814555482009243e-05,0.9652646485866495,768
SOLAR_SALT_60_40_V10,charge_t90_h,particle_diameter_m × graded_coarse_hot,0.0010706173290428182,1.9055677571525967e-07,0.9652646485866495,768
SOLAR_SALT_60_40_V10,charge_t90_h,particle_diameter_m × graded_fine_hot,0.0010701867877158315,1.9040354437097987e-07,0.9652646485866495,768
SOLAR_SALT_60_40_V10,charge_t90_h,internal_diameter_m × graded_fine_hot,-0.00019811151957078462,6.415493307894889e-09,0.9652646485866495,768
SOLAR_SALT_60_40_V10,charge_t90_h,bed_height_m × graded_coarse_hot,-0.00019610406523035912,6.39430696817526e-09,0.9652646485866495,768
SOLAR_SALT_60_40_V10,charge_t90_h,internal_diameter_m × graded_coarse_hot,-0.000197166887720357,6.354458695345677e-09,0.9652646485866495,768
SOLAR_SALT_60_40_V10,charge_t90_h,bed_height_m × graded_fine_hot,-0.00019475166788291827,6.306416634275595e-09,0.9652646485866495,768
SOLAR_SALT_60_40_V10,charge_t90_h,nominal_thermal_input_kW × graded_coarse_hot,0.00016830801495312485,4.620601332105956e-09,0.9652646485866495,768
SOLAR_SALT_60_40_V10,charge_t90_h,nominal_thermal_input_kW × graded_fine_hot,0.0001675813409494081,4.58078834123891e-09,0.9652646485866495,768
SOLAR_SALT_60_40_V10,charge_t90_h,porosity × graded_fine_hot,-0.00015603067895226185,3.9394103072224835e-09,0.9652646485866495,768
SOLAR_SALT_60_40_V10,charge_t90_h,porosity × graded_coarse_hot,-0.00015496093737451362,3.885578525597566e-09,0.9652646485866495,768
SOLAR_SALT_60_40_V10,charge_t90_h,graded_fine_hot × graded_coarse_hot,0.0,9.25185853854297e-18,0.9652646485866495,768
SOLAR_SALT_60_40_V10,high_grade_discharge_fraction,particle_diameter_m × nominal_thermal_input_kW,-0.08277925961674147,0.0062900960885492,0.9928725099572523,768
SOLAR_SALT_60_40_V10,high_grade_discharge_fraction,internal_diameter_m × particle_diameter_m,0.08194480766597574,0.005759531724439544,0.9928725099572523,768
SOLAR_SALT_60_40_V10,high_grade_discharge_fraction,bed_height_m × particle_diameter_m,0.06264062806723872,0.0035488574734397356,0.9928725099572523,768
SOLAR_SALT_60_40_V10,high_grade_discharge_fraction,internal_diameter_m × nominal_thermal_input_kW,0.05414745105484452,0.0026513740418548375,0.9928725099572523,768
SOLAR_SALT_60_40_V10,high_grade_discharge_fraction,bed_height_m × nominal_thermal_input_kW,0.04957193411191659,0.0023019578924576723,0.9928725099572523,768
SOLAR_SALT_60_40_V10,high_grade_discharge_fraction,internal_diameter_m × bed_height_m,-0.031909640028197,0.000892650536621537,0.9928725099572523,768
SOLAR_SALT_60_40_V10,high_grade_discharge_fraction,porosity × particle_diameter_m,0.021796345572796222,0.00040977940398177054,0.9928725099572523,768
SOLAR_SALT_60_40_V10,high_grade_discharge_fraction,particle_diameter_m × graded_fine_hot,-0.033506034832266926,0.00018663879844211384,0.9928725099572523,768
SOLAR_SALT_60_40_V10,high_grade_discharge_fraction,particle_diameter_m × graded_coarse_hot,-0.03316543453160603,0.00018286359020293,0.9928725099572523,768
SOLAR_SALT_60_40_V10,high_grade_discharge_fraction,internal_diameter_m × graded_fine_hot,0.019362926789186895,6.128477627768968e-05,0.9928725099572523,768
SOLAR_SALT_60_40_V10,high_grade_discharge_fraction,internal_diameter_m × graded_coarse_hot,0.019168911460691714,6.0062789884208566e-05,0.9928725099572523,768
SOLAR_SALT_60_40_V10,high_grade_discharge_fraction,nominal_thermal_input_kW × graded_fine_hot,-0.018055556911647622,5.317538956252711e-05,0.9928725099572523,768
SOLAR_SALT_60_40_V10,high_grade_discharge_fraction,nominal_thermal_input_kW × graded_coarse_hot,-0.017896019719202527,5.223983571524027e-05,0.9928725099572523,768
SOLAR_SALT_60_40_V10,high_grade_discharge_fraction,bed_height_m × graded_fine_hot,0.015438670168739253,3.963145945000411e-05,0.9928725099572523,768
SOLAR_SALT_60_40_V10,high_grade_discharge_fraction,bed_height_m × graded_coarse_hot,0.015264095100966732,3.874024955600208e-05,0.9928725099572523,768
SOLAR_SALT_60_40_V10,high_grade_discharge_fraction,porosity × nominal_thermal_input_kW,-0.00546063281184353,2.504824363791397e-05,0.9928725099572523,768
SOLAR_SALT_60_40_V10,high_grade_discharge_fraction,bed_height_m × porosity,0.0034294878696986553,1.1098126181809106e-05,0.9928725099572523,768
SOLAR_SALT_60_40_V10,high_grade_discharge_fraction,porosity × graded_coarse_hot,0.0055383870092934,4.963383349887902e-06,0.9928725099572523,768
SOLAR_SALT_60_40_V10,high_grade_discharge_fraction,porosity × graded_fine_hot,0.005489560228162501,4.876254096235672e-06,0.9928725099572523,768
SOLAR_SALT_60_40_V10,high_grade_discharge_fraction,internal_diameter_m × porosity,0.0007037148610890128,4.78097698672584e-07,0.9928725099572523,768
SOLAR_SALT_60_40_V10,high_grade_discharge_fraction,graded_fine_hot × graded_coarse_hot,0.0,0.0,0.9928725099572523,768
SOLAR_SALT_60_40_V10,pressure_drop_kPa,porosity × particle_diameter_m,0.22972860471012624,0.0455211165945116,0.8889760287170821,768
SOLAR_SALT_60_40_V10,pressure_drop_kPa,internal_diameter_m × particle_diameter_m,0.18521601858683093,0.029423977718366173,0.8889760287170821,768
SOLAR_SALT_60_40_V10,pressure_drop_kPa,internal_diameter_m × porosity,0.15251788524574061,0.022457673203294837,0.8889760287170821,768
SOLAR_SALT_60_40_V10,pressure_drop_kPa,internal_diameter_m × nominal_thermal_input_kW,-0.14189922019658532,0.018208534060103605,0.8889760287170821,768
SOLAR_SALT_60_40_V10,pressure_drop_kPa,porosity × nominal_thermal_input_kW,-0.14677010079075314,0.018095330313225893,0.8889760287170821,768
SOLAR_SALT_60_40_V10,pressure_drop_kPa,bed_height_m × particle_diameter_m,-0.1376095375826898,0.017126689403318445,0.8889760287170821,768
SOLAR_SALT_60_40_V10,pressure_drop_kPa,particle_diameter_m × nominal_thermal_input_kW,-0.130269869297839,0.015577657797051689,0.8889760287170821,768
SOLAR_SALT_60_40_V10,pressure_drop_kPa,internal_diameter_m × bed_height_m,-0.10997693128844493,0.010603295262744264,0.8889760287170821,768
SOLAR_SALT_60_40_V10,pressure_drop_kPa,bed_height_m × porosity,-0.08824047715572719,0.007347283739302342,0.8889760287170821,768
SOLAR_SALT_60_40_V10,pressure_drop_kPa,bed_height_m × nominal_thermal_input_kW,0.07981468120403154,0.005967483327422733,0.8889760287170821,768
SOLAR_SALT_60_40_V10,pressure_drop_kPa,particle_diameter_m × graded_fine_hot,-0.0763438504510972,0.0009689558269314613,0.8889760287170821,768
SOLAR_SALT_60_40_V10,pressure_drop_kPa,particle_diameter_m × graded_coarse_hot,-0.07634385045109719,0.0009689558269314613,0.8889760287170821,768
SOLAR_SALT_60_40_V10,pressure_drop_kPa,porosity × graded_coarse_hot,-0.06643376605452318,0.0007141492184006096,0.8889760287170821,768
SOLAR_SALT_60_40_V10,pressure_drop_kPa,porosity × graded_fine_hot,-0.06643376605452321,0.0007141492184005912,0.8889760287170821,768
SOLAR_SALT_60_40_V10,pressure_drop_kPa,internal_diameter_m × graded_coarse_hot,-0.059092029862044274,0.000570779564114147,0.8889760287170821,768
SOLAR_SALT_60_40_V10,pressure_drop_kPa,internal_diameter_m × graded_fine_hot,-0.059092029862044225,0.0005707795641141286,0.8889760287170821,768
SOLAR_SALT_60_40_V10,pressure_drop_kPa,nominal_thermal_input_kW × graded_fine_hot,0.03890006512349381,0.0002468252354775509,0.8889760287170821,768
SOLAR_SALT_60_40_V10,pressure_drop_kPa,nominal_thermal_input_kW × graded_coarse_hot,0.03890006512349387,0.0002468252354775509,0.8889760287170821,768
SOLAR_SALT_60_40_V10,pressure_drop_kPa,bed_height_m × graded_coarse_hot,0.0255933151774723,0.0001089114092510483,0.8889760287170821,768
SOLAR_SALT_60_40_V10,pressure_drop_kPa,bed_height_m × graded_fine_hot,0.025593315177472223,0.00010891140925102978,0.8889760287170821,768
SOLAR_SALT_60_40_V10,pressure_drop_kPa,graded_fine_hot × graded_coarse_hot,0.0,3.700743415417188e-17,0.8889760287170821,768
SOLAR_SALT_60_40_V10,volumetric_capacity_MWh_m3,internal_diameter_m × bed_height_m,-7.115480104848069e-16,1.0488543244869066e-29,1.0,768
SOLAR_SALT_60_40_V10,volumetric_capacity_MWh_m3,porosity × nominal_thermal_input_kW,2.4211639112438224e-15,9.286451554220167e-30,1.0,768
SOLAR_SALT_60_40_V10,volumetric_capacity_MWh_m3,internal_diameter_m × particle_diameter_m,1.1447315045347972e-15,3.68368979638579e-30,1.0,768
SOLAR_SALT_60_40_V10,volumetric_capacity_MWh_m3,particle_diameter_m × graded_coarse_hot,5.104423828061755e-16,3.478336449304378e-30,1.0,768
SOLAR_SALT_60_40_V10,volumetric_capacity_MWh_m3,porosity × particle_diameter_m,3.3382546132987865e-16,2.201980451401875e-30,1.0,768
SOLAR_SALT_60_40_V10,volumetric_capacity_MWh_m3,bed_height_m × particle_diameter_m,1.7247052268014917e-15,2.028800585516087e-30,1.0,768
SOLAR_SALT_60_40_V10,volumetric_capacity_MWh_m3,bed_height_m × graded_fine_hot,-5.165663350637198e-16,6.7060101629172005e-31,1.0,768
SOLAR_SALT_60_40_V10,volumetric_capacity_MWh_m3,nominal_thermal_input_kW × graded_coarse_hot,-2.3375398838787485e-16,5.853709297440037e-31,1.0,768
SOLAR_SALT_60_40_V10,volumetric_capacity_MWh_m3,porosity × graded_coarse_hot,-4.681584980792409e-16,4.54948238480531e-31,1.0,768
SOLAR_SALT_60_40_V10,volumetric_capacity_MWh_m3,bed_height_m × porosity,-1.408491062886172e-15,4.293214355239946e-31,1.0,768
SOLAR_SALT_60_40_V10,volumetric_capacity_MWh_m3,particle_diameter_m × graded_fine_hot,4.3975240116012065e-16,3.3597957666109797e-31,1.0,768
SOLAR_SALT_60_40_V10,volumetric_capacity_MWh_m3,internal_diameter_m × nominal_thermal_input_kW,1.5318498614708068e-15,2.1611187251758514e-31,1.0,768
SOLAR_SALT_60_40_V10,volumetric_capacity_MWh_m3,internal_diameter_m × graded_fine_hot,3.977160255296131e-16,5.547606488540938e-32,1.0,768
SOLAR_SALT_60_40_V10,volumetric_capacity_MWh_m3,internal_diameter_m × porosity,-1.1909522019172777e-15,0.0,1.0,768
SOLAR_SALT_60_40_V10,volumetric_capacity_MWh_m3,internal_diameter_m × graded_coarse_hot,6.176081574422349e-16,0.0,1.0,768
SOLAR_SALT_60_40_V10,volumetric_capacity_MWh_m3,bed_height_m × nominal_thermal_input_kW,1.766997618737455e-18,0.0,1.0,768
SOLAR_SALT_60_40_V10,volumetric_capacity_MWh_m3,bed_height_m × graded_coarse_hot,-5.793434308676294e-16,0.0,1.0,768
SOLAR_SALT_60_40_V10,volumetric_capacity_MWh_m3,porosity × graded_fine_hot,-3.5648567431323396e-16,0.0,1.0,768
SOLAR_SALT_60_40_V10,volumetric_capacity_MWh_m3,particle_diameter_m × nominal_thermal_input_kW,-6.442266366687088e-16,0.0,1.0,768
SOLAR_SALT_60_40_V10,volumetric_capacity_MWh_m3,nominal_thermal_input_kW × graded_fine_hot,-2.7625471354930663e-16,0.0,1.0,768
SOLAR_SALT_60_40_V10,volumetric_capacity_MWh_m3,graded_fine_hot × graded_coarse_hot,0.0,0.0,1.0,768
