verification_case,method,topology,n_cells,charge_t90_h,high_grade_discharge_fraction,front_thickness_ratio,charge_energy_balance_error_pct,discharge_energy_balance_error_pct,temperature_min_K,temperature_max_K,temperature_clipping_used,t90_relative_error_vs_finest_pct,high_grade_absolute_error_vs_finest,cfl_number,maximum_time_step_s,time_step_s,L1_error,transition_cells_0p1_to_0p9,undershoot,overshoot
grid_energy_convergence,V16_MUSCL_LTNE,homogeneous,64,1.5874628066432408,0.8973484295067407,0.15021469142807628,-1.3733458814613186e-11,6.3824501239651e-10,773.15,823.1499999999986,False,0.11328565923058864,-0.0031353139690388776,,,,,,,
grid_energy_convergence,V16_MUSCL_LTNE,graded_two_layer,64,1.5902405193407791,0.8938957013435077,0.1260138926432622,2.6001423236721166e-11,5.700329097635404e-10,773.15,823.1499999999992,False,0.19344188806553753,3.301477780759399e-05,,,,,,,
grid_energy_convergence,V16_MUSCL_LTNE,homogeneous,128,1.5846850939457024,0.9101533888132202,0.12808244099704685,-2.603472992745992e-11,5.966560578940516e-10,773.15,823.1499999999996,False,-0.061890693628952054,0.009669645337440635,,,,,,,
grid_energy_convergence,V16_MUSCL_LTNE,graded_two_layer,128,1.5860739502944716,0.9042074291311628,0.09496300394593848,9.274803147718558e-11,5.485834009277823e-10,773.15,823.1499999999995,False,-0.06907368020012683,0.010344742565462695,,,,,,,
grid_energy_convergence,V16_MUSCL_LTNE,homogeneous,256,1.5837215448179096,0.913604055729901,0.12125521938977865,1.1253220577600587e-10,5.430544902651491e-10,773.15,823.1499999999997,False,-0.12265688523591667,0.013120312254121469,,,,,,,
grid_energy_convergence,V16_MUSCL_LTNE,graded_two_layer,256,1.585058018695393,0.9063774735550804,0.0821092587640208,9.510170428939091e-11,5.193623309196482e-10,773.15,823.15,False,-0.13308266651165246,0.012514786989380244,,,,,,,
grid_energy_convergence,V16_MUSCL_LTNE,homogeneous,512,1.5846639450689861,0.9067734783653277,0.12996335175993542,2.0035084702385575e-10,1.1923573239869256e-09,773.15,823.1499999999999,False,-0.06322444678978911,0.006289734889548204,,,,,,,
grid_energy_convergence,V16_MUSCL_LTNE,graded_two_layer,512,1.5860006502103352,0.8997695312676515,0.09249033091742286,2.077227279073668e-10,1.0702327912781584e-09,773.15,823.1499999999997,False,-0.07369196757929242,0.005906844701951353,,,,,,,
grid_energy_convergence,V16_MUSCL_LTNE,homogeneous,1024,1.584998121354409,0.9031971476393436,0.13473721169658295,3.100408818568212e-10,2.4012347665802736e-09,773.15,823.15,False,-0.0421496311890146,0.002713404163564026,,,,,,,
grid_energy_convergence,V16_MUSCL_LTNE,graded_two_layer,1024,1.5866690027810952,0.8964054392466413,0.09866218551432852,2.3252511027749279e-10,2.2150725698111273e-09,773.15,823.1499999999999,False,-0.0315822718164438,0.002542752680941174,,,,,,,
grid_energy_convergence,V16_MUSCL_LTNE,homogeneous,2048,1.5854993857821191,0.9013970279445578,0.13719990181006217,-6.433742427702782e-11,4.965938771306355e-09,773.15,823.1499999999999,False,-0.010537407814625865,0.0009132844687782526,,,,,,,
grid_energy_convergence,V16_MUSCL_LTNE,graded_two_layer,2048,1.5870031790661356,0.894714421542095,0.10192492376882964,3.149480676256644e-10,4.596611979934551e-09,773.15,823.15,False,-0.010527423956430138,0.0008517349763949023,,,,,,,
grid_energy_convergence,V16_MUSCL_LTNE,homogeneous,4096,1.5856664739250563,0.9004837434757795,0.13844824725423305,-1.8123280653981055e-10,1.0098966107818796e-08,773.15,823.15,False,0.0,0.0,,,,,,,
grid_energy_convergence,V16_MUSCL_LTNE,graded_two_layer,4096,1.587170267209075,0.8938626865657001,0.10358072576613359,-4.1466829969749597e-10,9.50732825799605e-09,773.15,823.1499999999999,False,0.0,0.0,,,,,,,
time_step_convergence,V16_operator_split_MUSCL_LTNE,homogeneous,2048,1.5854993857821191,0.9013970279445578,,-6.433742427702782e-11,4.965938771306355e-09,,,,0.0,0.0,0.45,5.0,0.6015173136069474,,,,
time_step_convergence,V16_operator_split_MUSCL_LTNE,homogeneous,2048,1.5854993857821191,0.9013970279445578,,-6.433742427702782e-11,4.965938771306355e-09,,,,0.0,0.0,0.45,2.5,0.6015173136069474,,,,
time_step_convergence,V16_operator_split_MUSCL_LTNE,homogeneous,2048,1.5854993857821191,0.9013970279445578,,-6.433742427702782e-11,4.965938771306355e-09,,,,0.0,0.0,0.45,1.25,0.6015173136069474,,,,
periodic_step_advection,first_order_upwind,,50,,,,,,,,,,,,,,0.08787383089535265,14.0,0.0,0.0
periodic_step_advection,MUSCL_minmod,,50,,,,,,,,,,,,,,0.034201958528142055,6.0,0.0,0.0
periodic_step_advection,first_order_upwind,,100,,,,,,,,,,,,,,0.061405536973718505,20.0,0.0,0.0
periodic_step_advection,MUSCL_minmod,,100,,,,,,,,,,,,,,0.015505566464543971,6.0,0.0,0.0
periodic_step_advection,first_order_upwind,,200,,,,,,,,,,,,,,0.043609776089221806,28.0,0.0,0.0
periodic_step_advection,MUSCL_minmod,,200,,,,,,,,,,,,,,0.00809196634818027,4.0,0.0,0.0
