particle_diameter_m,external_h_W_m2K,particle_conductivity_W_mK,Bi_radius,t90_lumped_s,t90_effective_resistance_s,t90_radial_fv_s,lumped_error_vs_radial_pct,effective_resistance_error_vs_radial_pct,n_radial_shells
0.008,100.0,0.592,0.6756756756756758,108.61877205209804,123.29698449157078,121.53946798153687,-10.630864314299638,1.446045913497751,16
0.008,300.0,0.592,2.027027027027027,36.20625735069935,50.88446979017207,49.745133144500535,-27.216483177305438,2.290347967030204,16
0.008,600.0,0.592,4.054054054054054,18.103128675349677,32.78134111482239,32.18827059553118,-43.758616600349434,1.8425050750429106,16
0.0126,100.0,0.592,1.0641891891891893,171.07456598205442,207.48570671472143,203.63629799271953,-15.990141409774239,1.8903352496319359,16
0.0126,300.0,0.592,3.192567567567568,57.024855327351474,93.43599606001847,91.47188685853398,-37.65859950441016,2.147227163382004,16
0.0126,600.0,0.592,6.385135135135136,28.512427663675737,64.92356839634273,64.32110589382671,-55.67173905445515,0.9366482341122806,16
0.02,100.0,0.592,1.6891891891891893,271.5469301302451,363.2857578769496,355.32222597357026,-23.577274293434325,2.2412141209460223,16
0.02,300.0,0.592,5.0675675675675675,90.51564337674839,182.25447112345282,179.63354796911005,-49.61094717546105,1.4590387953554496,16
0.02,600.0,0.592,10.135135135135135,45.25782168837419,136.99664943507864,137.43639142285858,-67.0699869082514,-0.31996037092312246,16
