scenario_id,n_base_geometries,seed,n_unit_cases,n_admissible_unit,n_service_cases,n_service_pareto,objective_definition,IGD_plus,additive_epsilon_indicator
S10MW_8H,64,20260821,960,960,960,16,installed_packed_volume_m3;salt_inventory_t;pump_energy_fraction;capacity_oversize_pct,0.0748859854548818,0.1591504460984302
S50MW_6H,64,20260821,960,960,960,14,installed_packed_volume_m3;salt_inventory_t;pump_energy_fraction;capacity_oversize_pct,0.11718137026030095,0.2402092834408482
S10MW_8H,64,20260822,960,960,960,16,installed_packed_volume_m3;salt_inventory_t;pump_energy_fraction;capacity_oversize_pct,0.09544198817691298,0.26514060024602004
S50MW_6H,64,20260822,960,960,960,13,installed_packed_volume_m3;salt_inventory_t;pump_energy_fraction;capacity_oversize_pct,0.12267921430963884,0.37781239964531543
S10MW_8H,64,20260823,960,960,960,22,installed_packed_volume_m3;salt_inventory_t;pump_energy_fraction;capacity_oversize_pct,0.11250128677735234,0.16893794514734556
S50MW_6H,64,20260823,960,960,960,20,installed_packed_volume_m3;salt_inventory_t;pump_energy_fraction;capacity_oversize_pct,0.1136015093076328,0.17349044822327178
S10MW_8H,64,20260824,960,960,960,13,installed_packed_volume_m3;salt_inventory_t;pump_energy_fraction;capacity_oversize_pct,0.13011489077783264,0.3404279619642039
S50MW_6H,64,20260824,960,960,960,13,installed_packed_volume_m3;salt_inventory_t;pump_energy_fraction;capacity_oversize_pct,0.09262520440556136,0.26813837703664295
S10MW_8H,128,20260821,1920,1920,1920,19,installed_packed_volume_m3;salt_inventory_t;pump_energy_fraction;capacity_oversize_pct,0.06940443053639345,0.205027330962414
S50MW_6H,128,20260821,1920,1920,1920,15,installed_packed_volume_m3;salt_inventory_t;pump_energy_fraction;capacity_oversize_pct,0.10376339133031537,0.2873518559500365
S10MW_8H,128,20260822,1920,1920,1920,15,installed_packed_volume_m3;salt_inventory_t;pump_energy_fraction;capacity_oversize_pct,0.04416862911738114,0.24839335486599248
S50MW_6H,128,20260822,1920,1920,1920,16,installed_packed_volume_m3;salt_inventory_t;pump_energy_fraction;capacity_oversize_pct,0.02050697254027462,0.10530384319226742
S10MW_8H,128,20260823,1920,1920,1920,19,installed_packed_volume_m3;salt_inventory_t;pump_energy_fraction;capacity_oversize_pct,0.044385485020964566,0.17791736108472808
S50MW_6H,128,20260823,1920,1920,1920,24,installed_packed_volume_m3;salt_inventory_t;pump_energy_fraction;capacity_oversize_pct,0.09450775933038598,0.2410282802879536
S10MW_8H,128,20260824,1920,1920,1920,13,installed_packed_volume_m3;salt_inventory_t;pump_energy_fraction;capacity_oversize_pct,0.05255500481701891,0.1336396634257514
S50MW_6H,128,20260824,1920,1920,1920,10,installed_packed_volume_m3;salt_inventory_t;pump_energy_fraction;capacity_oversize_pct,0.08789620319626926,0.2619038379060894
S10MW_8H,192,20260821,2880,2880,2880,13,installed_packed_volume_m3;salt_inventory_t;pump_energy_fraction;capacity_oversize_pct,0.03578876134920041,0.17186975993393017
S50MW_6H,192,20260821,2880,2880,2880,11,installed_packed_volume_m3;salt_inventory_t;pump_energy_fraction;capacity_oversize_pct,0.14926921606547475,0.3729468027061597
S10MW_8H,192,20260822,2880,2880,2880,28,installed_packed_volume_m3;salt_inventory_t;pump_energy_fraction;capacity_oversize_pct,0.0595403639464166,0.25902864976947493
S50MW_6H,192,20260822,2880,2880,2880,23,installed_packed_volume_m3;salt_inventory_t;pump_energy_fraction;capacity_oversize_pct,0.07089768630855971,0.24642484814658017
S10MW_8H,192,20260823,2880,2880,2880,19,installed_packed_volume_m3;salt_inventory_t;pump_energy_fraction;capacity_oversize_pct,0.05689167729574402,0.19997304699302265
S50MW_6H,192,20260823,2880,2880,2880,19,installed_packed_volume_m3;salt_inventory_t;pump_energy_fraction;capacity_oversize_pct,0.035089927225558766,0.10660314259198928
S10MW_8H,192,20260824,2880,2880,2880,19,installed_packed_volume_m3;salt_inventory_t;pump_energy_fraction;capacity_oversize_pct,0.06988708061245134,0.36270745009763483
S50MW_6H,192,20260824,2880,2880,2880,21,installed_packed_volume_m3;salt_inventory_t;pump_energy_fraction;capacity_oversize_pct,0.04679695255272401,0.2645279014559197
