summary_scope,summary_label,n_pairs,n_configuration_equivalent,configuration_equivalent_fraction,median_R_system_fluid,median_abs_A_system_log,median_delta_N_cont,median_integer_boundary_margin,minimum_integer_boundary_margin,maximum_integer_boundary_margin,median_one_module_relative_resolution
overall,all,15360,218,0.014192708333333333,0.4794513273215926,0.16917699891605842,546.1492829516554,545.6945140408684,-0.9101056188260372,8027.359498647773,
service,S10MW_8H,7680,27,0.003515625,0.4799301158014916,0.17022443374924867,300.3199654625855,300.08352458445825,-0.5460762951870493,2114.5443790921645,
service,S50MW_6H,7680,191,0.024869791666666665,0.4789848205833094,0.1679277168149338,1122.6796309736587,1122.125915512167,-0.9101056188260372,8027.359498647773,
fluid_pair,AIP_FLINAK_2017_V10 vs AIP_LIF_NAK_CARBONATE_RECIPROCAL_2017_V10,1536,53,0.034505208333333336,0.5200579071970541,0.020334998283018612,61.00738761267462,60.49913390312349,-0.9101056188260372,359.41821674747916,
fluid_pair,AIP_FLINAK_2017_V10 vs AIP_LINAK_CARBONATE_2017_V10,1536,39,0.025390625,0.5378200157202994,0.10024029891656508,319.7461802592536,319.2434487863802,-0.9101056188255825,1851.8360777660455,
fluid_pair,AIP_FLINAK_2017_V10 vs NREL_MGCL2_KCL_NACL_BASELINE_V10,1536,6,0.00390625,0.4476465937558809,0.3670790853904947,1392.5639069238694,1392.3840103810285,-0.7303814759352463,8027.359498647773,
fluid_pair,AIP_FLINAK_2017_V10 vs SOLAR_SALT_60_40_V10,1536,21,0.013671875,0.5029915273632168,0.1942104167726704,671.6406311844198,671.1817364124543,-0.9101056188255825,3810.491779550819,
fluid_pair,AIP_LIF_NAK_CARBONATE_RECIPROCAL_2017_V10 vs AIP_LINAK_CARBONATE_2017_V10,1536,39,0.025390625,0.543370167212095,0.08002821008738371,267.12835492221643,266.7243759733426,-0.9101056188255825,1491.8360777660455,
fluid_pair,AIP_LIF_NAK_CARBONATE_RECIPROCAL_2017_V10 vs NREL_MGCL2_KCL_NACL_BASELINE_V10,1536,6,0.00390625,0.444450302810557,0.34707942919677165,1335.247812989738,1335.1700162953316,-0.7303814759352463,7667.359498647773,
fluid_pair,AIP_LIF_NAK_CARBONATE_RECIPROCAL_2017_V10 vs SOLAR_SALT_60_40_V10,1536,21,0.013671875,0.5017745224855059,0.17412042602075367,614.5567843447916,613.910486210902,-0.9101056188255825,3450.491779550819,
fluid_pair,AIP_LINAK_CARBONATE_2017_V10 vs NREL_MGCL2_KCL_NACL_BASELINE_V10,1536,6,0.00390625,0.42147966355454936,0.2670652033517673,1104.2806752752927,1103.3136313060713,-0.7303814759352463,6175.359498647773,
fluid_pair,AIP_LINAK_CARBONATE_2017_V10 vs SOLAR_SALT_60_40_V10,1536,21,0.013671875,0.4714198708152044,0.09415579546184485,348.4803216187222,347.8776562941821,-0.9101056188255825,1958.491779550819,
fluid_pair,NREL_MGCL2_KCL_NACL_BASELINE_V10 vs SOLAR_SALT_60_40_V10,1536,6,0.00390625,0.3991623393292741,0.17320018008416685,746.3593615560312,746.0482505109712,-0.7303814759352463,4216.359498647773,
architecture_granularity,coarsest,3072,27,0.0087890625,0.4838456474845488,0.15474698536421355,178.5571801037902,177.93467287886529,-0.5460762951870493,701.8081565488465,0.0007521347471164744
architecture_granularity,coarse,3072,0,0.0,0.47825901594966685,0.171899770016229,349.0601276405466,348.4920772515063,28.628641484342097,1184.597361148486,0.0004722527275667251
architecture_granularity,intermediate,3072,127,0.041341145833333336,0.47697420889252207,0.16328012050563204,559.6525570105391,559.1631755166172,-0.9101056188260372,1995.466594021108,0.00025859362016801747
architecture_granularity,fine,3072,64,0.020833333333333332,0.4761762103724534,0.16947717396343467,1052.4684242552603,1051.876272854196,-0.7303814759352463,3216.6968222607284,0.0001589716954215309
architecture_granularity,finest,3072,0,0.0,0.48187441786450613,0.18470843947794535,1948.1380359269142,1947.5212292868746,146.67393372648257,8027.359498647773,9.31518434957599e-05
service_by_granularity,S10MW_8H::fine,20,0,0.0,0.45716062891156994,0.2565434188576705,1344.900395947186,1344.2375082259505,899.9223036447956,2114.5443790921645,0.00018567725188364592
service_by_granularity,S10MW_8H::intermediate,1516,0,0.0,0.47498599673390685,0.19225398078808242,641.922528128857,641.3330397516359,51.026035538644464,1910.1279786667465,0.00030105433936463154
service_by_granularity,S10MW_8H::coarse,3072,0,0.0,0.47825901594966685,0.171899770016229,349.0601276405466,348.4920772515063,28.628641484342097,1184.597361148486,0.0004722527275667251
service_by_granularity,S10MW_8H::coarsest,3072,27,0.0087890625,0.4838456474845488,0.15474698536421355,178.5571801037902,177.93467287886529,-0.5460762951870493,701.8081565488465,0.0007521347471164744
service_by_granularity,S50MW_6H::finest,3072,0,0.0,0.48187441786450613,0.18470843947794535,1948.1380359269142,1947.5212292868746,146.67393372648257,8027.359498647773,9.31518434957599e-05
service_by_granularity,S50MW_6H::fine,3052,64,0.020969855832241154,0.47664416546995186,0.16934293942535641,1049.498707213821,1049.0568646668216,-0.7303814759352463,3216.6968222607284,0.00015876178398056232
service_by_granularity,S50MW_6H::intermediate,1556,127,0.08161953727506427,0.478725521379988,0.10115310937686926,441.14427079061807,440.56493203412583,-0.9101056188260372,1995.466594021108,0.00022613327084583618
