scenario_id,fluid_model_id,design_id,registered_bound_properties,n_stress_samples,pareto_attainment_frequency_pct,median_equal_weight_regret_pct,max_equal_weight_regret_pct,interpretation
S10MW_8H,AIP_FLINAK_2017_V10,G0011_T1_homogeneous_none__AIP_FLINAK_2017_V10,viscosity,32,100.0,36.63488113747136,36.71718790032241,non-probabilistic Latin-hypercube stress frequency under registered bounds
S10MW_8H,AIP_FLINAK_2017_V10,G0015_T1_homogeneous_none__AIP_FLINAK_2017_V10,viscosity,32,100.0,79.12910654377608,79.20897305522033,non-probabilistic Latin-hypercube stress frequency under registered bounds
S10MW_8H,AIP_FLINAK_2017_V10,G0024_T1_homogeneous_none__AIP_FLINAK_2017_V10,viscosity,32,100.0,169.55190066342362,169.8048855114352,non-probabilistic Latin-hypercube stress frequency under registered bounds
S10MW_8H,AIP_FLINAK_2017_V10,G0029_T1_homogeneous_none__AIP_FLINAK_2017_V10,viscosity,32,100.0,97.66143167285009,97.69164348512103,non-probabilistic Latin-hypercube stress frequency under registered bounds
S10MW_8H,AIP_FLINAK_2017_V10,G0029_T2_graded_two_layer_fine_hot__AIP_FLINAK_2017_V10,viscosity,32,0.0,86.38131080605498,86.50675287932866,non-probabilistic Latin-hypercube stress frequency under registered bounds
S10MW_8H,AIP_FLINAK_2017_V10,G0045_T1_homogeneous_none__AIP_FLINAK_2017_V10,viscosity,32,100.0,52.27168376397604,52.309356129051366,non-probabilistic Latin-hypercube stress frequency under registered bounds
S10MW_8H,AIP_FLINAK_2017_V10,G0106_T1_homogeneous_none__AIP_FLINAK_2017_V10,viscosity,32,0.0,19.12658239009004,19.17758100404092,non-probabilistic Latin-hypercube stress frequency under registered bounds
S10MW_8H,AIP_FLINAK_2017_V10,G0110_T1_homogeneous_none__AIP_FLINAK_2017_V10,viscosity,32,100.0,39.304431590961705,39.485909005826045,non-probabilistic Latin-hypercube stress frequency under registered bounds
S10MW_8H,AIP_FLINAK_2017_V10,G0121_T1_homogeneous_none__AIP_FLINAK_2017_V10,viscosity,32,100.0,0.0,0.0,non-probabilistic Latin-hypercube stress frequency under registered bounds
S10MW_8H,AIP_FLINAK_2017_V10,G0126_T1_homogeneous_none__AIP_FLINAK_2017_V10,viscosity,32,0.0,27.441593414017518,27.480194534150133,non-probabilistic Latin-hypercube stress frequency under registered bounds
S10MW_8H,AIP_FLINAK_2017_V10,G0127_T1_homogeneous_none__AIP_FLINAK_2017_V10,viscosity,32,100.0,52.6047710941929,52.689582029421615,non-probabilistic Latin-hypercube stress frequency under registered bounds
S10MW_8H,AIP_FLINAK_2017_V10,G0130_T2_graded_two_layer_fine_hot__AIP_FLINAK_2017_V10,viscosity,32,100.0,9.872366638346715,9.895010991201033,non-probabilistic Latin-hypercube stress frequency under registered bounds
S10MW_8H,AIP_FLINAK_2017_V10,G0134_T1_homogeneous_none__AIP_FLINAK_2017_V10,viscosity,32,100.0,98.38275578773627,98.62279665100696,non-probabilistic Latin-hypercube stress frequency under registered bounds
S10MW_8H,AIP_FLINAK_2017_V10,G0138_T2_graded_two_layer_fine_hot__AIP_FLINAK_2017_V10,viscosity,32,0.0,32.640573753532266,32.79658749926002,non-probabilistic Latin-hypercube stress frequency under registered bounds
S10MW_8H,AIP_FLINAK_2017_V10,G0161_T1_homogeneous_none__AIP_FLINAK_2017_V10,viscosity,32,100.0,65.31393646258284,65.49881584108877,non-probabilistic Latin-hypercube stress frequency under registered bounds
S10MW_8H,AIP_FLINAK_2017_V10,G0170_T1_homogeneous_none__AIP_FLINAK_2017_V10,viscosity,32,0.0,82.83719361737509,83.27194827418899,non-probabilistic Latin-hypercube stress frequency under registered bounds
S10MW_8H,AIP_FLINAK_2017_V10,G0174_T1_homogeneous_none__AIP_FLINAK_2017_V10,viscosity,32,100.0,16.402213366625727,16.43514218134392,non-probabilistic Latin-hypercube stress frequency under registered bounds
S10MW_8H,AIP_FLINAK_2017_V10,G0175_T1_homogeneous_none__AIP_FLINAK_2017_V10,viscosity,32,0.0,45.35292908954426,45.54256624112253,non-probabilistic Latin-hypercube stress frequency under registered bounds
S10MW_8H,AIP_FLINAK_2017_V10,G0184_T1_homogeneous_none__AIP_FLINAK_2017_V10,viscosity,32,0.0,71.60782125652798,71.69821705623082,non-probabilistic Latin-hypercube stress frequency under registered bounds
S10MW_8H,AIP_FLINAK_2017_V10,G0187_T1_homogeneous_none__AIP_FLINAK_2017_V10,viscosity,32,0.0,40.963881201961456,41.145449711808546,non-probabilistic Latin-hypercube stress frequency under registered bounds
S10MW_8H,AIP_FLINAK_2017_V10,G0192_T1_homogeneous_none__AIP_FLINAK_2017_V10,viscosity,32,100.0,50.69729901354398,50.94580046804094,non-probabilistic Latin-hypercube stress frequency under registered bounds
S10MW_8H,AIP_FLINAK_2017_V10,G0197_T1_homogeneous_none__AIP_FLINAK_2017_V10,viscosity,32,100.0,72.88617541752697,72.97596298542634,non-probabilistic Latin-hypercube stress frequency under registered bounds
S10MW_8H,AIP_FLINAK_2017_V10,G0202_T1_homogeneous_none__AIP_FLINAK_2017_V10,viscosity,32,0.0,91.82458481418924,92.28790212219263,non-probabilistic Latin-hypercube stress frequency under registered bounds
S10MW_8H,AIP_FLINAK_2017_V10,G0212_T1_homogeneous_none__AIP_FLINAK_2017_V10,viscosity,32,100.0,70.02046705339873,70.31387552878486,non-probabilistic Latin-hypercube stress frequency under registered bounds
S10MW_8H,AIP_FLINAK_2017_V10,G0213_T1_homogeneous_none__AIP_FLINAK_2017_V10,viscosity,32,0.0,127.11246685280872,127.32551147256305,non-probabilistic Latin-hypercube stress frequency under registered bounds
S10MW_8H,AIP_FLINAK_2017_V10,G0225_T1_homogeneous_none__AIP_FLINAK_2017_V10,viscosity,32,100.0,130.1962215206839,130.46486977879192,non-probabilistic Latin-hypercube stress frequency under registered bounds
S50MW_6H,AIP_FLINAK_2017_V10,G0011_T1_homogeneous_none__AIP_FLINAK_2017_V10,viscosity,32,0.0,473.4858712320919,473.4900182105361,non-probabilistic Latin-hypercube stress frequency under registered bounds
S50MW_6H,AIP_FLINAK_2017_V10,G0015_T1_homogeneous_none__AIP_FLINAK_2017_V10,viscosity,32,100.0,436.1271393675157,436.13141734677635,non-probabilistic Latin-hypercube stress frequency under registered bounds
S50MW_6H,AIP_FLINAK_2017_V10,G0024_T1_homogeneous_none__AIP_FLINAK_2017_V10,viscosity,32,100.0,0.0,0.0,non-probabilistic Latin-hypercube stress frequency under registered bounds
S50MW_6H,AIP_FLINAK_2017_V10,G0029_T1_homogeneous_none__AIP_FLINAK_2017_V10,viscosity,32,50.0,508.9282431668752,508.9444429377047,non-probabilistic Latin-hypercube stress frequency under registered bounds
S50MW_6H,AIP_FLINAK_2017_V10,G0029_T2_graded_two_layer_fine_hot__AIP_FLINAK_2017_V10,viscosity,32,50.0,509.6791371629547,509.6953713223346,non-probabilistic Latin-hypercube stress frequency under registered bounds
S50MW_6H,AIP_FLINAK_2017_V10,G0045_T1_homogeneous_none__AIP_FLINAK_2017_V10,viscosity,32,100.0,264.1279682979241,264.43737192796647,non-probabilistic Latin-hypercube stress frequency under registered bounds
S50MW_6H,AIP_FLINAK_2017_V10,G0106_T1_homogeneous_none__AIP_FLINAK_2017_V10,viscosity,32,100.0,271.7364078810605,271.7515495224747,non-probabilistic Latin-hypercube stress frequency under registered bounds
S50MW_6H,AIP_FLINAK_2017_V10,G0110_T1_homogeneous_none__AIP_FLINAK_2017_V10,viscosity,32,100.0,215.3307552955362,215.38183120697855,non-probabilistic Latin-hypercube stress frequency under registered bounds
S50MW_6H,AIP_FLINAK_2017_V10,G0121_T1_homogeneous_none__AIP_FLINAK_2017_V10,viscosity,32,0.0,852.2586140546282,852.2766972265033,non-probabilistic Latin-hypercube stress frequency under registered bounds
S50MW_6H,AIP_FLINAK_2017_V10,G0126_T1_homogeneous_none__AIP_FLINAK_2017_V10,viscosity,32,100.0,281.28942838475507,281.4215601066198,non-probabilistic Latin-hypercube stress frequency under registered bounds
S50MW_6H,AIP_FLINAK_2017_V10,G0127_T1_homogeneous_none__AIP_FLINAK_2017_V10,viscosity,32,100.0,393.6298402934793,393.6511348322268,non-probabilistic Latin-hypercube stress frequency under registered bounds
S50MW_6H,AIP_FLINAK_2017_V10,G0130_T2_graded_two_layer_fine_hot__AIP_FLINAK_2017_V10,viscosity,32,100.0,210.39828285322602,210.4990614877455,non-probabilistic Latin-hypercube stress frequency under registered bounds
S50MW_6H,AIP_FLINAK_2017_V10,G0134_T1_homogeneous_none__AIP_FLINAK_2017_V10,viscosity,32,100.0,541.4251158120596,541.441953870368,non-probabilistic Latin-hypercube stress frequency under registered bounds
S50MW_6H,AIP_FLINAK_2017_V10,G0138_T2_graded_two_layer_fine_hot__AIP_FLINAK_2017_V10,viscosity,32,100.0,267.63058512357156,267.64143309041106,non-probabilistic Latin-hypercube stress frequency under registered bounds
S50MW_6H,AIP_FLINAK_2017_V10,G0161_T1_homogeneous_none__AIP_FLINAK_2017_V10,viscosity,32,100.0,386.1072018705139,386.183229375915,non-probabilistic Latin-hypercube stress frequency under registered bounds
S50MW_6H,AIP_FLINAK_2017_V10,G0170_T1_homogeneous_none__AIP_FLINAK_2017_V10,viscosity,32,0.0,1698.7832059612679,1698.8268134367445,non-probabilistic Latin-hypercube stress frequency under registered bounds
S50MW_6H,AIP_FLINAK_2017_V10,G0174_T1_homogeneous_none__AIP_FLINAK_2017_V10,viscosity,32,100.0,316.8553627831483,316.90495975108036,non-probabilistic Latin-hypercube stress frequency under registered bounds
S50MW_6H,AIP_FLINAK_2017_V10,G0175_T1_homogeneous_none__AIP_FLINAK_2017_V10,viscosity,32,0.0,382.24033000763035,382.28799932118545,non-probabilistic Latin-hypercube stress frequency under registered bounds
S50MW_6H,AIP_FLINAK_2017_V10,G0184_T1_homogeneous_none__AIP_FLINAK_2017_V10,viscosity,32,0.0,494.10622740313875,494.21656490595825,non-probabilistic Latin-hypercube stress frequency under registered bounds
S50MW_6H,AIP_FLINAK_2017_V10,G0187_T1_homogeneous_none__AIP_FLINAK_2017_V10,viscosity,32,100.0,155.94947260098397,155.96484656371942,non-probabilistic Latin-hypercube stress frequency under registered bounds
S50MW_6H,AIP_FLINAK_2017_V10,G0192_T1_homogeneous_none__AIP_FLINAK_2017_V10,viscosity,32,100.0,554.8168819291625,554.8550155856392,non-probabilistic Latin-hypercube stress frequency under registered bounds
S50MW_6H,AIP_FLINAK_2017_V10,G0197_T1_homogeneous_none__AIP_FLINAK_2017_V10,viscosity,32,100.0,442.97757803535006,443.0468510964364,non-probabilistic Latin-hypercube stress frequency under registered bounds
S50MW_6H,AIP_FLINAK_2017_V10,G0202_T1_homogeneous_none__AIP_FLINAK_2017_V10,viscosity,32,100.0,333.4163147203933,333.428424842805,non-probabilistic Latin-hypercube stress frequency under registered bounds
S50MW_6H,AIP_FLINAK_2017_V10,G0212_T1_homogeneous_none__AIP_FLINAK_2017_V10,viscosity,32,100.0,655.6178998297846,655.6330073440265,non-probabilistic Latin-hypercube stress frequency under registered bounds
S50MW_6H,AIP_FLINAK_2017_V10,G0213_T1_homogeneous_none__AIP_FLINAK_2017_V10,viscosity,32,0.0,933.2500009711387,933.2771085228724,non-probabilistic Latin-hypercube stress frequency under registered bounds
S50MW_6H,AIP_FLINAK_2017_V10,G0225_T1_homogeneous_none__AIP_FLINAK_2017_V10,viscosity,32,100.0,925.7401531423869,925.8712554792302,non-probabilistic Latin-hypercube stress frequency under registered bounds
S10MW_8H,SOLAR_SALT_60_40_V10,NOT_ASSESSED,none_registered,0,,,,uncertainty not quantified in registered source; no distribution or stability claim invented
S10MW_8H,AIP_LIF_NAK_CARBONATE_RECIPROCAL_2017_V10,NOT_ASSESSED,none_registered,0,,,,uncertainty not quantified in registered source; no distribution or stability claim invented
S50MW_6H,SOLAR_SALT_60_40_V10,NOT_ASSESSED,none_registered,0,,,,uncertainty not quantified in registered source; no distribution or stability claim invented
S50MW_6H,AIP_LIF_NAK_CARBONATE_RECIPROCAL_2017_V10,NOT_ASSESSED,none_registered,0,,,,uncertainty not quantified in registered source; no distribution or stability claim invented
