design_id,base_design_id,topology_id,fluid_model_id,topology,gradient_orientation,internal_diameter_m,bed_height_m,porosity,particle_diameter_m,nominal_thermal_input_kW,power_MW,energy_to_power_h,required_energy_MWh,n_cells,scenario_id,minimum_count,power_lower_count,maximum_count,status,integer_evaluations,nonmonotone_increments,exhaustive_minimality_verified,installed_energy_MWh,selected_fraction,actual_duty_fraction,selected_pressure_drop_kPa,signed_accounting,migration,original_checkpoint_sha256
UG0001_T1_homogeneous_none__SOLAR_SALT_60_40_V10,UG0001,T1_homogeneous_none,SOLAR_SALT_60_40_V10,homogeneous,none,3.3515138271762384,6.264946568257431,0.5797257996158602,0.009942320285698004,144.82744791702822,0.1,0.75,0.07500000000000001,2048,baseline,1.0,1,13,FEASIBLE,1,0,True,2.2960709345688954,0.9813659355465978,0.6904768497839587,0.0009401409515228511,True,NO_LOSS_POSITIVE_INVENTORY_KERNEL_UNCHANGED,ef65b7e71a8f812e2c24e73ab7d291f849432c06c6f139e91eda194a6b446abf
UG0001_T1_homogeneous_none__SOLAR_SALT_60_40_V10,UG0001,T1_homogeneous_none,SOLAR_SALT_60_40_V10,homogeneous,none,3.3515138271762384,6.264946568257431,0.5797257996158602,0.009942320285698004,144.82744791702822,0.1,0.75,0.07500000000000001,2048,properties_at_cold_endpoint,1.0,1,13,FEASIBLE,1,0,True,2.295957282788184,0.9813173595272662,0.6904768497839587,0.0009770836548649042,True,NO_LOSS_POSITIVE_INVENTORY_KERNEL_UNCHANGED,4c36990841bf68bc2ce4aa8e85862bbcccd7da06c37a23c45cb4b9b75491955e
UG0001_T1_homogeneous_none__SOLAR_SALT_60_40_V10,UG0001,T1_homogeneous_none,SOLAR_SALT_60_40_V10,homogeneous,none,3.3515138271762384,6.264946568257431,0.5797257996158602,0.009942320285698004,144.82744791702822,0.1,0.75,0.07500000000000001,2048,properties_at_hot_endpoint,1.0,1,13,FEASIBLE,1,0,True,2.2961797592290365,0.9814124484015807,0.6904768497839587,0.0008990808417452455,True,NO_LOSS_POSITIVE_INVENTORY_KERNEL_UNCHANGED,2372dbca66e86115c94dc06b65c438b061dc72d998d4580c53bd4d13ff42af62
UG0001_T1_homogeneous_none__SOLAR_SALT_60_40_V10,UG0001,T1_homogeneous_none,SOLAR_SALT_60_40_V10,homogeneous,none,3.3515138271762384,6.264946568257431,0.5797257996158602,0.009942320285698004,144.82744791702822,0.1,0.75,0.07500000000000001,2048,registered_moderate_losses,1.0,1,13,FEASIBLE,1,0,True,2.0709138111171144,0.885131308046849,0.6904768497839587,0.0009401409515228511,True,,
UG0001_T1_homogeneous_none__SOLAR_SALT_60_40_V10,UG0001,T1_homogeneous_none,SOLAR_SALT_60_40_V10,homogeneous,none,3.3515138271762384,6.264946568257431,0.5797257996158602,0.009942320285698004,144.82744791702822,0.1,0.75,0.07500000000000001,2048,registered_severe_losses,,1,13,NO_FEASIBLE_COUNT_IN_REGISTERED_DOMAIN,13,12,False,,,,,True,,
UG0001_T1_homogeneous_none__SOLAR_SALT_60_40_V10,UG0001,T1_homogeneous_none,SOLAR_SALT_60_40_V10,homogeneous,none,3.3515138271762384,6.264946568257431,0.5797257996158602,0.009942320285698004,144.82744791702822,0.1,15.0,1.5,2048,baseline,1.0,1,13,FEASIBLE,1,0,True,2.2960709345688954,0.9813659355465978,0.6904768497839587,0.0009401409515228511,True,NO_LOSS_POSITIVE_INVENTORY_KERNEL_UNCHANGED,5ca0f0dd6050f4b87ae02e7e41a3f74b8244344584c4ede171d46ea2ad380b7e
UG0001_T1_homogeneous_none__SOLAR_SALT_60_40_V10,UG0001,T1_homogeneous_none,SOLAR_SALT_60_40_V10,homogeneous,none,3.3515138271762384,6.264946568257431,0.5797257996158602,0.009942320285698004,144.82744791702822,0.1,15.0,1.5,2048,properties_at_cold_endpoint,1.0,1,13,FEASIBLE,1,0,True,2.295957282788184,0.9813173595272662,0.6904768497839587,0.0009770836548649042,True,NO_LOSS_POSITIVE_INVENTORY_KERNEL_UNCHANGED,784961e101d18acaae8379c72a19bb746de6456e10bf71f586057d645a7a96dd
UG0001_T1_homogeneous_none__SOLAR_SALT_60_40_V10,UG0001,T1_homogeneous_none,SOLAR_SALT_60_40_V10,homogeneous,none,3.3515138271762384,6.264946568257431,0.5797257996158602,0.009942320285698004,144.82744791702822,0.1,15.0,1.5,2048,properties_at_hot_endpoint,1.0,1,13,FEASIBLE,1,0,True,2.2961797592290365,0.9814124484015807,0.6904768497839587,0.0008990808417452455,True,NO_LOSS_POSITIVE_INVENTORY_KERNEL_UNCHANGED,6d12cc6cfd1ff56cc494a58f79369af5df8a545e0a03b5f2855130a953ed4d80
UG0001_T1_homogeneous_none__SOLAR_SALT_60_40_V10,UG0001,T1_homogeneous_none,SOLAR_SALT_60_40_V10,homogeneous,none,3.3515138271762384,6.264946568257431,0.5797257996158602,0.009942320285698004,144.82744791702822,0.1,15.0,1.5,2048,registered_moderate_losses,1.0,1,13,FEASIBLE,1,0,True,2.0709138111171144,0.885131308046849,0.6904768497839587,0.0009401409515228511,True,,
UG0001_T1_homogeneous_none__SOLAR_SALT_60_40_V10,UG0001,T1_homogeneous_none,SOLAR_SALT_60_40_V10,homogeneous,none,3.3515138271762384,6.264946568257431,0.5797257996158602,0.009942320285698004,144.82744791702822,0.1,15.0,1.5,2048,registered_severe_losses,,1,13,NO_FEASIBLE_COUNT_IN_REGISTERED_DOMAIN,13,12,False,,,,,True,,
UG0001_T1_homogeneous_none__SOLAR_SALT_60_40_V10,UG0001,T1_homogeneous_none,SOLAR_SALT_60_40_V10,homogeneous,none,3.3515138271762384,6.264946568257431,0.5797257996158602,0.009942320285698004,144.82744791702822,0.75,0.75,0.5625,2048,baseline,6.0,6,103,FEASIBLE,1,0,True,13.752602709708565,0.9796689075249804,0.8630960622299484,0.001184429458461384,True,NO_LOSS_POSITIVE_INVENTORY_KERNEL_UNCHANGED,2d429f395a311a05e087be2ed608e511678b5ccba3fadde19aa2ab6116131d20
UG0001_T1_homogeneous_none__SOLAR_SALT_60_40_V10,UG0001,T1_homogeneous_none,SOLAR_SALT_60_40_V10,homogeneous,none,3.3515138271762384,6.264946568257431,0.5797257996158602,0.009942320285698004,144.82744791702822,0.75,0.75,0.5625,2048,properties_at_cold_endpoint,6.0,6,103,FEASIBLE,1,0,True,13.75183233428218,0.9796140297052481,0.8630960622299484,0.0012305764602509712,True,NO_LOSS_POSITIVE_INVENTORY_KERNEL_UNCHANGED,8aeb5a5703f13d1337a98404a061710f53001c79c9f5d50844f015f2d21ed363
UG0001_T1_homogeneous_none__SOLAR_SALT_60_40_V10,UG0001,T1_homogeneous_none,SOLAR_SALT_60_40_V10,homogeneous,none,3.3515138271762384,6.264946568257431,0.5797257996158602,0.009942320285698004,144.82744791702822,0.75,0.75,0.5625,2048,properties_at_hot_endpoint,6.0,6,103,FEASIBLE,1,0,True,13.753345923997037,0.9797218505166025,0.8630960622299484,0.0011331367126512111,True,NO_LOSS_POSITIVE_INVENTORY_KERNEL_UNCHANGED,58b241d77c953670d669a8b3fa2b1fffd01e95f5cdcb8fcfa333bca94315ba7c
UG0001_T1_homogeneous_none__SOLAR_SALT_60_40_V10,UG0001,T1_homogeneous_none,SOLAR_SALT_60_40_V10,homogeneous,none,3.3515138271762384,6.264946568257431,0.5797257996158602,0.009942320285698004,144.82744791702822,0.75,0.75,0.5625,2048,registered_moderate_losses,6.0,6,103,FEASIBLE,1,0,True,12.711696278722624,0.905519767350965,0.8630960622299484,0.001184429458461384,True,,
UG0001_T1_homogeneous_none__SOLAR_SALT_60_40_V10,UG0001,T1_homogeneous_none,SOLAR_SALT_60_40_V10,homogeneous,none,3.3515138271762384,6.264946568257431,0.5797257996158602,0.009942320285698004,144.82744791702822,0.75,0.75,0.5625,2048,registered_severe_losses,,6,103,NO_FEASIBLE_COUNT_IN_REGISTERED_DOMAIN,98,92,False,,,,,True,,
UG0001_T1_homogeneous_none__SOLAR_SALT_60_40_V10,UG0001,T1_homogeneous_none,SOLAR_SALT_60_40_V10,homogeneous,none,3.3515138271762384,6.264946568257431,0.5797257996158602,0.009942320285698004,144.82744791702822,0.75,15.0,11.25,2048,baseline,6.0,6,103,FEASIBLE,1,0,True,13.752602709708565,0.9796689075249804,0.8630960622299484,0.001184429458461384,True,NO_LOSS_POSITIVE_INVENTORY_KERNEL_UNCHANGED,fd0e83f40621465c52b6d573fae42eb8b0aca16fc4f20f22ccbf41e61e65632f
UG0001_T1_homogeneous_none__SOLAR_SALT_60_40_V10,UG0001,T1_homogeneous_none,SOLAR_SALT_60_40_V10,homogeneous,none,3.3515138271762384,6.264946568257431,0.5797257996158602,0.009942320285698004,144.82744791702822,0.75,15.0,11.25,2048,properties_at_cold_endpoint,6.0,6,103,FEASIBLE,1,0,True,13.75183233428218,0.9796140297052481,0.8630960622299484,0.0012305764602509712,True,NO_LOSS_POSITIVE_INVENTORY_KERNEL_UNCHANGED,47ee471aefe905c06319c17e24735f0b2794e42fbb28474dcf52ac393bfad814
UG0001_T1_homogeneous_none__SOLAR_SALT_60_40_V10,UG0001,T1_homogeneous_none,SOLAR_SALT_60_40_V10,homogeneous,none,3.3515138271762384,6.264946568257431,0.5797257996158602,0.009942320285698004,144.82744791702822,0.75,15.0,11.25,2048,properties_at_hot_endpoint,6.0,6,103,FEASIBLE,1,0,True,13.753345923997037,0.9797218505166025,0.8630960622299484,0.0011331367126512111,True,NO_LOSS_POSITIVE_INVENTORY_KERNEL_UNCHANGED,36e9a533833b160954373c84721b76679c356f19af002f5deae5ce79383ad52c
UG0001_T1_homogeneous_none__SOLAR_SALT_60_40_V10,UG0001,T1_homogeneous_none,SOLAR_SALT_60_40_V10,homogeneous,none,3.3515138271762384,6.264946568257431,0.5797257996158602,0.009942320285698004,144.82744791702822,0.75,15.0,11.25,2048,registered_moderate_losses,6.0,6,103,FEASIBLE,1,0,True,12.711696278722624,0.905519767350965,0.8630960622299484,0.001184429458461384,True,,
UG0001_T1_homogeneous_none__SOLAR_SALT_60_40_V10,UG0001,T1_homogeneous_none,SOLAR_SALT_60_40_V10,homogeneous,none,3.3515138271762384,6.264946568257431,0.5797257996158602,0.009942320285698004,144.82744791702822,0.75,15.0,11.25,2048,registered_severe_losses,,6,103,NO_FEASIBLE_COUNT_IN_REGISTERED_DOMAIN,98,92,False,,,,,True,,
UG0001_T1_homogeneous_none__AIP_FLINAK_2017_V10,UG0001,T1_homogeneous_none,AIP_FLINAK_2017_V10,homogeneous,none,3.3515138271762384,6.264946568257431,0.5797257996158602,0.009942320285698004,144.82744791702822,0.1,0.75,0.07500000000000001,2048,baseline,1.0,1,13,FEASIBLE,1,0,True,2.865116174678603,0.9864924017725178,0.6904768497839587,0.0033925357690712727,True,NO_LOSS_POSITIVE_INVENTORY_KERNEL_UNCHANGED,7b37d71f81ad9dacd3318519874ea4ea9d101e0895c6726e6f411c8fefc9e4f9
UG0001_T1_homogeneous_none__AIP_FLINAK_2017_V10,UG0001,T1_homogeneous_none,AIP_FLINAK_2017_V10,homogeneous,none,3.3515138271762384,6.264946568257431,0.5797257996158602,0.009942320285698004,144.82744791702822,0.1,0.75,0.07500000000000001,2048,properties_at_cold_endpoint,1.0,1,13,FEASIBLE,1,0,True,2.8646071357479332,0.9863171338229141,0.6904768497839587,0.004105795359418245,True,NO_LOSS_POSITIVE_INVENTORY_KERNEL_UNCHANGED,a959255f1b0a1104748452047f5fa0cd645e7ffe2dd5b8d9c85da020da70f522
UG0001_T1_homogeneous_none__AIP_FLINAK_2017_V10,UG0001,T1_homogeneous_none,AIP_FLINAK_2017_V10,homogeneous,none,3.3515138271762384,6.264946568257431,0.5797257996158602,0.009942320285698004,144.82744791702822,0.1,0.75,0.07500000000000001,2048,properties_at_hot_endpoint,1.0,1,13,FEASIBLE,1,0,True,2.865605966192912,0.9866610426156321,0.6904768497839587,0.0028516463261286256,True,NO_LOSS_POSITIVE_INVENTORY_KERNEL_UNCHANGED,8329dc63808a397ee6a8db874370d65d079400d8dbc5fd563dce77875c8ce384
UG0001_T1_homogeneous_none__AIP_FLINAK_2017_V10,UG0001,T1_homogeneous_none,AIP_FLINAK_2017_V10,homogeneous,none,3.3515138271762384,6.264946568257431,0.5797257996158602,0.009942320285698004,144.82744791702822,0.1,0.75,0.07500000000000001,2048,registered_moderate_losses,,1,13,MODEL_DOMAIN_UNSUPPORTED,1,0,False,,,,,True,,
UG0001_T1_homogeneous_none__AIP_FLINAK_2017_V10,UG0001,T1_homogeneous_none,AIP_FLINAK_2017_V10,homogeneous,none,3.3515138271762384,6.264946568257431,0.5797257996158602,0.009942320285698004,144.82744791702822,0.1,0.75,0.07500000000000001,2048,registered_severe_losses,,1,13,MODEL_DOMAIN_UNSUPPORTED,1,0,False,,,,,True,,
UG0001_T1_homogeneous_none__AIP_FLINAK_2017_V10,UG0001,T1_homogeneous_none,AIP_FLINAK_2017_V10,homogeneous,none,3.3515138271762384,6.264946568257431,0.5797257996158602,0.009942320285698004,144.82744791702822,0.1,15.0,1.5,2048,baseline,1.0,1,13,FEASIBLE,1,0,True,2.865116174678603,0.9864924017725178,0.6904768497839587,0.0033925357690712727,True,NO_LOSS_POSITIVE_INVENTORY_KERNEL_UNCHANGED,a672b332fb20e955b9077994155a17d6449b55ea2244a3f5d66b33de0b8a2b43
UG0001_T1_homogeneous_none__AIP_FLINAK_2017_V10,UG0001,T1_homogeneous_none,AIP_FLINAK_2017_V10,homogeneous,none,3.3515138271762384,6.264946568257431,0.5797257996158602,0.009942320285698004,144.82744791702822,0.1,15.0,1.5,2048,properties_at_cold_endpoint,1.0,1,13,FEASIBLE,1,0,True,2.8646071357479332,0.9863171338229141,0.6904768497839587,0.004105795359418245,True,NO_LOSS_POSITIVE_INVENTORY_KERNEL_UNCHANGED,3f02c23768493619ac9ce190d0d57f9152b4ac4d950820e2e640fce0e62a2c30
UG0001_T1_homogeneous_none__AIP_FLINAK_2017_V10,UG0001,T1_homogeneous_none,AIP_FLINAK_2017_V10,homogeneous,none,3.3515138271762384,6.264946568257431,0.5797257996158602,0.009942320285698004,144.82744791702822,0.1,15.0,1.5,2048,properties_at_hot_endpoint,1.0,1,13,FEASIBLE,1,0,True,2.865605966192912,0.9866610426156321,0.6904768497839587,0.0028516463261286256,True,NO_LOSS_POSITIVE_INVENTORY_KERNEL_UNCHANGED,753dafb636d1a04769c98a32b54ff497b99fc942aee8db2e21740239274a7acc
UG0001_T1_homogeneous_none__AIP_FLINAK_2017_V10,UG0001,T1_homogeneous_none,AIP_FLINAK_2017_V10,homogeneous,none,3.3515138271762384,6.264946568257431,0.5797257996158602,0.009942320285698004,144.82744791702822,0.1,15.0,1.5,2048,registered_moderate_losses,,1,13,MODEL_DOMAIN_UNSUPPORTED,1,0,False,,,,,True,,
UG0001_T1_homogeneous_none__AIP_FLINAK_2017_V10,UG0001,T1_homogeneous_none,AIP_FLINAK_2017_V10,homogeneous,none,3.3515138271762384,6.264946568257431,0.5797257996158602,0.009942320285698004,144.82744791702822,0.1,15.0,1.5,2048,registered_severe_losses,,1,13,MODEL_DOMAIN_UNSUPPORTED,1,0,False,,,,,True,,
UG0001_T1_homogeneous_none__AIP_FLINAK_2017_V10,UG0001,T1_homogeneous_none,AIP_FLINAK_2017_V10,homogeneous,none,3.3515138271762384,6.264946568257431,0.5797257996158602,0.009942320285698004,144.82744791702822,0.75,0.75,0.5625,2048,baseline,6.0,6,103,FEASIBLE,1,0,True,17.171425627471486,0.9853865065350976,0.8630960622299484,0.0042457992983504335,True,NO_LOSS_POSITIVE_INVENTORY_KERNEL_UNCHANGED,e59ae05729a1715c96204cc53ce10d1721055779fbdc314522a9c406710841aa
UG0001_T1_homogeneous_none__AIP_FLINAK_2017_V10,UG0001,T1_homogeneous_none,AIP_FLINAK_2017_V10,homogeneous,none,3.3515138271762384,6.264946568257431,0.5797257996158602,0.009942320285698004,144.82744791702822,0.75,0.75,0.5625,2048,properties_at_cold_endpoint,6.0,6,103,FEASIBLE,1,0,True,17.167969855508677,0.9851881962063171,0.8630960622299484,0.005137334351149719,True,NO_LOSS_POSITIVE_INVENTORY_KERNEL_UNCHANGED,eed6a5f46ed836a797c2a11c33c943465c5727219ec9afdc58450c30dc31ce3f
UG0001_T1_homogeneous_none__AIP_FLINAK_2017_V10,UG0001,T1_homogeneous_none,AIP_FLINAK_2017_V10,homogeneous,none,3.3515138271762384,6.264946568257431,0.5797257996158602,0.009942320285698004,144.82744791702822,0.75,0.75,0.5625,2048,properties_at_hot_endpoint,6.0,6,103,FEASIBLE,1,0,True,17.174757965280584,0.9855777335644395,0.8630960622299484,0.0035697275456121535,True,NO_LOSS_POSITIVE_INVENTORY_KERNEL_UNCHANGED,cfe1097a583b0acc88f616bd01ca94540cfa155db1eef76ccb9543ff32e0c5e8
UG0001_T1_homogeneous_none__AIP_FLINAK_2017_V10,UG0001,T1_homogeneous_none,AIP_FLINAK_2017_V10,homogeneous,none,3.3515138271762384,6.264946568257431,0.5797257996158602,0.009942320285698004,144.82744791702822,0.75,0.75,0.5625,2048,registered_moderate_losses,,6,103,MODEL_DOMAIN_UNSUPPORTED,1,0,False,,,,,True,,
UG0001_T1_homogeneous_none__AIP_FLINAK_2017_V10,UG0001,T1_homogeneous_none,AIP_FLINAK_2017_V10,homogeneous,none,3.3515138271762384,6.264946568257431,0.5797257996158602,0.009942320285698004,144.82744791702822,0.75,0.75,0.5625,2048,registered_severe_losses,,6,103,MODEL_DOMAIN_UNSUPPORTED,1,0,False,,,,,True,,
UG0001_T1_homogeneous_none__AIP_FLINAK_2017_V10,UG0001,T1_homogeneous_none,AIP_FLINAK_2017_V10,homogeneous,none,3.3515138271762384,6.264946568257431,0.5797257996158602,0.009942320285698004,144.82744791702822,0.75,15.0,11.25,2048,baseline,6.0,6,103,FEASIBLE,1,0,True,17.171425627471486,0.9853865065350976,0.8630960622299484,0.0042457992983504335,True,NO_LOSS_POSITIVE_INVENTORY_KERNEL_UNCHANGED,a0ecf6c054b2bdf1f7acb508c49867b2f8bba295f17eafc61beb5bdb0995692d
UG0001_T1_homogeneous_none__AIP_FLINAK_2017_V10,UG0001,T1_homogeneous_none,AIP_FLINAK_2017_V10,homogeneous,none,3.3515138271762384,6.264946568257431,0.5797257996158602,0.009942320285698004,144.82744791702822,0.75,15.0,11.25,2048,properties_at_cold_endpoint,6.0,6,103,FEASIBLE,1,0,True,17.167969855508677,0.9851881962063171,0.8630960622299484,0.005137334351149719,True,NO_LOSS_POSITIVE_INVENTORY_KERNEL_UNCHANGED,e3378e072c4b8c7d121774558910bfc9f524d76722fa64818c9f2dbdb492cc0a
UG0001_T1_homogeneous_none__AIP_FLINAK_2017_V10,UG0001,T1_homogeneous_none,AIP_FLINAK_2017_V10,homogeneous,none,3.3515138271762384,6.264946568257431,0.5797257996158602,0.009942320285698004,144.82744791702822,0.75,15.0,11.25,2048,properties_at_hot_endpoint,6.0,6,103,FEASIBLE,1,0,True,17.174757965280584,0.9855777335644395,0.8630960622299484,0.0035697275456121535,True,NO_LOSS_POSITIVE_INVENTORY_KERNEL_UNCHANGED,621a40865b4dbb1305a6cb41a4daa3c23d1181b8e1423c88b2d6df2cdd37f582
UG0001_T1_homogeneous_none__AIP_FLINAK_2017_V10,UG0001,T1_homogeneous_none,AIP_FLINAK_2017_V10,homogeneous,none,3.3515138271762384,6.264946568257431,0.5797257996158602,0.009942320285698004,144.82744791702822,0.75,15.0,11.25,2048,registered_moderate_losses,,6,103,MODEL_DOMAIN_UNSUPPORTED,1,0,False,,,,,True,,
UG0001_T1_homogeneous_none__AIP_FLINAK_2017_V10,UG0001,T1_homogeneous_none,AIP_FLINAK_2017_V10,homogeneous,none,3.3515138271762384,6.264946568257431,0.5797257996158602,0.009942320285698004,144.82744791702822,0.75,15.0,11.25,2048,registered_severe_losses,,6,103,MODEL_DOMAIN_UNSUPPORTED,1,0,False,,,,,True,,
UG0001_T2_graded_two_layer_fine_hot__SOLAR_SALT_60_40_V10,UG0001,T2_graded_two_layer_fine_hot,SOLAR_SALT_60_40_V10,graded_two_layer,fine_hot,3.3515138271762384,6.264946568257431,0.5797257996158602,0.009942320285698004,144.82744791702822,0.1,0.75,0.07500000000000001,2048,baseline,1.0,1,13,FEASIBLE,1,0,True,2.291512233441642,0.979417496615871,0.6904768497839587,0.0011033010460947742,True,,
UG0001_T2_graded_two_layer_fine_hot__SOLAR_SALT_60_40_V10,UG0001,T2_graded_two_layer_fine_hot,SOLAR_SALT_60_40_V10,graded_two_layer,fine_hot,3.3515138271762384,6.264946568257431,0.5797257996158602,0.009942320285698004,144.82744791702822,0.1,0.75,0.07500000000000001,2048,properties_at_cold_endpoint,1.0,1,13,FEASIBLE,1,0,True,2.2913916526418614,0.9793659590576868,0.6904768497839587,0.0011468248238187648,True,,
UG0001_T2_graded_two_layer_fine_hot__SOLAR_SALT_60_40_V10,UG0001,T2_graded_two_layer_fine_hot,SOLAR_SALT_60_40_V10,graded_two_layer,fine_hot,3.3515138271762384,6.264946568257431,0.5797257996158602,0.009942320285698004,144.82744791702822,0.1,0.75,0.07500000000000001,2048,properties_at_hot_endpoint,1.0,1,13,FEASIBLE,1,0,True,2.2916283107573108,0.9794671093354834,0.6904768497839587,0.0010549274428489003,True,,
UG0001_T2_graded_two_layer_fine_hot__SOLAR_SALT_60_40_V10,UG0001,T2_graded_two_layer_fine_hot,SOLAR_SALT_60_40_V10,graded_two_layer,fine_hot,3.3515138271762384,6.264946568257431,0.5797257996158602,0.009942320285698004,144.82744791702822,0.1,0.75,0.07500000000000001,2048,registered_moderate_losses,1.0,1,13,FEASIBLE,1,0,True,2.068492066158478,0.8840962276531181,0.6904768497839587,0.0011033010460947742,True,,
UG0001_T2_graded_two_layer_fine_hot__SOLAR_SALT_60_40_V10,UG0001,T2_graded_two_layer_fine_hot,SOLAR_SALT_60_40_V10,graded_two_layer,fine_hot,3.3515138271762384,6.264946568257431,0.5797257996158602,0.009942320285698004,144.82744791702822,0.1,0.75,0.07500000000000001,2048,registered_severe_losses,,1,13,NO_FEASIBLE_COUNT_IN_REGISTERED_DOMAIN,13,12,False,,,,,True,,
UG0001_T2_graded_two_layer_fine_hot__SOLAR_SALT_60_40_V10,UG0001,T2_graded_two_layer_fine_hot,SOLAR_SALT_60_40_V10,graded_two_layer,fine_hot,3.3515138271762384,6.264946568257431,0.5797257996158602,0.009942320285698004,144.82744791702822,0.1,15.0,1.5,2048,baseline,1.0,1,13,FEASIBLE,1,0,True,2.291512233441642,0.979417496615871,0.6904768497839587,0.0011033010460947742,True,,
UG0001_T2_graded_two_layer_fine_hot__SOLAR_SALT_60_40_V10,UG0001,T2_graded_two_layer_fine_hot,SOLAR_SALT_60_40_V10,graded_two_layer,fine_hot,3.3515138271762384,6.264946568257431,0.5797257996158602,0.009942320285698004,144.82744791702822,0.1,15.0,1.5,2048,properties_at_cold_endpoint,1.0,1,13,FEASIBLE,1,0,True,2.2913916526418614,0.9793659590576868,0.6904768497839587,0.0011468248238187648,True,,
UG0001_T2_graded_two_layer_fine_hot__SOLAR_SALT_60_40_V10,UG0001,T2_graded_two_layer_fine_hot,SOLAR_SALT_60_40_V10,graded_two_layer,fine_hot,3.3515138271762384,6.264946568257431,0.5797257996158602,0.009942320285698004,144.82744791702822,0.1,15.0,1.5,2048,properties_at_hot_endpoint,1.0,1,13,FEASIBLE,1,0,True,2.2916283107573108,0.9794671093354834,0.6904768497839587,0.0010549274428489003,True,,
UG0001_T2_graded_two_layer_fine_hot__SOLAR_SALT_60_40_V10,UG0001,T2_graded_two_layer_fine_hot,SOLAR_SALT_60_40_V10,graded_two_layer,fine_hot,3.3515138271762384,6.264946568257431,0.5797257996158602,0.009942320285698004,144.82744791702822,0.1,15.0,1.5,2048,registered_moderate_losses,1.0,1,13,FEASIBLE,1,0,True,2.068492066158478,0.8840962276531181,0.6904768497839587,0.0011033010460947742,True,,
UG0001_T2_graded_two_layer_fine_hot__SOLAR_SALT_60_40_V10,UG0001,T2_graded_two_layer_fine_hot,SOLAR_SALT_60_40_V10,graded_two_layer,fine_hot,3.3515138271762384,6.264946568257431,0.5797257996158602,0.009942320285698004,144.82744791702822,0.1,15.0,1.5,2048,registered_severe_losses,,1,13,NO_FEASIBLE_COUNT_IN_REGISTERED_DOMAIN,13,12,False,,,,,True,,
UG0001_T2_graded_two_layer_fine_hot__SOLAR_SALT_60_40_V10,UG0001,T2_graded_two_layer_fine_hot,SOLAR_SALT_60_40_V10,graded_two_layer,fine_hot,3.3515138271762384,6.264946568257431,0.5797257996158602,0.009942320285698004,144.82744791702822,0.75,0.75,0.5625,2048,baseline,6.0,6,103,FEASIBLE,1,0,True,13.721722545294842,0.9774691539529508,0.8630960622299484,0.0013887820789779117,True,,
UG0001_T2_graded_two_layer_fine_hot__SOLAR_SALT_60_40_V10,UG0001,T2_graded_two_layer_fine_hot,SOLAR_SALT_60_40_V10,graded_two_layer,fine_hot,3.3515138271762384,6.264946568257431,0.5797257996158602,0.009942320285698004,144.82744791702822,0.75,0.75,0.5625,2048,properties_at_cold_endpoint,6.0,6,103,FEASIBLE,1,0,True,13.720909896706138,0.977411264797574,0.8630960622299484,0.001443154058879077,True,,
UG0001_T2_graded_two_layer_fine_hot__SOLAR_SALT_60_40_V10,UG0001,T2_graded_two_layer_fine_hot,SOLAR_SALT_60_40_V10,graded_two_layer,fine_hot,3.3515138271762384,6.264946568257431,0.5797257996158602,0.009942320285698004,144.82744791702822,0.75,0.75,0.5625,2048,properties_at_hot_endpoint,6.0,6,103,FEASIBLE,1,0,True,13.722509573845402,0.9775252180607124,0.8630960622299484,0.0013283488753066534,True,,
UG0001_T2_graded_two_layer_fine_hot__SOLAR_SALT_60_40_V10,UG0001,T2_graded_two_layer_fine_hot,SOLAR_SALT_60_40_V10,graded_two_layer,fine_hot,3.3515138271762384,6.264946568257431,0.5797257996158602,0.009942320285698004,144.82744791702822,0.75,0.75,0.5625,2048,registered_moderate_losses,6.0,6,103,FEASIBLE,1,0,True,12.693971065127236,0.9042571088560474,0.8630960622299484,0.0013887820789779117,True,,
UG0001_T2_graded_two_layer_fine_hot__SOLAR_SALT_60_40_V10,UG0001,T2_graded_two_layer_fine_hot,SOLAR_SALT_60_40_V10,graded_two_layer,fine_hot,3.3515138271762384,6.264946568257431,0.5797257996158602,0.009942320285698004,144.82744791702822,0.75,0.75,0.5625,2048,registered_severe_losses,,6,103,NO_FEASIBLE_COUNT_IN_REGISTERED_DOMAIN,98,92,False,,,,,True,,
UG0001_T2_graded_two_layer_fine_hot__SOLAR_SALT_60_40_V10,UG0001,T2_graded_two_layer_fine_hot,SOLAR_SALT_60_40_V10,graded_two_layer,fine_hot,3.3515138271762384,6.264946568257431,0.5797257996158602,0.009942320285698004,144.82744791702822,0.75,15.0,11.25,2048,baseline,6.0,6,103,FEASIBLE,1,0,True,13.721722545294842,0.9774691539529508,0.8630960622299484,0.0013887820789779117,True,,
UG0001_T2_graded_two_layer_fine_hot__SOLAR_SALT_60_40_V10,UG0001,T2_graded_two_layer_fine_hot,SOLAR_SALT_60_40_V10,graded_two_layer,fine_hot,3.3515138271762384,6.264946568257431,0.5797257996158602,0.009942320285698004,144.82744791702822,0.75,15.0,11.25,2048,properties_at_cold_endpoint,6.0,6,103,FEASIBLE,1,0,True,13.720909896706138,0.977411264797574,0.8630960622299484,0.001443154058879077,True,,
UG0001_T2_graded_two_layer_fine_hot__SOLAR_SALT_60_40_V10,UG0001,T2_graded_two_layer_fine_hot,SOLAR_SALT_60_40_V10,graded_two_layer,fine_hot,3.3515138271762384,6.264946568257431,0.5797257996158602,0.009942320285698004,144.82744791702822,0.75,15.0,11.25,2048,properties_at_hot_endpoint,6.0,6,103,FEASIBLE,1,0,True,13.722509573845402,0.9775252180607124,0.8630960622299484,0.0013283488753066534,True,,
UG0001_T2_graded_two_layer_fine_hot__SOLAR_SALT_60_40_V10,UG0001,T2_graded_two_layer_fine_hot,SOLAR_SALT_60_40_V10,graded_two_layer,fine_hot,3.3515138271762384,6.264946568257431,0.5797257996158602,0.009942320285698004,144.82744791702822,0.75,15.0,11.25,2048,registered_moderate_losses,6.0,6,103,FEASIBLE,1,0,True,12.693971065127236,0.9042571088560474,0.8630960622299484,0.0013887820789779117,True,,
UG0001_T2_graded_two_layer_fine_hot__SOLAR_SALT_60_40_V10,UG0001,T2_graded_two_layer_fine_hot,SOLAR_SALT_60_40_V10,graded_two_layer,fine_hot,3.3515138271762384,6.264946568257431,0.5797257996158602,0.009942320285698004,144.82744791702822,0.75,15.0,11.25,2048,registered_severe_losses,,6,103,NO_FEASIBLE_COUNT_IN_REGISTERED_DOMAIN,98,92,False,,,,,True,,
UG0001_T2_graded_two_layer_fine_hot__AIP_FLINAK_2017_V10,UG0001,T2_graded_two_layer_fine_hot,AIP_FLINAK_2017_V10,graded_two_layer,fine_hot,3.3515138271762384,6.264946568257431,0.5797257996158602,0.009942320285698004,144.82744791702822,0.1,0.75,0.07500000000000001,2048,baseline,1.0,1,13,FEASIBLE,1,0,True,2.8611547202156915,0.9851284275078203,0.6904768497839587,0.003993449086149183,True,,
UG0001_T2_graded_two_layer_fine_hot__AIP_FLINAK_2017_V10,UG0001,T2_graded_two_layer_fine_hot,AIP_FLINAK_2017_V10,graded_two_layer,fine_hot,3.3515138271762384,6.264946568257431,0.5797257996158602,0.009942320285698004,144.82744791702822,0.1,0.75,0.07500000000000001,2048,properties_at_cold_endpoint,1.0,1,13,FEASIBLE,1,0,True,2.860607204931237,0.9849399117077484,0.6904768497839587,0.004833527326489058,True,,
UG0001_T2_graded_two_layer_fine_hot__AIP_FLINAK_2017_V10,UG0001,T2_graded_two_layer_fine_hot,AIP_FLINAK_2017_V10,graded_two_layer,fine_hot,3.3515138271762384,6.264946568257431,0.5797257996158602,0.009942320285698004,144.82744791702822,0.1,0.75,0.07500000000000001,2048,properties_at_hot_endpoint,1.0,1,13,FEASIBLE,1,0,True,2.8616825379257964,0.9853101612068379,0.6904768497839587,0.003356384310366407,True,,
UG0001_T2_graded_two_layer_fine_hot__AIP_FLINAK_2017_V10,UG0001,T2_graded_two_layer_fine_hot,AIP_FLINAK_2017_V10,graded_two_layer,fine_hot,3.3515138271762384,6.264946568257431,0.5797257996158602,0.009942320285698004,144.82744791702822,0.1,0.75,0.07500000000000001,2048,registered_moderate_losses,,1,13,MODEL_DOMAIN_UNSUPPORTED,1,0,False,,,,,True,,
UG0001_T2_graded_two_layer_fine_hot__AIP_FLINAK_2017_V10,UG0001,T2_graded_two_layer_fine_hot,AIP_FLINAK_2017_V10,graded_two_layer,fine_hot,3.3515138271762384,6.264946568257431,0.5797257996158602,0.009942320285698004,144.82744791702822,0.1,0.75,0.07500000000000001,2048,registered_severe_losses,,1,13,MODEL_DOMAIN_UNSUPPORTED,1,0,False,,,,,True,,
UG0001_T2_graded_two_layer_fine_hot__AIP_FLINAK_2017_V10,UG0001,T2_graded_two_layer_fine_hot,AIP_FLINAK_2017_V10,graded_two_layer,fine_hot,3.3515138271762384,6.264946568257431,0.5797257996158602,0.009942320285698004,144.82744791702822,0.1,15.0,1.5,2048,baseline,1.0,1,13,FEASIBLE,1,0,True,2.8611547202156915,0.9851284275078203,0.6904768497839587,0.003993449086149183,True,,
UG0001_T2_graded_two_layer_fine_hot__AIP_FLINAK_2017_V10,UG0001,T2_graded_two_layer_fine_hot,AIP_FLINAK_2017_V10,graded_two_layer,fine_hot,3.3515138271762384,6.264946568257431,0.5797257996158602,0.009942320285698004,144.82744791702822,0.1,15.0,1.5,2048,properties_at_cold_endpoint,1.0,1,13,FEASIBLE,1,0,True,2.860607204931237,0.9849399117077484,0.6904768497839587,0.004833527326489058,True,,
UG0001_T2_graded_two_layer_fine_hot__AIP_FLINAK_2017_V10,UG0001,T2_graded_two_layer_fine_hot,AIP_FLINAK_2017_V10,graded_two_layer,fine_hot,3.3515138271762384,6.264946568257431,0.5797257996158602,0.009942320285698004,144.82744791702822,0.1,15.0,1.5,2048,properties_at_hot_endpoint,1.0,1,13,FEASIBLE,1,0,True,2.8616825379257964,0.9853101612068379,0.6904768497839587,0.003356384310366407,True,,
UG0001_T2_graded_two_layer_fine_hot__AIP_FLINAK_2017_V10,UG0001,T2_graded_two_layer_fine_hot,AIP_FLINAK_2017_V10,graded_two_layer,fine_hot,3.3515138271762384,6.264946568257431,0.5797257996158602,0.009942320285698004,144.82744791702822,0.1,15.0,1.5,2048,registered_moderate_losses,,1,13,MODEL_DOMAIN_UNSUPPORTED,1,0,False,,,,,True,,
UG0001_T2_graded_two_layer_fine_hot__AIP_FLINAK_2017_V10,UG0001,T2_graded_two_layer_fine_hot,AIP_FLINAK_2017_V10,graded_two_layer,fine_hot,3.3515138271762384,6.264946568257431,0.5797257996158602,0.009942320285698004,144.82744791702822,0.1,15.0,1.5,2048,registered_severe_losses,,1,13,MODEL_DOMAIN_UNSUPPORTED,1,0,False,,,,,True,,
UG0001_T2_graded_two_layer_fine_hot__AIP_FLINAK_2017_V10,UG0001,T2_graded_two_layer_fine_hot,AIP_FLINAK_2017_V10,graded_two_layer,fine_hot,3.3515138271762384,6.264946568257431,0.5797257996158602,0.009942320285698004,144.82744791702822,0.75,0.75,0.5625,2048,baseline,6.0,6,103,FEASIBLE,1,0,True,17.143443639534432,0.9837807532367177,0.8630960622299484,0.004997164073471614,True,,
UG0001_T2_graded_two_layer_fine_hot__AIP_FLINAK_2017_V10,UG0001,T2_graded_two_layer_fine_hot,AIP_FLINAK_2017_V10,graded_two_layer,fine_hot,3.3515138271762384,6.264946568257431,0.5797257996158602,0.009942320285698004,144.82744791702822,0.75,0.75,0.5625,2048,properties_at_cold_endpoint,6.0,6,103,FEASIBLE,1,0,True,17.13977616020243,0.9835702940281958,0.8630960622299484,0.00604722072339719,True,,
UG0001_T2_graded_two_layer_fine_hot__AIP_FLINAK_2017_V10,UG0001,T2_graded_two_layer_fine_hot,AIP_FLINAK_2017_V10,graded_two_layer,fine_hot,3.3515138271762384,6.264946568257431,0.5797257996158602,0.009942320285698004,144.82744791702822,0.75,0.75,0.5625,2048,properties_at_hot_endpoint,6.0,6,103,FEASIBLE,1,0,True,17.146983864346872,0.9839839099131613,0.8630960622299484,0.00420087489683456,True,,
UG0001_T2_graded_two_layer_fine_hot__AIP_FLINAK_2017_V10,UG0001,T2_graded_two_layer_fine_hot,AIP_FLINAK_2017_V10,graded_two_layer,fine_hot,3.3515138271762384,6.264946568257431,0.5797257996158602,0.009942320285698004,144.82744791702822,0.75,0.75,0.5625,2048,registered_moderate_losses,,6,103,MODEL_DOMAIN_UNSUPPORTED,1,0,False,,,,,True,,
UG0001_T2_graded_two_layer_fine_hot__AIP_FLINAK_2017_V10,UG0001,T2_graded_two_layer_fine_hot,AIP_FLINAK_2017_V10,graded_two_layer,fine_hot,3.3515138271762384,6.264946568257431,0.5797257996158602,0.009942320285698004,144.82744791702822,0.75,0.75,0.5625,2048,registered_severe_losses,,6,103,MODEL_DOMAIN_UNSUPPORTED,1,0,False,,,,,True,,
UG0001_T2_graded_two_layer_fine_hot__AIP_FLINAK_2017_V10,UG0001,T2_graded_two_layer_fine_hot,AIP_FLINAK_2017_V10,graded_two_layer,fine_hot,3.3515138271762384,6.264946568257431,0.5797257996158602,0.009942320285698004,144.82744791702822,0.75,15.0,11.25,2048,baseline,6.0,6,103,FEASIBLE,1,0,True,17.143443639534432,0.9837807532367177,0.8630960622299484,0.004997164073471614,True,,
UG0001_T2_graded_two_layer_fine_hot__AIP_FLINAK_2017_V10,UG0001,T2_graded_two_layer_fine_hot,AIP_FLINAK_2017_V10,graded_two_layer,fine_hot,3.3515138271762384,6.264946568257431,0.5797257996158602,0.009942320285698004,144.82744791702822,0.75,15.0,11.25,2048,properties_at_cold_endpoint,6.0,6,103,FEASIBLE,1,0,True,17.13977616020243,0.9835702940281958,0.8630960622299484,0.00604722072339719,True,,
UG0001_T2_graded_two_layer_fine_hot__AIP_FLINAK_2017_V10,UG0001,T2_graded_two_layer_fine_hot,AIP_FLINAK_2017_V10,graded_two_layer,fine_hot,3.3515138271762384,6.264946568257431,0.5797257996158602,0.009942320285698004,144.82744791702822,0.75,15.0,11.25,2048,properties_at_hot_endpoint,6.0,6,103,FEASIBLE,1,0,True,17.146983864346872,0.9839839099131613,0.8630960622299484,0.00420087489683456,True,,
UG0001_T2_graded_two_layer_fine_hot__AIP_FLINAK_2017_V10,UG0001,T2_graded_two_layer_fine_hot,AIP_FLINAK_2017_V10,graded_two_layer,fine_hot,3.3515138271762384,6.264946568257431,0.5797257996158602,0.009942320285698004,144.82744791702822,0.75,15.0,11.25,2048,registered_moderate_losses,,6,103,MODEL_DOMAIN_UNSUPPORTED,1,0,False,,,,,True,,
UG0001_T2_graded_two_layer_fine_hot__AIP_FLINAK_2017_V10,UG0001,T2_graded_two_layer_fine_hot,AIP_FLINAK_2017_V10,graded_two_layer,fine_hot,3.3515138271762384,6.264946568257431,0.5797257996158602,0.009942320285698004,144.82744791702822,0.75,15.0,11.25,2048,registered_severe_losses,,6,103,MODEL_DOMAIN_UNSUPPORTED,1,0,False,,,,,True,,
UG0001_T3_graded_two_layer_coarse_hot__SOLAR_SALT_60_40_V10,UG0001,T3_graded_two_layer_coarse_hot,SOLAR_SALT_60_40_V10,graded_two_layer,coarse_hot,3.3515138271762384,6.264946568257431,0.5797257996158602,0.009942320285698004,144.82744791702822,0.1,0.75,0.07500000000000001,2048,baseline,1.0,1,13,FEASIBLE,1,0,True,2.290584726547722,0.979021069982454,0.6904768497839587,0.0011033010460947742,True,,
UG0001_T3_graded_two_layer_coarse_hot__SOLAR_SALT_60_40_V10,UG0001,T3_graded_two_layer_coarse_hot,SOLAR_SALT_60_40_V10,graded_two_layer,coarse_hot,3.3515138271762384,6.264946568257431,0.5797257996158602,0.009942320285698004,144.82744791702822,0.1,0.75,0.07500000000000001,2048,properties_at_cold_endpoint,1.0,1,13,FEASIBLE,1,0,True,2.2904697195166,0.978971914714212,0.6904768497839587,0.0011468248238187648,True,,
UG0001_T3_graded_two_layer_coarse_hot__SOLAR_SALT_60_40_V10,UG0001,T3_graded_two_layer_coarse_hot,SOLAR_SALT_60_40_V10,graded_two_layer,coarse_hot,3.3515138271762384,6.264946568257431,0.5797257996158602,0.009942320285698004,144.82744791702822,0.1,0.75,0.07500000000000001,2048,properties_at_hot_endpoint,1.0,1,13,FEASIBLE,1,0,True,2.290695446883293,0.9790683930699361,0.6904768497839587,0.0010549274428489003,True,,
UG0001_T3_graded_two_layer_coarse_hot__SOLAR_SALT_60_40_V10,UG0001,T3_graded_two_layer_coarse_hot,SOLAR_SALT_60_40_V10,graded_two_layer,coarse_hot,3.3515138271762384,6.264946568257431,0.5797257996158602,0.009942320285698004,144.82744791702822,0.1,0.75,0.07500000000000001,2048,registered_moderate_losses,1.0,1,13,FEASIBLE,1,0,True,2.0684963210059633,0.884098046221665,0.6904768497839587,0.0011033010460947742,True,,
UG0001_T3_graded_two_layer_coarse_hot__SOLAR_SALT_60_40_V10,UG0001,T3_graded_two_layer_coarse_hot,SOLAR_SALT_60_40_V10,graded_two_layer,coarse_hot,3.3515138271762384,6.264946568257431,0.5797257996158602,0.009942320285698004,144.82744791702822,0.1,0.75,0.07500000000000001,2048,registered_severe_losses,,1,13,NO_FEASIBLE_COUNT_IN_REGISTERED_DOMAIN,13,12,False,,,,,True,,
UG0001_T3_graded_two_layer_coarse_hot__SOLAR_SALT_60_40_V10,UG0001,T3_graded_two_layer_coarse_hot,SOLAR_SALT_60_40_V10,graded_two_layer,coarse_hot,3.3515138271762384,6.264946568257431,0.5797257996158602,0.009942320285698004,144.82744791702822,0.1,15.0,1.5,2048,baseline,1.0,1,13,FEASIBLE,1,0,True,2.290584726547722,0.979021069982454,0.6904768497839587,0.0011033010460947742,True,,
UG0001_T3_graded_two_layer_coarse_hot__SOLAR_SALT_60_40_V10,UG0001,T3_graded_two_layer_coarse_hot,SOLAR_SALT_60_40_V10,graded_two_layer,coarse_hot,3.3515138271762384,6.264946568257431,0.5797257996158602,0.009942320285698004,144.82744791702822,0.1,15.0,1.5,2048,properties_at_cold_endpoint,1.0,1,13,FEASIBLE,1,0,True,2.2904697195166,0.978971914714212,0.6904768497839587,0.0011468248238187648,True,,
UG0001_T3_graded_two_layer_coarse_hot__SOLAR_SALT_60_40_V10,UG0001,T3_graded_two_layer_coarse_hot,SOLAR_SALT_60_40_V10,graded_two_layer,coarse_hot,3.3515138271762384,6.264946568257431,0.5797257996158602,0.009942320285698004,144.82744791702822,0.1,15.0,1.5,2048,properties_at_hot_endpoint,1.0,1,13,FEASIBLE,1,0,True,2.290695446883293,0.9790683930699361,0.6904768497839587,0.0010549274428489003,True,,
UG0001_T3_graded_two_layer_coarse_hot__SOLAR_SALT_60_40_V10,UG0001,T3_graded_two_layer_coarse_hot,SOLAR_SALT_60_40_V10,graded_two_layer,coarse_hot,3.3515138271762384,6.264946568257431,0.5797257996158602,0.009942320285698004,144.82744791702822,0.1,15.0,1.5,2048,registered_moderate_losses,1.0,1,13,FEASIBLE,1,0,True,2.0684963210059633,0.884098046221665,0.6904768497839587,0.0011033010460947742,True,,
UG0001_T3_graded_two_layer_coarse_hot__SOLAR_SALT_60_40_V10,UG0001,T3_graded_two_layer_coarse_hot,SOLAR_SALT_60_40_V10,graded_two_layer,coarse_hot,3.3515138271762384,6.264946568257431,0.5797257996158602,0.009942320285698004,144.82744791702822,0.1,15.0,1.5,2048,registered_severe_losses,,1,13,NO_FEASIBLE_COUNT_IN_REGISTERED_DOMAIN,13,12,False,,,,,True,,
UG0001_T3_graded_two_layer_coarse_hot__SOLAR_SALT_60_40_V10,UG0001,T3_graded_two_layer_coarse_hot,SOLAR_SALT_60_40_V10,graded_two_layer,coarse_hot,3.3515138271762384,6.264946568257431,0.5797257996158602,0.009942320285698004,144.82744791702822,0.75,0.75,0.5625,2048,baseline,6.0,6,103,FEASIBLE,1,0,True,13.716762573611508,0.9771158295573484,0.8630960622299484,0.0013887820789779117,True,,
UG0001_T3_graded_two_layer_coarse_hot__SOLAR_SALT_60_40_V10,UG0001,T3_graded_two_layer_coarse_hot,SOLAR_SALT_60_40_V10,graded_two_layer,coarse_hot,3.3515138271762384,6.264946568257431,0.5797257996158602,0.009942320285698004,144.82744791702822,0.75,0.75,0.5625,2048,properties_at_cold_endpoint,6.0,6,103,FEASIBLE,1,0,True,13.715982153454657,0.9770602361995957,0.8630960622299484,0.001443154058879077,True,,
UG0001_T3_graded_two_layer_coarse_hot__SOLAR_SALT_60_40_V10,UG0001,T3_graded_two_layer_coarse_hot,SOLAR_SALT_60_40_V10,graded_two_layer,coarse_hot,3.3515138271762384,6.264946568257431,0.5797257996158602,0.009942320285698004,144.82744791702822,0.75,0.75,0.5625,2048,properties_at_hot_endpoint,6.0,6,103,FEASIBLE,1,0,True,13.717517619876702,0.9771696154017713,0.8630960622299484,0.0013283488753066534,True,,
UG0001_T3_graded_two_layer_coarse_hot__SOLAR_SALT_60_40_V10,UG0001,T3_graded_two_layer_coarse_hot,SOLAR_SALT_60_40_V10,graded_two_layer,coarse_hot,3.3515138271762384,6.264946568257431,0.5797257996158602,0.009942320285698004,144.82744791702822,0.75,0.75,0.5625,2048,registered_moderate_losses,6.0,6,103,FEASIBLE,1,0,True,12.693870453329586,0.9042499417581557,0.8630960622299484,0.0013887820789779117,True,,
UG0001_T3_graded_two_layer_coarse_hot__SOLAR_SALT_60_40_V10,UG0001,T3_graded_two_layer_coarse_hot,SOLAR_SALT_60_40_V10,graded_two_layer,coarse_hot,3.3515138271762384,6.264946568257431,0.5797257996158602,0.009942320285698004,144.82744791702822,0.75,0.75,0.5625,2048,registered_severe_losses,,6,103,NO_FEASIBLE_COUNT_IN_REGISTERED_DOMAIN,98,92,False,,,,,True,,
UG0001_T3_graded_two_layer_coarse_hot__SOLAR_SALT_60_40_V10,UG0001,T3_graded_two_layer_coarse_hot,SOLAR_SALT_60_40_V10,graded_two_layer,coarse_hot,3.3515138271762384,6.264946568257431,0.5797257996158602,0.009942320285698004,144.82744791702822,0.75,15.0,11.25,2048,baseline,6.0,6,103,FEASIBLE,1,0,True,13.716762573611508,0.9771158295573484,0.8630960622299484,0.0013887820789779117,True,,
UG0001_T3_graded_two_layer_coarse_hot__SOLAR_SALT_60_40_V10,UG0001,T3_graded_two_layer_coarse_hot,SOLAR_SALT_60_40_V10,graded_two_layer,coarse_hot,3.3515138271762384,6.264946568257431,0.5797257996158602,0.009942320285698004,144.82744791702822,0.75,15.0,11.25,2048,properties_at_cold_endpoint,6.0,6,103,FEASIBLE,1,0,True,13.715982153454657,0.9770602361995957,0.8630960622299484,0.001443154058879077,True,,
UG0001_T3_graded_two_layer_coarse_hot__SOLAR_SALT_60_40_V10,UG0001,T3_graded_two_layer_coarse_hot,SOLAR_SALT_60_40_V10,graded_two_layer,coarse_hot,3.3515138271762384,6.264946568257431,0.5797257996158602,0.009942320285698004,144.82744791702822,0.75,15.0,11.25,2048,properties_at_hot_endpoint,6.0,6,103,FEASIBLE,1,0,True,13.717517619876702,0.9771696154017713,0.8630960622299484,0.0013283488753066534,True,,
UG0001_T3_graded_two_layer_coarse_hot__SOLAR_SALT_60_40_V10,UG0001,T3_graded_two_layer_coarse_hot,SOLAR_SALT_60_40_V10,graded_two_layer,coarse_hot,3.3515138271762384,6.264946568257431,0.5797257996158602,0.009942320285698004,144.82744791702822,0.75,15.0,11.25,2048,registered_moderate_losses,6.0,6,103,FEASIBLE,1,0,True,12.693870453329586,0.9042499417581557,0.8630960622299484,0.0013887820789779117,True,,
UG0001_T3_graded_two_layer_coarse_hot__SOLAR_SALT_60_40_V10,UG0001,T3_graded_two_layer_coarse_hot,SOLAR_SALT_60_40_V10,graded_two_layer,coarse_hot,3.3515138271762384,6.264946568257431,0.5797257996158602,0.009942320285698004,144.82744791702822,0.75,15.0,11.25,2048,registered_severe_losses,,6,103,NO_FEASIBLE_COUNT_IN_REGISTERED_DOMAIN,98,92,False,,,,,True,,
UG0001_T3_graded_two_layer_coarse_hot__AIP_FLINAK_2017_V10,UG0001,T3_graded_two_layer_coarse_hot,AIP_FLINAK_2017_V10,graded_two_layer,coarse_hot,3.3515138271762384,6.264946568257431,0.5797257996158602,0.009942320285698004,144.82744791702822,0.1,0.75,0.07500000000000001,2048,baseline,1.0,1,13,FEASIBLE,1,0,True,2.8591854885990857,0.9844503984476795,0.6904768497839587,0.003993449086149183,True,,
UG0001_T3_graded_two_layer_coarse_hot__AIP_FLINAK_2017_V10,UG0001,T3_graded_two_layer_coarse_hot,AIP_FLINAK_2017_V10,graded_two_layer,coarse_hot,3.3515138271762384,6.264946568257431,0.5797257996158602,0.009942320285698004,144.82744791702822,0.1,0.75,0.07500000000000001,2048,properties_at_cold_endpoint,1.0,1,13,FEASIBLE,1,0,True,2.8586857810424653,0.9842783433973218,0.6904768497839587,0.004833527326489058,True,,
UG0001_T3_graded_two_layer_coarse_hot__AIP_FLINAK_2017_V10,UG0001,T3_graded_two_layer_coarse_hot,AIP_FLINAK_2017_V10,graded_two_layer,coarse_hot,3.3515138271762384,6.264946568257431,0.5797257996158602,0.009942320285698004,144.82744791702822,0.1,0.75,0.07500000000000001,2048,properties_at_hot_endpoint,1.0,1,13,FEASIBLE,1,0,True,2.8596661424922862,0.9846158931029102,0.6904768497839587,0.003356384310366407,True,,
UG0001_T3_graded_two_layer_coarse_hot__AIP_FLINAK_2017_V10,UG0001,T3_graded_two_layer_coarse_hot,AIP_FLINAK_2017_V10,graded_two_layer,coarse_hot,3.3515138271762384,6.264946568257431,0.5797257996158602,0.009942320285698004,144.82744791702822,0.1,0.75,0.07500000000000001,2048,registered_moderate_losses,,1,13,MODEL_DOMAIN_UNSUPPORTED,1,0,False,,,,,True,,
UG0001_T3_graded_two_layer_coarse_hot__AIP_FLINAK_2017_V10,UG0001,T3_graded_two_layer_coarse_hot,AIP_FLINAK_2017_V10,graded_two_layer,coarse_hot,3.3515138271762384,6.264946568257431,0.5797257996158602,0.009942320285698004,144.82744791702822,0.1,0.75,0.07500000000000001,2048,registered_severe_losses,,1,13,MODEL_DOMAIN_UNSUPPORTED,1,0,False,,,,,True,,
UG0001_T3_graded_two_layer_coarse_hot__AIP_FLINAK_2017_V10,UG0001,T3_graded_two_layer_coarse_hot,AIP_FLINAK_2017_V10,graded_two_layer,coarse_hot,3.3515138271762384,6.264946568257431,0.5797257996158602,0.009942320285698004,144.82744791702822,0.1,15.0,1.5,2048,baseline,1.0,1,13,FEASIBLE,1,0,True,2.8591854885990857,0.9844503984476795,0.6904768497839587,0.003993449086149183,True,,
UG0001_T3_graded_two_layer_coarse_hot__AIP_FLINAK_2017_V10,UG0001,T3_graded_two_layer_coarse_hot,AIP_FLINAK_2017_V10,graded_two_layer,coarse_hot,3.3515138271762384,6.264946568257431,0.5797257996158602,0.009942320285698004,144.82744791702822,0.1,15.0,1.5,2048,properties_at_cold_endpoint,1.0,1,13,FEASIBLE,1,0,True,2.8586857810424653,0.9842783433973218,0.6904768497839587,0.004833527326489058,True,,
UG0001_T3_graded_two_layer_coarse_hot__AIP_FLINAK_2017_V10,UG0001,T3_graded_two_layer_coarse_hot,AIP_FLINAK_2017_V10,graded_two_layer,coarse_hot,3.3515138271762384,6.264946568257431,0.5797257996158602,0.009942320285698004,144.82744791702822,0.1,15.0,1.5,2048,properties_at_hot_endpoint,1.0,1,13,FEASIBLE,1,0,True,2.8596661424922862,0.9846158931029102,0.6904768497839587,0.003356384310366407,True,,
UG0001_T3_graded_two_layer_coarse_hot__AIP_FLINAK_2017_V10,UG0001,T3_graded_two_layer_coarse_hot,AIP_FLINAK_2017_V10,graded_two_layer,coarse_hot,3.3515138271762384,6.264946568257431,0.5797257996158602,0.009942320285698004,144.82744791702822,0.1,15.0,1.5,2048,registered_moderate_losses,,1,13,MODEL_DOMAIN_UNSUPPORTED,1,0,False,,,,,True,,
UG0001_T3_graded_two_layer_coarse_hot__AIP_FLINAK_2017_V10,UG0001,T3_graded_two_layer_coarse_hot,AIP_FLINAK_2017_V10,graded_two_layer,coarse_hot,3.3515138271762384,6.264946568257431,0.5797257996158602,0.009942320285698004,144.82744791702822,0.1,15.0,1.5,2048,registered_severe_losses,,1,13,MODEL_DOMAIN_UNSUPPORTED,1,0,False,,,,,True,,
UG0001_T3_graded_two_layer_coarse_hot__AIP_FLINAK_2017_V10,UG0001,T3_graded_two_layer_coarse_hot,AIP_FLINAK_2017_V10,graded_two_layer,coarse_hot,3.3515138271762384,6.264946568257431,0.5797257996158602,0.009942320285698004,144.82744791702822,0.75,0.75,0.5625,2048,baseline,6.0,6,103,FEASIBLE,1,0,True,17.1322306501353,0.9831372930668089,0.8630960622299484,0.004997164073471614,True,,
UG0001_T3_graded_two_layer_coarse_hot__AIP_FLINAK_2017_V10,UG0001,T3_graded_two_layer_coarse_hot,AIP_FLINAK_2017_V10,graded_two_layer,coarse_hot,3.3515138271762384,6.264946568257431,0.5797257996158602,0.009942320285698004,144.82744791702822,0.75,0.75,0.5625,2048,properties_at_cold_endpoint,6.0,6,103,FEASIBLE,1,0,True,17.128873947208128,0.9829446678391406,0.8630960622299484,0.00604722072339719,True,,
UG0001_T3_graded_two_layer_coarse_hot__AIP_FLINAK_2017_V10,UG0001,T3_graded_two_layer_coarse_hot,AIP_FLINAK_2017_V10,graded_two_layer,coarse_hot,3.3515138271762384,6.264946568257431,0.5797257996158602,0.009942320285698004,144.82744791702822,0.75,0.75,0.5625,2048,properties_at_hot_endpoint,6.0,6,103,FEASIBLE,1,0,True,17.135461260652868,0.9833226824503667,0.8630960622299484,0.00420087489683456,True,,
UG0001_T3_graded_two_layer_coarse_hot__AIP_FLINAK_2017_V10,UG0001,T3_graded_two_layer_coarse_hot,AIP_FLINAK_2017_V10,graded_two_layer,coarse_hot,3.3515138271762384,6.264946568257431,0.5797257996158602,0.009942320285698004,144.82744791702822,0.75,0.75,0.5625,2048,registered_moderate_losses,,6,103,MODEL_DOMAIN_UNSUPPORTED,1,0,False,,,,,True,,
UG0001_T3_graded_two_layer_coarse_hot__AIP_FLINAK_2017_V10,UG0001,T3_graded_two_layer_coarse_hot,AIP_FLINAK_2017_V10,graded_two_layer,coarse_hot,3.3515138271762384,6.264946568257431,0.5797257996158602,0.009942320285698004,144.82744791702822,0.75,0.75,0.5625,2048,registered_severe_losses,,6,103,MODEL_DOMAIN_UNSUPPORTED,1,0,False,,,,,True,,
UG0001_T3_graded_two_layer_coarse_hot__AIP_FLINAK_2017_V10,UG0001,T3_graded_two_layer_coarse_hot,AIP_FLINAK_2017_V10,graded_two_layer,coarse_hot,3.3515138271762384,6.264946568257431,0.5797257996158602,0.009942320285698004,144.82744791702822,0.75,15.0,11.25,2048,baseline,6.0,6,103,FEASIBLE,1,0,True,17.1322306501353,0.9831372930668089,0.8630960622299484,0.004997164073471614,True,,
UG0001_T3_graded_two_layer_coarse_hot__AIP_FLINAK_2017_V10,UG0001,T3_graded_two_layer_coarse_hot,AIP_FLINAK_2017_V10,graded_two_layer,coarse_hot,3.3515138271762384,6.264946568257431,0.5797257996158602,0.009942320285698004,144.82744791702822,0.75,15.0,11.25,2048,properties_at_cold_endpoint,6.0,6,103,FEASIBLE,1,0,True,17.128873947208128,0.9829446678391406,0.8630960622299484,0.00604722072339719,True,,
UG0001_T3_graded_two_layer_coarse_hot__AIP_FLINAK_2017_V10,UG0001,T3_graded_two_layer_coarse_hot,AIP_FLINAK_2017_V10,graded_two_layer,coarse_hot,3.3515138271762384,6.264946568257431,0.5797257996158602,0.009942320285698004,144.82744791702822,0.75,15.0,11.25,2048,properties_at_hot_endpoint,6.0,6,103,FEASIBLE,1,0,True,17.135461260652868,0.9833226824503667,0.8630960622299484,0.00420087489683456,True,,
UG0001_T3_graded_two_layer_coarse_hot__AIP_FLINAK_2017_V10,UG0001,T3_graded_two_layer_coarse_hot,AIP_FLINAK_2017_V10,graded_two_layer,coarse_hot,3.3515138271762384,6.264946568257431,0.5797257996158602,0.009942320285698004,144.82744791702822,0.75,15.0,11.25,2048,registered_moderate_losses,,6,103,MODEL_DOMAIN_UNSUPPORTED,1,0,False,,,,,True,,
UG0001_T3_graded_two_layer_coarse_hot__AIP_FLINAK_2017_V10,UG0001,T3_graded_two_layer_coarse_hot,AIP_FLINAK_2017_V10,graded_two_layer,coarse_hot,3.3515138271762384,6.264946568257431,0.5797257996158602,0.009942320285698004,144.82744791702822,0.75,15.0,11.25,2048,registered_severe_losses,,6,103,MODEL_DOMAIN_UNSUPPORTED,1,0,False,,,,,True,,
