design_id,base_design_id,topology_id,fluid_model_id,topology,gradient_orientation,internal_diameter_m,bed_height_m,porosity,particle_diameter_m,nominal_thermal_input_kW,power_MW,energy_to_power_h,required_energy_MWh,n_cells,scenario_id,minimum_count,power_lower_count,maximum_count,status,integer_evaluations,nonmonotone_increments,exhaustive_minimality_verified,installed_energy_MWh,selected_fraction,actual_duty_fraction,selected_pressure_drop_kPa
UG0001_T1_homogeneous_none__SOLAR_SALT_60_40_V10,UG0001,T1_homogeneous_none,SOLAR_SALT_60_40_V10,homogeneous,none,3.3515138271762384,6.264946568257431,0.5797257996158602,0.009942320285698004,144.82744791702822,0.1,30.0,3.0,2048,baseline,2,1,13,FEASIBLE,2,0,True,4.61225881555767,0.9856650374703353,0.34523842489197937,0.00046266786051516926
UG0001_T1_homogeneous_none__SOLAR_SALT_60_40_V10,UG0001,T1_homogeneous_none,SOLAR_SALT_60_40_V10,homogeneous,none,3.3515138271762384,6.264946568257431,0.5797257996158602,0.009942320285698004,144.82744791702822,0.1,30.0,3.0,4096,baseline,2,1,13,FEASIBLE,2,0,True,4.615093236621322,0.9862707688170863,0.34523842489197937,0.00046266786051516926
UG0001_T1_homogeneous_none__SOLAR_SALT_60_40_V10,UG0001,T1_homogeneous_none,SOLAR_SALT_60_40_V10,homogeneous,none,3.3515138271762384,6.264946568257431,0.5797257996158602,0.009942320285698004,144.82744791702822,0.1,60.0,6.0,2048,baseline,3,1,13,FEASIBLE,3,0,True,6.931663318449699,0.9875563446216213,0.23015894992798624,0.00030680021473316726
UG0001_T1_homogeneous_none__SOLAR_SALT_60_40_V10,UG0001,T1_homogeneous_none,SOLAR_SALT_60_40_V10,homogeneous,none,3.3515138271762384,6.264946568257431,0.5797257996158602,0.009942320285698004,144.82744791702822,0.1,60.0,6.0,4096,baseline,3,1,13,FEASIBLE,3,0,True,6.937362737177789,0.9883683426756236,0.23015894992798624,0.00030680021473316726
UG0001_T1_homogeneous_none__SOLAR_SALT_60_40_V10,UG0001,T1_homogeneous_none,SOLAR_SALT_60_40_V10,homogeneous,none,3.3515138271762384,6.264946568257431,0.5797257996158602,0.009942320285698004,144.82744791702822,0.75,30.0,22.5,2048,baseline,10,6,103,FEASIBLE,5,0,True,23.006497487257175,0.9833229710070668,0.5178576373379691,0.0006995537522074463
UG0001_T1_homogeneous_none__SOLAR_SALT_60_40_V10,UG0001,T1_homogeneous_none,SOLAR_SALT_60_40_V10,homogeneous,none,3.3515138271762384,6.264946568257431,0.5797257996158602,0.009942320285698004,144.82744791702822,0.75,30.0,22.5,4096,baseline,10,6,103,FEASIBLE,5,0,True,23.016889414345265,0.9837671333844304,0.5178576373379691,0.0006995537522074463
UG0001_T1_homogeneous_none__SOLAR_SALT_60_40_V10,UG0001,T1_homogeneous_none,SOLAR_SALT_60_40_V10,homogeneous,none,3.3515138271762384,6.264946568257431,0.5797257996158602,0.009942320285698004,144.82744791702822,0.75,60.0,45.0,2048,baseline,20,6,103,FEASIBLE,15,0,True,46.187437853568625,0.9870509111291496,0.25892881866898454,0.0003456129050277043
UG0001_T1_homogeneous_none__SOLAR_SALT_60_40_V10,UG0001,T1_homogeneous_none,SOLAR_SALT_60_40_V10,homogeneous,none,3.3515138271762384,6.264946568257431,0.5797257996158602,0.009942320285698004,144.82744791702822,0.75,60.0,45.0,4096,baseline,20,6,103,FEASIBLE,15,0,True,46.22241721342368,0.9877984392584452,0.25892881866898454,0.0003456129050277043
UG0001_T1_homogeneous_none__AIP_FLINAK_2017_V10,UG0001,T1_homogeneous_none,AIP_FLINAK_2017_V10,homogeneous,none,3.3515138271762384,6.264946568257431,0.5797257996158602,0.009942320285698004,144.82744791702822,0.1,30.0,3.0,2048,baseline,2,1,13,FEASIBLE,2,0,True,5.7456808109021145,0.9891519431320992,0.34523842489197937,0.0016921642149265634
UG0001_T1_homogeneous_none__AIP_FLINAK_2017_V10,UG0001,T1_homogeneous_none,AIP_FLINAK_2017_V10,homogeneous,none,3.3515138271762384,6.264946568257431,0.5797257996158602,0.009942320285698004,144.82744791702822,0.1,30.0,3.0,4096,baseline,2,1,13,FEASIBLE,2,0,True,5.751969590759417,0.9902345926945284,0.34523842489197937,0.0016921642149265634
UG0001_T1_homogeneous_none__AIP_FLINAK_2017_V10,UG0001,T1_homogeneous_none,AIP_FLINAK_2017_V10,homogeneous,none,3.3515138271762384,6.264946568257431,0.5797257996158602,0.009942320285698004,144.82744791702822,0.1,60.0,6.0,2048,baseline,3,1,13,FEASIBLE,3,0,True,8.627972699970606,0.9902366945820261,0.23015894992798624,0.0011271975500379147
UG0001_T1_homogeneous_none__AIP_FLINAK_2017_V10,UG0001,T1_homogeneous_none,AIP_FLINAK_2017_V10,homogeneous,none,3.3515138271762384,6.264946568257431,0.5797257996158602,0.009942320285698004,144.82744791702822,0.1,60.0,6.0,4096,baseline,3,1,13,FEASIBLE,3,0,True,8.639725213946459,0.9915855364243882,0.23015894992798624,0.0011271975500379147
UG0001_T1_homogeneous_none__AIP_FLINAK_2017_V10,UG0001,T1_homogeneous_none,AIP_FLINAK_2017_V10,homogeneous,none,3.3515138271762384,6.264946568257431,0.5797257996158602,0.009942320285698004,144.82744791702822,0.75,30.0,22.5,2048,baseline,8,6,103,FEASIBLE,3,0,True,22.927803345140546,0.9867882491646639,0.6473220466724613,0.0031795404859396906
UG0001_T1_homogeneous_none__AIP_FLINAK_2017_V10,UG0001,T1_homogeneous_none,AIP_FLINAK_2017_V10,homogeneous,none,3.3515138271762384,6.264946568257431,0.5797257996158602,0.009942320285698004,144.82744791702822,0.75,30.0,22.5,4096,baseline,8,6,103,FEASIBLE,3,0,True,22.944455648240755,0.9875049465636014,0.6473220466724613,0.0031795404859396906
UG0001_T1_homogeneous_none__AIP_FLINAK_2017_V10,UG0001,T1_homogeneous_none,AIP_FLINAK_2017_V10,homogeneous,none,3.3515138271762384,6.264946568257431,0.5797257996158602,0.009942320285698004,144.82744791702822,0.75,60.0,45.0,2048,baseline,16,6,103,FEASIBLE,11,0,True,45.97444613109159,0.9893456106781896,0.32366102333623065,0.0015861635021024963
UG0001_T1_homogeneous_none__AIP_FLINAK_2017_V10,UG0001,T1_homogeneous_none,AIP_FLINAK_2017_V10,homogeneous,none,3.3515138271762384,6.264946568257431,0.5797257996158602,0.009942320285698004,144.82744791702822,0.75,60.0,45.0,4096,baseline,16,6,103,FEASIBLE,11,0,True,46.026688789193386,0.9904698448741992,0.32366102333623065,0.0015861635021024963
UG0001_T2_graded_two_layer_fine_hot__SOLAR_SALT_60_40_V10,UG0001,T2_graded_two_layer_fine_hot,SOLAR_SALT_60_40_V10,graded_two_layer,fine_hot,3.3515138271762384,6.264946568257431,0.5797257996158602,0.009942320285698004,144.82744791702822,0.1,30.0,3.0,2048,baseline,2,1,13,FEASIBLE,2,0,True,4.606364081719238,0.9844053004776632,0.34523842489197937,0.0005439259059598316
UG0001_T2_graded_two_layer_fine_hot__SOLAR_SALT_60_40_V10,UG0001,T2_graded_two_layer_fine_hot,SOLAR_SALT_60_40_V10,graded_two_layer,fine_hot,3.3515138271762384,6.264946568257431,0.5797257996158602,0.009942320285698004,144.82744791702822,0.1,30.0,3.0,4096,baseline,2,1,13,FEASIBLE,2,0,True,4.608155618349264,0.9847881616938655,0.34523842489197937,0.0005439259059598316
UG0001_T2_graded_two_layer_fine_hot__SOLAR_SALT_60_40_V10,UG0001,T2_graded_two_layer_fine_hot,SOLAR_SALT_60_40_V10,graded_two_layer,fine_hot,3.3515138271762384,6.264946568257431,0.5797257996158602,0.009942320285698004,144.82744791702822,0.1,60.0,6.0,2048,baseline,3,1,13,FEASIBLE,3,0,True,6.9252439609875545,0.9866417766602401,0.23015894992798624,0.00036090068906487535
UG0001_T2_graded_two_layer_fine_hot__SOLAR_SALT_60_40_V10,UG0001,T2_graded_two_layer_fine_hot,SOLAR_SALT_60_40_V10,graded_two_layer,fine_hot,3.3515138271762384,6.264946568257431,0.5797257996158602,0.009942320285698004,144.82744791702822,0.1,60.0,6.0,4096,baseline,3,1,13,FEASIBLE,3,0,True,6.929036362415193,0.9871820813344799,0.23015894992798624,0.00036090068906487535
UG0001_T2_graded_two_layer_fine_hot__SOLAR_SALT_60_40_V10,UG0001,T2_graded_two_layer_fine_hot,SOLAR_SALT_60_40_V10,graded_two_layer,fine_hot,3.3515138271762384,6.264946568257431,0.5797257996158602,0.009942320285698004,144.82744791702822,0.75,30.0,22.5,2048,baseline,10,6,103,FEASIBLE,5,0,True,22.967963629530793,0.9816759916054932,0.5178576373379691,0.0008216823217554141
UG0001_T2_graded_two_layer_fine_hot__SOLAR_SALT_60_40_V10,UG0001,T2_graded_two_layer_fine_hot,SOLAR_SALT_60_40_V10,graded_two_layer,fine_hot,3.3515138271762384,6.264946568257431,0.5797257996158602,0.009942320285698004,144.82744791702822,0.75,30.0,22.5,4096,baseline,10,6,103,FEASIBLE,5,0,True,22.97429541619411,0.9819466191217852,0.5178576373379691,0.0008216823217554141
UG0001_T2_graded_two_layer_fine_hot__SOLAR_SALT_60_40_V10,UG0001,T2_graded_two_layer_fine_hot,SOLAR_SALT_60_40_V10,graded_two_layer,fine_hot,3.3515138271762384,6.264946568257431,0.5797257996158602,0.009942320285698004,144.82744791702822,0.75,60.0,45.0,2048,baseline,20,6,103,FEASIBLE,15,0,True,46.14016409160456,0.9860406448752156,0.25892881866898454,0.0004064960637659569
UG0001_T2_graded_two_layer_fine_hot__SOLAR_SALT_60_40_V10,UG0001,T2_graded_two_layer_fine_hot,SOLAR_SALT_60_40_V10,graded_two_layer,fine_hot,3.3515138271762384,6.264946568257431,0.5797257996158602,0.009942320285698004,144.82744791702822,0.75,60.0,45.0,4096,baseline,20,6,103,FEASIBLE,15,0,True,46.163054532278515,0.9865298261628853,0.25892881866898454,0.0004064960637659569
UG0001_T2_graded_two_layer_fine_hot__AIP_FLINAK_2017_V10,UG0001,T2_graded_two_layer_fine_hot,AIP_FLINAK_2017_V10,graded_two_layer,fine_hot,3.3515138271762384,6.264946568257431,0.5797257996158602,0.009942320285698004,144.82744791702822,0.1,30.0,3.0,2048,baseline,2,1,13,FEASIBLE,2,0,True,5.741447405736491,0.9884231381247454,0.34523842489197937,0.0019924423704464843
UG0001_T2_graded_two_layer_fine_hot__AIP_FLINAK_2017_V10,UG0001,T2_graded_two_layer_fine_hot,AIP_FLINAK_2017_V10,graded_two_layer,fine_hot,3.3515138271762384,6.264946568257431,0.5797257996158602,0.009942320285698004,144.82744791702822,0.1,30.0,3.0,4096,baseline,2,1,13,FEASIBLE,2,0,True,5.745701853626219,0.9891555657578806,0.34523842489197937,0.0019924423704464843
UG0001_T2_graded_two_layer_fine_hot__AIP_FLINAK_2017_V10,UG0001,T2_graded_two_layer_fine_hot,AIP_FLINAK_2017_V10,graded_two_layer,fine_hot,3.3515138271762384,6.264946568257431,0.5797257996158602,0.009942320285698004,144.82744791702822,0.1,60.0,6.0,2048,baseline,3,1,13,FEASIBLE,3,0,True,8.62401504231635,0.9897824722554012,0.23015894992798624,0.0013273433197136324
UG0001_T2_graded_two_layer_fine_hot__AIP_FLINAK_2017_V10,UG0001,T2_graded_two_layer_fine_hot,AIP_FLINAK_2017_V10,graded_two_layer,fine_hot,3.3515138271762384,6.264946568257431,0.5797257996158602,0.009942320285698004,144.82744791702822,0.1,60.0,6.0,4096,baseline,3,1,13,FEASIBLE,3,0,True,8.632729179635502,0.9907825981059479,0.23015894992798624,0.0013273433197136324
UG0001_T2_graded_two_layer_fine_hot__AIP_FLINAK_2017_V10,UG0001,T2_graded_two_layer_fine_hot,AIP_FLINAK_2017_V10,graded_two_layer,fine_hot,3.3515138271762384,6.264946568257431,0.5797257996158602,0.009942320285698004,144.82744791702822,0.75,30.0,22.5,2048,baseline,8,6,103,FEASIBLE,3,0,True,22.89766298748511,0.9854910402557996,0.6473220466724613,0.003742854884055146
UG0001_T2_graded_two_layer_fine_hot__AIP_FLINAK_2017_V10,UG0001,T2_graded_two_layer_fine_hot,AIP_FLINAK_2017_V10,graded_two_layer,fine_hot,3.3515138271762384,6.264946568257431,0.5797257996158602,0.009942320285698004,144.82744791702822,0.75,30.0,22.5,4096,baseline,8,6,103,FEASIBLE,3,0,True,22.90768929499694,0.9859225618580328,0.6473220466724613,0.003742854884055146
UG0001_T2_graded_two_layer_fine_hot__AIP_FLINAK_2017_V10,UG0001,T2_graded_two_layer_fine_hot,AIP_FLINAK_2017_V10,graded_two_layer,fine_hot,3.3515138271762384,6.264946568257431,0.5797257996158602,0.009942320285698004,144.82744791702822,0.75,60.0,45.0,2048,baseline,16,6,103,FEASIBLE,11,0,True,45.942854982536474,0.988665785975785,0.32366102333623065,0.0018676638137411507
UG0001_T2_graded_two_layer_fine_hot__AIP_FLINAK_2017_V10,UG0001,T2_graded_two_layer_fine_hot,AIP_FLINAK_2017_V10,graded_two_layer,fine_hot,3.3515138271762384,6.264946568257431,0.5797257996158602,0.009942320285698004,144.82744791702822,0.75,60.0,45.0,4096,baseline,16,6,103,FEASIBLE,11,0,True,45.978698590915926,0.9894371213502224,0.32366102333623065,0.0018676638137411507
UG0001_T3_graded_two_layer_coarse_hot__SOLAR_SALT_60_40_V10,UG0001,T3_graded_two_layer_coarse_hot,SOLAR_SALT_60_40_V10,graded_two_layer,coarse_hot,3.3515138271762384,6.264946568257431,0.5797257996158602,0.009942320285698004,144.82744791702822,0.1,30.0,3.0,2048,baseline,2,1,13,FEASIBLE,2,0,True,4.603869690338493,0.9838722353414495,0.34523842489197937,0.0005439259059598316
UG0001_T3_graded_two_layer_coarse_hot__SOLAR_SALT_60_40_V10,UG0001,T3_graded_two_layer_coarse_hot,SOLAR_SALT_60_40_V10,graded_two_layer,coarse_hot,3.3515138271762384,6.264946568257431,0.5797257996158602,0.009942320285698004,144.82744791702822,0.1,30.0,3.0,4096,baseline,2,1,13,FEASIBLE,2,0,True,4.607265646126765,0.9845979697425643,0.34523842489197937,0.0005439259059598316
UG0001_T3_graded_two_layer_coarse_hot__SOLAR_SALT_60_40_V10,UG0001,T3_graded_two_layer_coarse_hot,SOLAR_SALT_60_40_V10,graded_two_layer,coarse_hot,3.3515138271762384,6.264946568257431,0.5797257996158602,0.009942320285698004,144.82744791702822,0.1,60.0,6.0,2048,baseline,3,1,13,FEASIBLE,3,0,True,6.921059140459514,0.9860455639081621,0.23015894992798624,0.00036090068906487535
UG0001_T3_graded_two_layer_coarse_hot__SOLAR_SALT_60_40_V10,UG0001,T3_graded_two_layer_coarse_hot,SOLAR_SALT_60_40_V10,graded_two_layer,coarse_hot,3.3515138271762384,6.264946568257431,0.5797257996158602,0.009942320285698004,144.82744791702822,0.1,60.0,6.0,4096,baseline,3,1,13,FEASIBLE,3,0,True,6.927343767072249,0.986940936721274,0.23015894992798624,0.00036090068906487535
UG0001_T3_graded_two_layer_coarse_hot__SOLAR_SALT_60_40_V10,UG0001,T3_graded_two_layer_coarse_hot,SOLAR_SALT_60_40_V10,graded_two_layer,coarse_hot,3.3515138271762384,6.264946568257431,0.5797257996158602,0.009942320285698004,144.82744791702822,0.75,30.0,22.5,2048,baseline,10,6,103,FEASIBLE,5,0,True,22.95733909673715,0.9812218874047999,0.5178576373379691,0.0008216823217554141
UG0001_T3_graded_two_layer_coarse_hot__SOLAR_SALT_60_40_V10,UG0001,T3_graded_two_layer_coarse_hot,SOLAR_SALT_60_40_V10,graded_two_layer,coarse_hot,3.3515138271762384,6.264946568257431,0.5797257996158602,0.009942320285698004,144.82744791702822,0.75,30.0,22.5,4096,baseline,10,6,103,FEASIBLE,5,0,True,22.970867325290925,0.9818000987514566,0.5178576373379691,0.0008216823217554141
UG0001_T3_graded_two_layer_coarse_hot__SOLAR_SALT_60_40_V10,UG0001,T3_graded_two_layer_coarse_hot,SOLAR_SALT_60_40_V10,graded_two_layer,coarse_hot,3.3515138271762384,6.264946568257431,0.5797257996158602,0.009942320285698004,144.82744791702822,0.75,60.0,45.0,2048,baseline,20,6,103,FEASIBLE,15,0,True,46.113001075916344,0.9854601563131724,0.25892881866898454,0.0004064960637659569
UG0001_T3_graded_two_layer_coarse_hot__SOLAR_SALT_60_40_V10,UG0001,T3_graded_two_layer_coarse_hot,SOLAR_SALT_60_40_V10,graded_two_layer,coarse_hot,3.3515138271762384,6.264946568257431,0.5797257996158602,0.009942320285698004,144.82744791702822,0.75,60.0,45.0,4096,baseline,20,6,103,FEASIBLE,15,0,True,46.152490669700434,0.9863040706183626,0.25892881866898454,0.0004064960637659569
UG0001_T3_graded_two_layer_coarse_hot__AIP_FLINAK_2017_V10,UG0001,T3_graded_two_layer_coarse_hot,AIP_FLINAK_2017_V10,graded_two_layer,coarse_hot,3.3515138271762384,6.264946568257431,0.5797257996158602,0.009942320285698004,144.82744791702822,0.1,30.0,3.0,2048,baseline,2,1,13,FEASIBLE,2,0,True,5.737202840383425,0.9876924118270419,0.34523842489197937,0.0019924423704464843
UG0001_T3_graded_two_layer_coarse_hot__AIP_FLINAK_2017_V10,UG0001,T3_graded_two_layer_coarse_hot,AIP_FLINAK_2017_V10,graded_two_layer,coarse_hot,3.3515138271762384,6.264946568257431,0.5797257996158602,0.009942320285698004,144.82744791702822,0.1,30.0,3.0,4096,baseline,2,1,13,FEASIBLE,2,0,True,5.7436026049648214,0.9887941680469949,0.34523842489197937,0.0019924423704464843
UG0001_T3_graded_two_layer_coarse_hot__AIP_FLINAK_2017_V10,UG0001,T3_graded_two_layer_coarse_hot,AIP_FLINAK_2017_V10,graded_two_layer,coarse_hot,3.3515138271762384,6.264946568257431,0.5797257996158602,0.009942320285698004,144.82744791702822,0.1,60.0,6.0,2048,baseline,3,1,13,FEASIBLE,3,0,True,8.617889451523787,0.9890794351701298,0.23015894992798624,0.0013273433197136324
UG0001_T3_graded_two_layer_coarse_hot__AIP_FLINAK_2017_V10,UG0001,T3_graded_two_layer_coarse_hot,AIP_FLINAK_2017_V10,graded_two_layer,coarse_hot,3.3515138271762384,6.264946568257431,0.5797257996158602,0.009942320285698004,144.82744791702822,0.1,60.0,6.0,4096,baseline,3,1,13,FEASIBLE,3,0,True,8.629173954172387,0.9903745631209621,0.23015894992798624,0.0013273433197136324
UG0001_T3_graded_two_layer_coarse_hot__AIP_FLINAK_2017_V10,UG0001,T3_graded_two_layer_coarse_hot,AIP_FLINAK_2017_V10,graded_two_layer,coarse_hot,3.3515138271762384,6.264946568257431,0.5797257996158602,0.009942320285698004,144.82744791702822,0.75,30.0,22.5,2048,baseline,8,6,103,FEASIBLE,3,0,True,22.88170280827278,0.9848041311322255,0.6473220466724613,0.003742854884055146
UG0001_T3_graded_two_layer_coarse_hot__AIP_FLINAK_2017_V10,UG0001,T3_graded_two_layer_coarse_hot,AIP_FLINAK_2017_V10,graded_two_layer,coarse_hot,3.3515138271762384,6.264946568257431,0.5797257996158602,0.009942320285698004,144.82744791702822,0.75,30.0,22.5,4096,baseline,8,6,103,FEASIBLE,3,0,True,22.901195286176318,0.985643066631312,0.6473220466724613,0.003742854884055146
UG0001_T3_graded_two_layer_coarse_hot__AIP_FLINAK_2017_V10,UG0001,T3_graded_two_layer_coarse_hot,AIP_FLINAK_2017_V10,graded_two_layer,coarse_hot,3.3515138271762384,6.264946568257431,0.5797257996158602,0.009942320285698004,144.82744791702822,0.75,60.0,45.0,2048,baseline,16,6,103,FEASIBLE,11,0,True,45.90895192504173,0.9879362102235213,0.32366102333623065,0.0018676638137411507
UG0001_T3_graded_two_layer_coarse_hot__AIP_FLINAK_2017_V10,UG0001,T3_graded_two_layer_coarse_hot,AIP_FLINAK_2017_V10,graded_two_layer,coarse_hot,3.3515138271762384,6.264946568257431,0.5797257996158602,0.009942320285698004,144.82744791702822,0.75,60.0,45.0,4096,baseline,16,6,103,FEASIBLE,11,0,True,45.96152964340852,0.9890676547380965,0.32366102333623065,0.0018676638137411507
