design_id,power_MW,energy_to_power_h,predicted_count,predicted_installed_energy_MWh,prediction_status
UG0001_T1_homogeneous_none__SOLAR_SALT_60_40_V10,0.1,30.0,2,4.581217139143667,FEASIBLE
UG0001_T1_homogeneous_none__SOLAR_SALT_60_40_V10,0.1,60.0,3,6.878890823215697,FEASIBLE
UG0001_T1_homogeneous_none__SOLAR_SALT_60_40_V10,0.75,30.0,10,22.873786069210624,FEASIBLE
UG0001_T1_homogeneous_none__SOLAR_SALT_60_40_V10,0.75,60.0,20,45.84712776792558,FEASIBLE
UG0001_T1_homogeneous_none__AIP_FLINAK_2017_V10,0.1,30.0,2,5.697202603759426,FEASIBLE
UG0001_T1_homogeneous_none__AIP_FLINAK_2017_V10,0.1,60.0,3,8.55010015384508,FEASIBLE
UG0001_T1_homogeneous_none__AIP_FLINAK_2017_V10,0.75,30.0,8,22.761462000194854,FEASIBLE
UG0001_T1_homogeneous_none__AIP_FLINAK_2017_V10,0.75,60.0,16,45.58180632688638,FEASIBLE
UG0001_T2_graded_two_layer_fine_hot__SOLAR_SALT_60_40_V10,0.1,30.0,2,4.579890805958936,FEASIBLE
UG0001_T2_graded_two_layer_fine_hot__SOLAR_SALT_60_40_V10,0.1,60.0,3,6.87787046871742,FEASIBLE
UG0001_T2_graded_two_layer_fine_hot__SOLAR_SALT_60_40_V10,0.75,30.0,10,22.861602260176998,FEASIBLE
UG0001_T2_graded_two_layer_fine_hot__SOLAR_SALT_60_40_V10,0.75,60.0,20,45.83882278671378,FEASIBLE
UG0001_T2_graded_two_layer_fine_hot__AIP_FLINAK_2017_V10,0.1,30.0,2,5.696698060139065,FEASIBLE
UG0001_T2_graded_two_layer_fine_hot__AIP_FLINAK_2017_V10,0.1,60.0,3,8.549746361082924,FEASIBLE
UG0001_T2_graded_two_layer_fine_hot__AIP_FLINAK_2017_V10,0.75,30.0,8,22.75550127271996,FEASIBLE
UG0001_T2_graded_two_layer_fine_hot__AIP_FLINAK_2017_V10,0.75,60.0,16,45.578218807665124,FEASIBLE
UG0001_T3_graded_two_layer_coarse_hot__SOLAR_SALT_60_40_V10,0.1,30.0,2,4.574417301538372,FEASIBLE
UG0001_T3_graded_two_layer_coarse_hot__SOLAR_SALT_60_40_V10,0.1,60.0,3,6.871370752124463,FEASIBLE
UG0001_T3_graded_two_layer_coarse_hot__SOLAR_SALT_60_40_V10,0.75,30.0,10,22.828786727767863,FEASIBLE
UG0001_T3_graded_two_layer_coarse_hot__SOLAR_SALT_60_40_V10,0.75,60.0,20,45.79222654692149,FEASIBLE
UG0001_T3_graded_two_layer_coarse_hot__AIP_FLINAK_2017_V10,0.1,30.0,2,5.691988852780095,FEASIBLE
UG0001_T3_graded_two_layer_coarse_hot__AIP_FLINAK_2017_V10,0.1,60.0,3,8.544548712623044,FEASIBLE
UG0001_T3_graded_two_layer_coarse_hot__AIP_FLINAK_2017_V10,0.75,30.0,8,22.72699842631783,FEASIBLE
UG0001_T3_graded_two_layer_coarse_hot__AIP_FLINAK_2017_V10,0.75,60.0,16,45.54227665868979,FEASIBLE
