design_id,scenario_id,target_thermal_power_MW,required_energy_MWh,parallel_unit_count,grid_refinement_accepted,service_admissible
G0024_T1_homogeneous_none__SOLAR_SALT_60_40_V10,S10MW_8H,10.0,80.0,938,True,True
G0121_T1_homogeneous_none__AIP_FLINAK_2017_V10,S10MW_8H,10.0,80.0,796,True,True
G0161_T1_homogeneous_none__SOLAR_SALT_60_40_V10,S10MW_8H,10.0,80.0,1510,True,True
G0024_T1_homogeneous_none__AIP_FLINAK_2017_V10,S10MW_8H,10.0,80.0,797,True,True
G0045_T1_homogeneous_none__AIP_FLINAK_2017_V10,S10MW_8H,10.0,80.0,1475,True,True
G0212_T1_homogeneous_none__AIP_FLINAK_2017_V10,S10MW_8H,10.0,80.0,1997,True,True
G0130_T2_graded_two_layer_fine_hot__AIP_FLINAK_2017_V10,S10MW_8H,10.0,80.0,1973,True,True
G0029_T2_graded_two_layer_fine_hot__AIP_FLINAK_2017_V10,S10MW_8H,10.0,80.0,909,True,True
G0045_T1_homogeneous_none__SOLAR_SALT_60_40_V10,S10MW_8H,10.0,80.0,1740,True,True
G0225_T1_homogeneous_none__AIP_FLINAK_2017_V10,S10MW_8H,10.0,80.0,2597,True,True
G0029_T1_homogeneous_none__AIP_FLINAK_2017_V10,S10MW_8H,10.0,80.0,907,True,True
G0121_T1_homogeneous_none__SOLAR_SALT_60_40_V10,S10MW_8H,10.0,80.0,957,True,True
G0175_T1_homogeneous_none__AIP_FLINAK_2017_V10,S10MW_8H,10.0,80.0,1933,True,True
G0175_T1_homogeneous_none__SOLAR_SALT_60_40_V10,S10MW_8H,10.0,80.0,2281,True,True
G0161_T1_homogeneous_none__AIP_FLINAK_2017_V10,S10MW_8H,10.0,80.0,1283,True,True
G0011_T1_homogeneous_none__AIP_FLINAK_2017_V10,S10MW_8H,10.0,80.0,844,True,True
G0127_T1_homogeneous_none__AIP_FLINAK_2017_V10,S10MW_8H,10.0,80.0,1415,True,True
G0184_T1_homogeneous_none__AIP_FLINAK_2017_V10,S10MW_8H,10.0,80.0,1459,True,True
G0213_T1_homogeneous_none__AIP_FLINAK_2017_V10,S10MW_8H,10.0,80.0,2573,True,True
G0174_T1_homogeneous_none__AIP_FLINAK_2017_V10,S10MW_8H,10.0,80.0,1168,True,True
G0170_T1_homogeneous_none__AIP_FLINAK_2017_V10,S10MW_8H,10.0,80.0,824,True,True
G0225_T1_homogeneous_none__SOLAR_SALT_60_40_V10,S10MW_8H,10.0,80.0,3054,True,True
G0192_T1_homogeneous_none__AIP_FLINAK_2017_V10,S10MW_8H,10.0,80.0,1674,True,True
G0011_T1_homogeneous_none__SOLAR_SALT_60_40_V10,S10MW_8H,10.0,80.0,999,True,True
G0045_T1_homogeneous_none__AIP_FLINAK_2017_V10,S50MW_6H,50.0,300.0,5558,True,True
G0126_T1_homogeneous_none__AIP_FLINAK_2017_V10,S50MW_6H,50.0,300.0,5612,True,True
G0110_T1_homogeneous_none__AIP_FLINAK_2017_V10,S50MW_6H,50.0,300.0,4884,True,True
G0024_T1_homogeneous_none__AIP_FLINAK_2017_V10,S50MW_6H,50.0,300.0,3008,True,True
G0197_T1_homogeneous_none__AIP_FLINAK_2017_V10,S50MW_6H,50.0,300.0,4530,True,True
G0174_T1_homogeneous_none__AIP_FLINAK_2017_V10,S50MW_6H,50.0,300.0,4399,True,True
G0138_T2_graded_two_layer_fine_hot__AIP_FLINAK_2017_V10,S50MW_6H,50.0,300.0,3407,True,True
G0175_T1_homogeneous_none__AIP_FLINAK_2017_V10,S50MW_6H,50.0,300.0,7281,True,True
G0161_T1_homogeneous_none__SOLAR_SALT_60_40_V10,S50MW_6H,50.0,300.0,5694,True,True
G0225_T1_homogeneous_none__SOLAR_SALT_60_40_V10,S50MW_6H,50.0,300.0,11521,True,True
G0130_T2_graded_two_layer_fine_hot__AIP_FLINAK_2017_V10,S50MW_6H,50.0,300.0,7434,True,True
G0127_T1_homogeneous_none__AIP_FLINAK_2017_V10,S50MW_6H,50.0,300.0,5327,True,True
G0024_T1_homogeneous_none__SOLAR_SALT_60_40_V10,S50MW_6H,50.0,300.0,3542,True,True
G0134_T1_homogeneous_none__AIP_FLINAK_2017_V10,S50MW_6H,50.0,300.0,3041,True,True
G0187_T1_homogeneous_none__AIP_FLINAK_2017_V10,S50MW_6H,50.0,300.0,4003,True,True
G0106_T1_homogeneous_none__AIP_FLINAK_2017_V10,S50MW_6H,50.0,300.0,4878,True,True
G0045_T1_homogeneous_none__SOLAR_SALT_60_40_V10,S50MW_6H,50.0,300.0,6559,True,True
G0184_T1_homogeneous_none__AIP_FLINAK_2017_V10,S50MW_6H,50.0,300.0,5495,True,True
G0202_T1_homogeneous_none__AIP_FLINAK_2017_V10,S50MW_6H,50.0,300.0,3442,True,True
G0121_T1_homogeneous_none__SOLAR_SALT_60_40_V10,S50MW_6H,50.0,300.0,3606,True,True
G0192_T1_homogeneous_none__AIP_FLINAK_2017_V10,S50MW_6H,50.0,300.0,6306,True,True
G0015_T1_homogeneous_none__AIP_FLINAK_2017_V10,S50MW_6H,50.0,300.0,3716,True,True
G0175_T1_homogeneous_none__SOLAR_SALT_60_40_V10,S50MW_6H,50.0,300.0,8596,True,True
G0029_T1_homogeneous_none__AIP_FLINAK_2017_V10,S50MW_6H,50.0,300.0,3415,True,True
G0011_T1_homogeneous_none__SOLAR_SALT_60_40_V10,S50MW_6H,50.0,300.0,3767,True,True
G0213_T1_homogeneous_none__AIP_FLINAK_2017_V10,S50MW_6H,50.0,300.0,9696,True,True
G0212_T1_homogeneous_none__AIP_FLINAK_2017_V10,S50MW_6H,50.0,300.0,7521,True,True
G0161_T1_homogeneous_none__AIP_FLINAK_2017_V10,S50MW_6H,50.0,300.0,4836,True,True
