design_id,base_design_id,topology_id,fluid_model_id,topology,gradient_orientation,internal_diameter_m,bed_height_m,porosity,particle_diameter_m,nominal_thermal_input_kW,service_id,baseline_count,candidate_count,power_MW,required_energy_MWh,unchanged_rating_power_blocked,minimum_rating_increase_pct,n_cells,candidate_installed_energy_MWh,required_qualified_energy_gain_pct,candidate_energy_margin_MWh,baseline_candidate_energy_feasible,baseline_candidate_admissible,necessary_fluid_sensible_energy_gain_pct,status
G0024_T1_homogeneous_none__SOLAR_SALT_60_40_V10,G0024,T1_homogeneous_none,SOLAR_SALT_60_40_V10,homogeneous,none,1.1224157198750635,2.0569744250765924,0.4204654914691962,0.0131368561717558,22.73813528278785,S10MW_8H,938,937,10.0,80.0,False,0.0,2048,80.13699357231093,0.0,0.1369935723109279,True,True,0.0,TRANSIENT_ENERGY_TARGET_EVALUATED
G0024_T1_homogeneous_none__SOLAR_SALT_60_40_V10,G0024,T1_homogeneous_none,SOLAR_SALT_60_40_V10,homogeneous,none,1.1224157198750635,2.0569744250765924,0.4204654914691962,0.0131368561717558,22.73813528278785,S10MW_8H,938,937,10.0,80.0,False,0.0,4096,79.98650117919364,0.01687637364724548,-0.013498820806361778,False,True,0.0,TRANSIENT_ENERGY_TARGET_EVALUATED
G0121_T1_homogeneous_none__AIP_FLINAK_2017_V10,G0121,T1_homogeneous_none,AIP_FLINAK_2017_V10,homogeneous,none,1.0961766490586573,2.1042726350280967,0.4822519839644695,0.0083626251384812,14.352663546207346,S10MW_8H,796,795,10.0,80.0,False,0.0,2048,80.25075393601644,0.0,0.25075393601643725,True,True,0.0,TRANSIENT_ENERGY_TARGET_EVALUATED
G0121_T1_homogeneous_none__AIP_FLINAK_2017_V10,G0121,T1_homogeneous_none,AIP_FLINAK_2017_V10,homogeneous,none,1.0961766490586573,2.1042726350280967,0.4822519839644695,0.0083626251384812,14.352663546207346,S10MW_8H,796,795,10.0,80.0,False,0.0,4096,79.95709771736296,0.05365662819416528,-0.04290228263704421,False,True,0.0,TRANSIENT_ENERGY_TARGET_EVALUATED
G0161_T1_homogeneous_none__SOLAR_SALT_60_40_V10,G0161,T1_homogeneous_none,SOLAR_SALT_60_40_V10,homogeneous,none,1.1101459854195337,1.2887004219486196,0.4240624968168432,0.0095290833801239,17.910903378665996,S10MW_8H,1510,1509,10.0,80.0,False,0.0,2048,80.1859288396814,0.0,0.18592883968139517,True,True,0.0,TRANSIENT_ENERGY_TARGET_EVALUATED
G0161_T1_homogeneous_none__SOLAR_SALT_60_40_V10,G0161,T1_homogeneous_none,SOLAR_SALT_60_40_V10,homogeneous,none,1.1101459854195337,1.2887004219486196,0.4240624968168432,0.0095290833801239,17.910903378665996,S10MW_8H,1510,1509,10.0,80.0,False,0.0,4096,79.98738048524238,0.015776882154483474,-0.012619514757616912,False,True,0.0,TRANSIENT_ENERGY_TARGET_EVALUATED
G0024_T1_homogeneous_none__AIP_FLINAK_2017_V10,G0024,T1_homogeneous_none,AIP_FLINAK_2017_V10,homogeneous,none,1.1224157198750635,2.0569744250765924,0.4204654914691962,0.0131368561717558,22.73813528278785,S10MW_8H,797,796,10.0,80.0,False,0.0,2048,80.12809781172908,0.0,0.1280978117290772,True,True,0.0,TRANSIENT_ENERGY_TARGET_EVALUATED
G0024_T1_homogeneous_none__AIP_FLINAK_2017_V10,G0024,T1_homogeneous_none,AIP_FLINAK_2017_V10,homogeneous,none,1.1224157198750635,2.0569744250765924,0.4204654914691962,0.0131368561717558,22.73813528278785,S10MW_8H,797,796,10.0,80.0,False,0.0,4096,79.95297391775809,0.058817177069969695,-0.047026082241913514,False,True,0.0,TRANSIENT_ENERGY_TARGET_EVALUATED
G0045_T1_homogeneous_none__AIP_FLINAK_2017_V10,G0045,T1_homogeneous_none,AIP_FLINAK_2017_V10,homogeneous,none,0.912294472504498,1.6555604439129814,0.4313761275206079,0.0091344583135088,16.918101903825107,S10MW_8H,1475,1474,10.0,80.0,False,0.0,2048,80.23312933941284,0.0,0.23312933941284086,True,True,0.0,TRANSIENT_ENERGY_TARGET_EVALUATED
G0045_T1_homogeneous_none__AIP_FLINAK_2017_V10,G0045,T1_homogeneous_none,AIP_FLINAK_2017_V10,homogeneous,none,0.912294472504498,1.6555604439129814,0.4313761275206079,0.0091344583135088,16.918101903825107,S10MW_8H,1475,1474,10.0,80.0,False,0.0,4096,79.9812739427928,0.023413051935872176,-0.01872605720720344,False,True,0.0,TRANSIENT_ENERGY_TARGET_EVALUATED
G0212_T1_homogeneous_none__AIP_FLINAK_2017_V10,G0212,T1_homogeneous_none,AIP_FLINAK_2017_V10,homogeneous,none,0.8694286399439112,1.3284909313374968,0.5092500853490838,0.008323155457244,20.40295235977054,S10MW_8H,1997,1996,10.0,80.0,False,0.0,2048,80.28574938915213,0.0,0.2857493891521301,True,True,0.0,TRANSIENT_ENERGY_TARGET_EVALUATED
G0212_T1_homogeneous_none__AIP_FLINAK_2017_V10,G0212,T1_homogeneous_none,AIP_FLINAK_2017_V10,homogeneous,none,0.8694286399439112,1.3284909313374968,0.5092500853490838,0.008323155457244,20.40295235977054,S10MW_8H,1997,1996,10.0,80.0,False,0.0,4096,79.98762489970102,0.015471268604994037,-0.012375100298982034,False,True,0.0,TRANSIENT_ENERGY_TARGET_EVALUATED
G0130_T2_graded_two_layer_fine_hot__AIP_FLINAK_2017_V10,G0130,T2_graded_two_layer_fine_hot,AIP_FLINAK_2017_V10,graded_two_layer,fine_hot,0.6855878492451463,2.181336383240708,0.4497030015690293,0.0080802948804791,21.125819487550665,S10MW_8H,1973,1972,10.0,80.0,False,0.0,2048,80.23895731398301,0.0,0.23895731398300768,True,True,0.0,TRANSIENT_ENERGY_TARGET_EVALUATED
G0130_T2_graded_two_layer_fine_hot__AIP_FLINAK_2017_V10,G0130,T2_graded_two_layer_fine_hot,AIP_FLINAK_2017_V10,graded_two_layer,fine_hot,0.6855878492451463,2.181336383240708,0.4497030015690293,0.0080802948804791,21.125819487550665,S10MW_8H,1973,1972,10.0,80.0,False,0.0,4096,79.96716303608086,0.041063059726553774,-0.03283696391913793,False,True,0.0,TRANSIENT_ENERGY_TARGET_EVALUATED
G0029_T2_graded_two_layer_fine_hot__AIP_FLINAK_2017_V10,G0029,T2_graded_two_layer_fine_hot,AIP_FLINAK_2017_V10,graded_two_layer,fine_hot,1.0334641386197911,2.063215610088049,0.5614535232347825,0.0093738680466981,15.675475110315324,S10MW_8H,909,908,10.0,80.0,False,0.0,2048,80.21043593414329,0.0,0.2104359341432911,True,True,0.0,TRANSIENT_ENERGY_TARGET_EVALUATED
G0029_T2_graded_two_layer_fine_hot__AIP_FLINAK_2017_V10,G0029,T2_graded_two_layer_fine_hot,AIP_FLINAK_2017_V10,graded_two_layer,fine_hot,1.0334641386197911,2.063215610088049,0.5614535232347825,0.0093738680466981,15.675475110315324,S10MW_8H,909,908,10.0,80.0,False,0.0,4096,79.95005947259506,0.062464653227767286,-0.04994052740494226,False,True,0.0,TRANSIENT_ENERGY_TARGET_EVALUATED
G0045_T1_homogeneous_none__SOLAR_SALT_60_40_V10,G0045,T1_homogeneous_none,SOLAR_SALT_60_40_V10,homogeneous,none,0.912294472504498,1.6555604439129814,0.4313761275206079,0.0091344583135088,16.918101903825107,S10MW_8H,1740,1739,10.0,80.0,False,0.0,2048,80.20454416227129,0.0,0.20454416227129002,True,True,0.0,TRANSIENT_ENERGY_TARGET_EVALUATED
G0045_T1_homogeneous_none__SOLAR_SALT_60_40_V10,G0045,T1_homogeneous_none,SOLAR_SALT_60_40_V10,homogeneous,none,0.912294472504498,1.6555604439129814,0.4313761275206079,0.0091344583135088,16.918101903825107,S10MW_8H,1740,1739,10.0,80.0,False,0.0,4096,79.99487294011598,0.006409235611704034,-0.005127059884017626,False,True,0.0,TRANSIENT_ENERGY_TARGET_EVALUATED
G0225_T1_homogeneous_none__AIP_FLINAK_2017_V10,G0225,T1_homogeneous_none,AIP_FLINAK_2017_V10,homogeneous,none,0.8663827584632114,1.0465984004210511,0.421356504369916,0.0097491053945343,26.77272005702137,S10MW_8H,2597,2596,10.0,80.0,False,0.0,2048,80.19913466311877,0.0,0.1991346631187696,True,True,0.0,TRANSIENT_ENERGY_TARGET_EVALUATED
G0225_T1_homogeneous_none__AIP_FLINAK_2017_V10,G0225,T1_homogeneous_none,AIP_FLINAK_2017_V10,homogeneous,none,0.8663827584632114,1.0465984004210511,0.421356504369916,0.0097491053945343,26.77272005702137,S10MW_8H,2597,2596,10.0,80.0,False,0.0,4096,79.96955630548365,0.03806910519805751,-0.030443694516350206,False,True,0.0,TRANSIENT_ENERGY_TARGET_EVALUATED
G0029_T1_homogeneous_none__AIP_FLINAK_2017_V10,G0029,T1_homogeneous_none,AIP_FLINAK_2017_V10,homogeneous,none,1.0334641386197911,2.063215610088049,0.5614535232347825,0.0093738680466981,15.675475110315324,S10MW_8H,907,906,10.0,80.0,False,0.0,2048,80.26061339259965,0.0,0.26061339259965166,True,True,0.0,TRANSIENT_ENERGY_TARGET_EVALUATED
G0029_T1_homogeneous_none__AIP_FLINAK_2017_V10,G0029,T1_homogeneous_none,AIP_FLINAK_2017_V10,homogeneous,none,1.0334641386197911,2.063215610088049,0.5614535232347825,0.0093738680466981,15.675475110315324,S10MW_8H,907,906,10.0,80.0,False,0.0,4096,79.97932698000707,0.025847954432145492,-0.02067301999292681,False,True,0.0,TRANSIENT_ENERGY_TARGET_EVALUATED
G0121_T1_homogeneous_none__SOLAR_SALT_60_40_V10,G0121,T1_homogeneous_none,SOLAR_SALT_60_40_V10,homogeneous,none,1.0961766490586573,2.1042726350280967,0.4822519839644695,0.0083626251384812,14.352663546207344,S10MW_8H,957,956,10.0,80.0,False,0.0,2048,80.18787653840057,0.0,0.18787653840057317,True,True,0.0,TRANSIENT_ENERGY_TARGET_EVALUATED
G0121_T1_homogeneous_none__SOLAR_SALT_60_40_V10,G0121,T1_homogeneous_none,SOLAR_SALT_60_40_V10,homogeneous,none,1.0961766490586573,2.1042726350280967,0.4822519839644695,0.0083626251384812,14.352663546207344,S10MW_8H,957,956,10.0,80.0,False,0.0,4096,79.9507565522871,0.06159222230834871,-0.04924344771289668,False,True,0.0,TRANSIENT_ENERGY_TARGET_EVALUATED
G0175_T1_homogeneous_none__AIP_FLINAK_2017_V10,G0175,T1_homogeneous_none,AIP_FLINAK_2017_V10,homogeneous,none,0.8002293606683215,1.635382205834237,0.4332438823013369,0.008206709237963,22.43073142663036,S10MW_8H,1933,1932,10.0,80.0,False,0.0,2048,80.26393394829047,0.0,0.2639339482904717,True,True,0.0,TRANSIENT_ENERGY_TARGET_EVALUATED
G0175_T1_homogeneous_none__AIP_FLINAK_2017_V10,G0175,T1_homogeneous_none,AIP_FLINAK_2017_V10,homogeneous,none,0.8002293606683215,1.635382205834237,0.4332438823013369,0.008206709237963,22.43073142663036,S10MW_8H,1933,1932,10.0,80.0,False,0.0,4096,79.9809359954659,0.023835685712891852,-0.019064004534101286,False,True,0.0,TRANSIENT_ENERGY_TARGET_EVALUATED
G0175_T1_homogeneous_none__SOLAR_SALT_60_40_V10,G0175,T1_homogeneous_none,SOLAR_SALT_60_40_V10,homogeneous,none,0.8002293606683215,1.635382205834237,0.4332438823013369,0.008206709237963,22.43073142663036,S10MW_8H,2281,2280,10.0,80.0,False,0.0,2048,80.22787270193659,0.0,0.22787270193659026,True,True,0.0,TRANSIENT_ENERGY_TARGET_EVALUATED
G0175_T1_homogeneous_none__SOLAR_SALT_60_40_V10,G0175,T1_homogeneous_none,SOLAR_SALT_60_40_V10,homogeneous,none,0.8002293606683215,1.635382205834237,0.4332438823013369,0.008206709237963,22.43073142663036,S10MW_8H,2281,2280,10.0,80.0,False,0.0,4096,79.99516835731154,0.006039918144651324,-0.00483164268845826,False,True,0.0,TRANSIENT_ENERGY_TARGET_EVALUATED
G0161_T1_homogeneous_none__AIP_FLINAK_2017_V10,G0161,T1_homogeneous_none,AIP_FLINAK_2017_V10,homogeneous,none,1.1101459854195337,1.2887004219486196,0.4240624968168432,0.0095290833801239,17.910903378665996,S10MW_8H,1283,1282,10.0,80.0,False,0.0,2048,80.19444503731127,0.0,0.19444503731126872,True,True,0.0,TRANSIENT_ENERGY_TARGET_EVALUATED
G0161_T1_homogeneous_none__AIP_FLINAK_2017_V10,G0161,T1_homogeneous_none,AIP_FLINAK_2017_V10,homogeneous,none,1.1101459854195337,1.2887004219486196,0.4240624968168432,0.0095290833801239,17.910903378665996,S10MW_8H,1283,1282,10.0,80.0,False,0.0,4096,79.95721195174244,0.0535136821471216,-0.042788048257563105,False,True,0.0,TRANSIENT_ENERGY_TARGET_EVALUATED
G0011_T1_homogeneous_none__AIP_FLINAK_2017_V10,G0011,T1_homogeneous_none,AIP_FLINAK_2017_V10,homogeneous,none,1.133739926560774,1.879325827107074,0.4394325139796532,0.010202879502093,14.296907030266434,S10MW_8H,844,843,10.0,80.0,False,0.0,2048,80.19862090940124,0.0,0.19862090940124233,True,True,0.0,TRANSIENT_ENERGY_TARGET_EVALUATED
G0011_T1_homogeneous_none__AIP_FLINAK_2017_V10,G0011,T1_homogeneous_none,AIP_FLINAK_2017_V10,homogeneous,none,1.133739926560774,1.879325827107074,0.4394325139796532,0.010202879502093,14.296907030266434,S10MW_8H,844,843,10.0,80.0,False,0.0,4096,79.97160786993328,0.03550276257155982,-0.028392130066720256,False,True,0.0,TRANSIENT_ENERGY_TARGET_EVALUATED
G0127_T1_homogeneous_none__AIP_FLINAK_2017_V10,G0127,T1_homogeneous_none,AIP_FLINAK_2017_V10,homogeneous,none,0.8826600610600707,1.8185951435498344,0.5161350252720026,0.0084983266250461,17.454759144954508,S10MW_8H,1415,1414,10.0,80.0,False,0.0,2048,80.29685878682794,0.0,0.29685878682794,True,True,0.0,TRANSIENT_ENERGY_TARGET_EVALUATED
G0127_T1_homogeneous_none__AIP_FLINAK_2017_V10,G0127,T1_homogeneous_none,AIP_FLINAK_2017_V10,homogeneous,none,0.8826600610600707,1.8185951435498344,0.5161350252720026,0.0084983266250461,17.454759144954508,S10MW_8H,1415,1414,10.0,80.0,False,0.0,4096,79.99960568914467,0.0004928909985713048,-0.0003943108553272623,False,True,0.0,TRANSIENT_ENERGY_TARGET_EVALUATED
G0184_T1_homogeneous_none__AIP_FLINAK_2017_V10,G0184,T1_homogeneous_none,AIP_FLINAK_2017_V10,homogeneous,none,0.8407541146807479,1.9355054383151216,0.5470496966734363,0.0085989237341624,19.67174093701888,S10MW_8H,1459,1458,10.0,80.0,False,0.0,2048,80.27044625064576,0.0,0.27044625064576167,True,True,0.0,TRANSIENT_ENERGY_TARGET_EVALUATED
G0184_T1_homogeneous_none__AIP_FLINAK_2017_V10,G0184,T1_homogeneous_none,AIP_FLINAK_2017_V10,homogeneous,none,0.8407541146807479,1.9355054383151216,0.5470496966734363,0.0085989237341624,19.67174093701888,S10MW_8H,1459,1458,10.0,80.0,False,0.0,4096,79.96593165861181,0.042603569647181594,-0.034068341388191925,False,True,0.0,TRANSIENT_ENERGY_TARGET_EVALUATED
G0213_T1_homogeneous_none__AIP_FLINAK_2017_V10,G0213,T1_homogeneous_none,AIP_FLINAK_2017_V10,homogeneous,none,0.8772478102597726,1.0287554650391977,0.4210428799804282,0.0092329946277081,15.606568993565078,S10MW_8H,2573,2572,10.0,80.0,False,0.0,2048,80.2421527383569,0.0,0.2421527383569071,True,True,0.0,TRANSIENT_ENERGY_TARGET_EVALUATED
G0213_T1_homogeneous_none__AIP_FLINAK_2017_V10,G0213,T1_homogeneous_none,AIP_FLINAK_2017_V10,homogeneous,none,0.8772478102597726,1.0287554650391977,0.4210428799804282,0.0092329946277081,15.606568993565078,S10MW_8H,2573,2572,10.0,80.0,False,0.0,4096,79.99938920083235,0.000763504788903191,-0.0006107991676458369,False,True,0.0,TRANSIENT_ENERGY_TARGET_EVALUATED
G0174_T1_homogeneous_none__AIP_FLINAK_2017_V10,G0174,T1_homogeneous_none,AIP_FLINAK_2017_V10,homogeneous,none,1.0944503647597972,1.4405263353483395,0.4699506752694078,0.0082561259938082,12.49049503309516,S10MW_8H,1168,1167,10.0,80.0,False,0.0,2048,80.25143889884772,0.0,0.25143889884772364,True,True,0.0,TRANSIENT_ENERGY_TARGET_EVALUATED
G0174_T1_homogeneous_none__AIP_FLINAK_2017_V10,G0174,T1_homogeneous_none,AIP_FLINAK_2017_V10,homogeneous,none,1.0944503647597972,1.4405263353483395,0.4699506752694078,0.0082561259938082,12.49049503309516,S10MW_8H,1168,1167,10.0,80.0,False,0.0,4096,79.96177341319834,0.04780607679137905,-0.038226586801656026,False,True,0.0,TRANSIENT_ENERGY_TARGET_EVALUATED
G0170_T1_homogeneous_none__AIP_FLINAK_2017_V10,G0170,T1_homogeneous_none,AIP_FLINAK_2017_V10,homogeneous,none,1.052796017978543,2.1983714732713,0.508032375077532,0.0086147172450201,12.351504364910708,S10MW_8H,824,823,10.0,80.0,False,0.0,2048,80.26443472790763,0.0,0.2644347279076271,True,True,0.0,TRANSIENT_ENERGY_TARGET_EVALUATED
G0170_T1_homogeneous_none__AIP_FLINAK_2017_V10,G0170,T1_homogeneous_none,AIP_FLINAK_2017_V10,homogeneous,none,1.052796017978543,2.1983714732713,0.508032375077532,0.0086147172450201,12.351504364910708,S10MW_8H,824,823,10.0,80.0,False,0.0,4096,79.97211891383387,0.034863508113591735,-0.027881086166132718,False,True,0.0,TRANSIENT_ENERGY_TARGET_EVALUATED
G0225_T1_homogeneous_none__SOLAR_SALT_60_40_V10,G0225,T1_homogeneous_none,SOLAR_SALT_60_40_V10,homogeneous,none,0.8663827584632114,1.0465984004210511,0.421356504369916,0.0097491053945343,26.77272005702137,S10MW_8H,3054,3053,10.0,80.0,False,0.0,2048,80.18841707853305,0.0,0.18841707853304968,True,True,0.0,TRANSIENT_ENERGY_TARGET_EVALUATED
G0225_T1_homogeneous_none__SOLAR_SALT_60_40_V10,G0225,T1_homogeneous_none,SOLAR_SALT_60_40_V10,homogeneous,none,0.8663827584632114,1.0465984004210511,0.421356504369916,0.0097491053945343,26.77272005702137,S10MW_8H,3054,3053,10.0,80.0,False,0.0,4096,79.99597006289409,0.005037675151320364,-0.00402993710591204,False,True,0.0,TRANSIENT_ENERGY_TARGET_EVALUATED
G0192_T1_homogeneous_none__AIP_FLINAK_2017_V10,G0192,T1_homogeneous_none,AIP_FLINAK_2017_V10,homogeneous,none,0.9887595419890628,1.2325814617378716,0.4609081156171205,0.0081644751447454,13.382136741996206,S10MW_8H,1674,1673,10.0,80.0,False,0.0,2048,80.26278084879789,0.0,0.2627808487978882,True,True,0.0,TRANSIENT_ENERGY_TARGET_EVALUATED
G0192_T1_homogeneous_none__AIP_FLINAK_2017_V10,G0192,T1_homogeneous_none,AIP_FLINAK_2017_V10,homogeneous,none,0.9887595419890628,1.2325814617378716,0.4609081156171205,0.0081644751447454,13.382136741996206,S10MW_8H,1674,1673,10.0,80.0,False,0.0,4096,79.97380664097815,0.03275242247682275,-0.026193359021846163,False,True,0.0,TRANSIENT_ENERGY_TARGET_EVALUATED
G0011_T1_homogeneous_none__SOLAR_SALT_60_40_V10,G0011,T1_homogeneous_none,SOLAR_SALT_60_40_V10,homogeneous,none,1.133739926560774,1.879325827107074,0.4394325139796532,0.010202879502093,14.296907030266434,S10MW_8H,999,998,10.0,80.0,False,0.0,2048,80.16507460870987,0.0,0.16507460870987245,True,True,0.0,TRANSIENT_ENERGY_TARGET_EVALUATED
G0011_T1_homogeneous_none__SOLAR_SALT_60_40_V10,G0011,T1_homogeneous_none,SOLAR_SALT_60_40_V10,homogeneous,none,1.133739926560774,1.879325827107074,0.4394325139796532,0.010202879502093,14.296907030266434,S10MW_8H,999,998,10.0,80.0,False,0.0,4096,79.97468386065044,0.031655191527435456,-0.02531613934955601,False,True,0.0,TRANSIENT_ENERGY_TARGET_EVALUATED
G0045_T1_homogeneous_none__AIP_FLINAK_2017_V10,G0045,T1_homogeneous_none,AIP_FLINAK_2017_V10,homogeneous,none,0.912294472504498,1.6555604439129814,0.4313761275206079,0.0091344583135088,16.918101903825107,S50MW_6H,5558,5557,50.0,300.0,False,0.0,2048,300.81815886725315,0.0,0.8181588672531461,True,True,0.0,TRANSIENT_ENERGY_TARGET_EVALUATED
G0045_T1_homogeneous_none__AIP_FLINAK_2017_V10,G0045,T1_homogeneous_none,AIP_FLINAK_2017_V10,homogeneous,none,0.912294472504498,1.6555604439129814,0.4313761275206079,0.0091344583135088,16.918101903825107,S50MW_6H,5558,5557,50.0,300.0,False,0.0,4096,299.9988986378043,0.0003671220796697128,-0.001101362195697675,False,True,0.0,TRANSIENT_ENERGY_TARGET_EVALUATED
G0126_T1_homogeneous_none__AIP_FLINAK_2017_V10,G0126,T1_homogeneous_none,AIP_FLINAK_2017_V10,homogeneous,none,0.8245171991794619,1.9964668605226783,0.4893648701146171,0.0098305545744676,23.105947028068783,S50MW_6H,5612,5611,50.0,300.0,False,0.0,2048,300.79454083874253,0.0,0.7945408387425346,True,True,0.0,TRANSIENT_ENERGY_TARGET_EVALUATED
G0126_T1_homogeneous_none__AIP_FLINAK_2017_V10,G0126,T1_homogeneous_none,AIP_FLINAK_2017_V10,homogeneous,none,0.8245171991794619,1.9964668605226783,0.4893648701146171,0.0098305545744676,23.105947028068783,S50MW_6H,5612,5611,50.0,300.0,False,0.0,4096,299.9921481762707,0.0026173430794917962,-0.007851823729311036,False,True,0.0,TRANSIENT_ENERGY_TARGET_EVALUATED
G0110_T1_homogeneous_none__AIP_FLINAK_2017_V10,G0110,T1_homogeneous_none,AIP_FLINAK_2017_V10,homogeneous,none,0.8889932606552593,1.98771780406272,0.4754977149593009,0.0111415839826022,20.177082603545117,S50MW_6H,4884,4883,50.0,300.0,False,0.0,2048,300.69201111323054,0.0,0.6920111132305351,True,True,0.0,TRANSIENT_ENERGY_TARGET_EVALUATED
G0110_T1_homogeneous_none__AIP_FLINAK_2017_V10,G0110,T1_homogeneous_none,AIP_FLINAK_2017_V10,homogeneous,none,0.8889932606552593,1.98771780406272,0.4754977149593009,0.0111415839826022,20.177082603545117,S50MW_6H,4884,4883,50.0,300.0,False,0.0,4096,299.9914082512954,0.0028639982573741563,-0.008591748704589008,False,True,0.0,TRANSIENT_ENERGY_TARGET_EVALUATED
G0024_T1_homogeneous_none__AIP_FLINAK_2017_V10,G0024,T1_homogeneous_none,AIP_FLINAK_2017_V10,homogeneous,none,1.1224157198750635,2.0569744250765924,0.4204654914691962,0.0131368561717558,22.73813528278785,S50MW_6H,3008,3007,50.0,300.0,False,0.0,2048,300.54304093328267,0.0,0.5430409332826684,True,True,0.0,TRANSIENT_ENERGY_TARGET_EVALUATED
G0024_T1_homogeneous_none__AIP_FLINAK_2017_V10,G0024,T1_homogeneous_none,AIP_FLINAK_2017_V10,homogeneous,none,1.1224157198750635,2.0569744250765924,0.4204654914691962,0.0131368561717558,22.73813528278785,S50MW_6H,3008,3007,50.0,300.0,False,0.0,4096,299.96657149254406,0.011144077584912537,-0.033428507455937506,False,True,0.0,TRANSIENT_ENERGY_TARGET_EVALUATED
G0197_T1_homogeneous_none__AIP_FLINAK_2017_V10,G0197,T1_homogeneous_none,AIP_FLINAK_2017_V10,homogeneous,none,0.9106572917853182,2.016290105019689,0.5401950909091175,0.0102465961348292,11.892939185995427,S50MW_6H,4530,4529,50.0,300.0,False,0.0,2048,300.787025443139,0.0,0.7870254431389867,True,True,0.0,TRANSIENT_ENERGY_TARGET_EVALUATED
G0197_T1_homogeneous_none__AIP_FLINAK_2017_V10,G0197,T1_homogeneous_none,AIP_FLINAK_2017_V10,homogeneous,none,0.9106572917853182,2.016290105019689,0.5401950909091175,0.0102465961348292,11.892939185995427,S50MW_6H,4530,4529,50.0,300.0,False,0.0,4096,299.9803232904193,0.006559333413913571,-0.019676709580721763,False,True,0.0,TRANSIENT_ENERGY_TARGET_EVALUATED
G0174_T1_homogeneous_none__AIP_FLINAK_2017_V10,G0174,T1_homogeneous_none,AIP_FLINAK_2017_V10,homogeneous,none,1.0944503647597972,1.4405263353483395,0.4699506752694078,0.0082561259938082,12.49049503309516,S50MW_6H,4399,4398,50.0,300.0,False,0.0,2048,300.88505606924053,0.0,0.8850560692405338,True,True,0.0,TRANSIENT_ENERGY_TARGET_EVALUATED
G0174_T1_homogeneous_none__AIP_FLINAK_2017_V10,G0174,T1_homogeneous_none,AIP_FLINAK_2017_V10,homogeneous,none,1.0944503647597972,1.4405263353483395,0.4699506752694078,0.0082561259938082,12.49049503309516,S50MW_6H,4399,4398,50.0,300.0,False,0.0,4096,299.9516873825982,0.01610679967276596,-0.04831261740179116,False,True,0.0,TRANSIENT_ENERGY_TARGET_EVALUATED
G0138_T2_graded_two_layer_fine_hot__AIP_FLINAK_2017_V10,G0138,T2_graded_two_layer_fine_hot,AIP_FLINAK_2017_V10,graded_two_layer,fine_hot,1.0803162166456113,1.9283397777897795,0.4998563049451077,0.0110401028518963,23.180649654283165,S50MW_6H,3407,3406,50.0,300.0,False,0.0,2048,300.5812932708364,0.0,0.5812932708363974,True,True,0.0,TRANSIENT_ENERGY_TARGET_EVALUATED
G0138_T2_graded_two_layer_fine_hot__AIP_FLINAK_2017_V10,G0138,T2_graded_two_layer_fine_hot,AIP_FLINAK_2017_V10,graded_two_layer,fine_hot,1.0803162166456113,1.9283397777897795,0.4998563049451077,0.0110401028518963,23.180649654283165,S50MW_6H,3407,3406,50.0,300.0,False,0.0,4096,299.9125614065453,0.029154695303401645,-0.08743859345469218,False,True,0.0,TRANSIENT_ENERGY_TARGET_EVALUATED
G0175_T1_homogeneous_none__AIP_FLINAK_2017_V10,G0175,T1_homogeneous_none,AIP_FLINAK_2017_V10,homogeneous,none,0.8002293606683215,1.635382205834237,0.4332438823013369,0.008206709237963,22.43073142663036,S50MW_6H,7281,7280,50.0,300.0,False,0.0,2048,300.88364899821363,0.0,0.88364899821363,True,True,0.0,TRANSIENT_ENERGY_TARGET_EVALUATED
G0175_T1_homogeneous_none__AIP_FLINAK_2017_V10,G0175,T1_homogeneous_none,AIP_FLINAK_2017_V10,homogeneous,none,0.8002293606683215,1.635382205834237,0.4332438823013369,0.008206709237963,22.43073142663036,S50MW_6H,7281,7280,50.0,300.0,False,0.0,4096,299.96881248250804,0.010396920011057631,-0.031187517491957806,False,True,0.0,TRANSIENT_ENERGY_TARGET_EVALUATED
G0161_T1_homogeneous_none__SOLAR_SALT_60_40_V10,G0161,T1_homogeneous_none,SOLAR_SALT_60_40_V10,homogeneous,none,1.1101459854195337,1.2887004219486196,0.4240624968168432,0.0095290833801239,17.910903378665996,S50MW_6H,5694,5693,50.0,300.0,False,0.0,2048,300.62022845228887,0.0,0.6202284522888704,True,True,0.0,TRANSIENT_ENERGY_TARGET_EVALUATED
G0161_T1_homogeneous_none__SOLAR_SALT_60_40_V10,G0161,T1_homogeneous_none,SOLAR_SALT_60_40_V10,homogeneous,none,1.1101459854195337,1.2887004219486196,0.4240624968168432,0.0095290833801239,17.910903378665996,S50MW_6H,5694,5693,50.0,300.0,False,0.0,4096,299.96540153202073,0.011534152873160508,-0.034598467979265024,False,True,0.0,TRANSIENT_ENERGY_TARGET_EVALUATED
G0225_T1_homogeneous_none__SOLAR_SALT_60_40_V10,G0225,T1_homogeneous_none,SOLAR_SALT_60_40_V10,homogeneous,none,0.8663827584632114,1.0465984004210511,0.421356504369916,0.0097491053945343,26.77272005702137,S50MW_6H,11521,11520,50.0,300.0,False,0.0,2048,300.62647854780437,0.0,0.6264785478043677,True,True,0.0,TRANSIENT_ENERGY_TARGET_EVALUATED
G0225_T1_homogeneous_none__SOLAR_SALT_60_40_V10,G0225,T1_homogeneous_none,SOLAR_SALT_60_40_V10,homogeneous,none,0.8663827584632114,1.0465984004210511,0.421356504369916,0.0097491053945343,26.77272005702137,S50MW_6H,11521,11520,50.0,300.0,False,0.0,4096,299.9913499864163,0.0028834209999883953,-0.008650013583689997,False,True,0.0,TRANSIENT_ENERGY_TARGET_EVALUATED
G0130_T2_graded_two_layer_fine_hot__AIP_FLINAK_2017_V10,G0130,T2_graded_two_layer_fine_hot,AIP_FLINAK_2017_V10,graded_two_layer,fine_hot,0.6855878492451463,2.181336383240708,0.4497030015690293,0.0080802948804791,21.125819487550665,S50MW_6H,7434,7433,50.0,300.0,False,0.0,2048,300.85565206096146,0.0,0.8556520609614608,True,True,0.0,TRANSIENT_ENERGY_TARGET_EVALUATED
G0130_T2_graded_two_layer_fine_hot__AIP_FLINAK_2017_V10,G0130,T2_graded_two_layer_fine_hot,AIP_FLINAK_2017_V10,graded_two_layer,fine_hot,0.6855878492451463,2.181336383240708,0.4497030015690293,0.0080802948804791,21.125819487550665,S50MW_6H,7434,7433,50.0,300.0,False,0.0,4096,299.9741684986017,0.008611241937117597,-0.025831501398272394,False,True,0.0,TRANSIENT_ENERGY_TARGET_EVALUATED
G0127_T1_homogeneous_none__AIP_FLINAK_2017_V10,G0127,T1_homogeneous_none,AIP_FLINAK_2017_V10,homogeneous,none,0.8826600610600707,1.8185951435498344,0.5161350252720026,0.0084983266250461,17.454759144954508,S50MW_6H,5327,5326,50.0,300.0,False,0.0,2048,300.9005080863035,0.0,0.9005080863034891,True,True,0.0,TRANSIENT_ENERGY_TARGET_EVALUATED
G0127_T1_homogeneous_none__AIP_FLINAK_2017_V10,G0127,T1_homogeneous_none,AIP_FLINAK_2017_V10,homogeneous,none,0.8826600610600707,1.8185951435498344,0.5161350252720026,0.0084983266250461,17.454759144954508,S50MW_6H,5327,5326,50.0,300.0,False,0.0,4096,299.94625908260474,0.017916848691368337,-0.05374091739525966,False,True,0.0,TRANSIENT_ENERGY_TARGET_EVALUATED
G0024_T1_homogeneous_none__SOLAR_SALT_60_40_V10,G0024,T1_homogeneous_none,SOLAR_SALT_60_40_V10,homogeneous,none,1.1224157198750635,2.0569744250765924,0.4204654914691962,0.0131368561717558,22.73813528278785,S50MW_6H,3542,3541,50.0,300.0,False,0.0,2048,300.4685266911391,0.0,0.46852669113911816,True,True,0.0,TRANSIENT_ENERGY_TARGET_EVALUATED
G0024_T1_homogeneous_none__SOLAR_SALT_60_40_V10,G0024,T1_homogeneous_none,SOLAR_SALT_60_40_V10,homogeneous,none,1.1224157198750635,2.0569744250765924,0.4204654914691962,0.0131368561717558,22.73813528278785,S50MW_6H,3542,3541,50.0,300.0,False,0.0,4096,299.9688724561264,0.010376924651800401,-0.031127543873594732,False,True,0.0,TRANSIENT_ENERGY_TARGET_EVALUATED
G0134_T1_homogeneous_none__AIP_FLINAK_2017_V10,G0134,T1_homogeneous_none,AIP_FLINAK_2017_V10,homogeneous,none,1.0788731839371053,2.14497272480169,0.5662512965056532,0.011892605351488,20.534936772763256,S50MW_6H,3041,3040,50.0,300.0,False,0.0,2048,300.6746435820442,0.0,0.6746435820442116,True,True,0.0,TRANSIENT_ENERGY_TARGET_EVALUATED
G0134_T1_homogeneous_none__AIP_FLINAK_2017_V10,G0134,T1_homogeneous_none,AIP_FLINAK_2017_V10,homogeneous,none,1.0788731839371053,2.14497272480169,0.5662512965056532,0.011892605351488,20.534936772763256,S50MW_6H,3041,3040,50.0,300.0,False,0.0,4096,299.96170119305856,0.012767898964805013,-0.038298806941440944,False,True,0.0,TRANSIENT_ENERGY_TARGET_EVALUATED
G0187_T1_homogeneous_none__AIP_FLINAK_2017_V10,G0187,T1_homogeneous_none,AIP_FLINAK_2017_V10,homogeneous,none,1.0583613976924462,1.720068989076137,0.4466704483150372,0.011353607086603,12.64157687600144,S50MW_6H,4003,4002,50.0,300.0,False,0.0,2048,300.6562907476626,0.0,0.656290747662581,True,True,0.0,TRANSIENT_ENERGY_TARGET_EVALUATED
G0187_T1_homogeneous_none__AIP_FLINAK_2017_V10,G0187,T1_homogeneous_none,AIP_FLINAK_2017_V10,homogeneous,none,1.0583613976924462,1.720068989076137,0.4466704483150372,0.011353607086603,12.64157687600144,S50MW_6H,4003,4002,50.0,300.0,False,0.0,4096,299.98591094829067,0.00469657113721933,-0.014089051709333944,False,True,0.0,TRANSIENT_ENERGY_TARGET_EVALUATED
G0106_T1_homogeneous_none__AIP_FLINAK_2017_V10,G0106,T1_homogeneous_none,AIP_FLINAK_2017_V10,homogeneous,none,0.9382964688843188,1.7653070300882212,0.482580744694821,0.0084153207571025,17.69629757708742,S50MW_6H,4878,4877,50.0,300.0,False,0.0,2048,300.9228093208451,0.0,0.92280932084509,True,True,0.0,TRANSIENT_ENERGY_TARGET_EVALUATED
G0106_T1_homogeneous_none__AIP_FLINAK_2017_V10,G0106,T1_homogeneous_none,AIP_FLINAK_2017_V10,homogeneous,none,0.9382964688843188,1.7653070300882212,0.482580744694821,0.0084153207571025,17.69629757708742,S50MW_6H,4878,4877,50.0,300.0,False,0.0,4096,299.99018639283804,0.003271309398478195,-0.009813607161959226,False,True,0.0,TRANSIENT_ENERGY_TARGET_EVALUATED
G0045_T1_homogeneous_none__SOLAR_SALT_60_40_V10,G0045,T1_homogeneous_none,SOLAR_SALT_60_40_V10,homogeneous,none,0.912294472504498,1.6555604439129814,0.4313761275206079,0.0091344583135088,16.918101903825107,S50MW_6H,6559,6558,50.0,300.0,False,0.0,2048,300.64858431288485,0.0,0.6485843128848501,True,True,0.0,TRANSIENT_ENERGY_TARGET_EVALUATED
G0045_T1_homogeneous_none__SOLAR_SALT_60_40_V10,G0045,T1_homogeneous_none,SOLAR_SALT_60_40_V10,homogeneous,none,0.912294472504498,1.6555604439129814,0.4313761275206079,0.0091344583135088,16.918101903825107,S50MW_6H,6559,6558,50.0,300.0,False,0.0,4096,299.9581324761921,0.013957789196217263,-0.041867523807923135,False,True,0.0,TRANSIENT_ENERGY_TARGET_EVALUATED
G0184_T1_homogeneous_none__AIP_FLINAK_2017_V10,G0184,T1_homogeneous_none,AIP_FLINAK_2017_V10,homogeneous,none,0.8407541146807479,1.9355054383151216,0.5470496966734363,0.0085989237341624,19.67174093701888,S50MW_6H,5495,5494,50.0,300.0,False,0.0,2048,300.9378978805452,0.0,0.937897880545222,True,True,0.0,TRANSIENT_ENERGY_TARGET_EVALUATED
G0184_T1_homogeneous_none__AIP_FLINAK_2017_V10,G0184,T1_homogeneous_none,AIP_FLINAK_2017_V10,homogeneous,none,0.8407541146807479,1.9355054383151216,0.5470496966734363,0.0085989237341624,19.67174093701888,S50MW_6H,5495,5494,50.0,300.0,False,0.0,4096,299.96246422974303,0.012513489097165653,-0.03753577025696586,False,True,0.0,TRANSIENT_ENERGY_TARGET_EVALUATED
G0202_T1_homogeneous_none__AIP_FLINAK_2017_V10,G0202,T1_homogeneous_none,AIP_FLINAK_2017_V10,homogeneous,none,1.019423027547676,2.1598700084584834,0.5127412627149688,0.0144001372037683,24.61478328946664,S50MW_6H,3442,3441,50.0,300.0,False,0.0,2048,300.5384628809792,0.0,0.538462880979182,True,True,0.0,TRANSIENT_ENERGY_TARGET_EVALUATED
G0202_T1_homogeneous_none__AIP_FLINAK_2017_V10,G0202,T1_homogeneous_none,AIP_FLINAK_2017_V10,homogeneous,none,1.019423027547676,2.1598700084584834,0.5127412627149688,0.0144001372037683,24.61478328946664,S50MW_6H,3442,3441,50.0,300.0,False,0.0,4096,299.97584230349884,0.008053213990710795,-0.024157696501163173,False,True,0.0,TRANSIENT_ENERGY_TARGET_EVALUATED
G0121_T1_homogeneous_none__SOLAR_SALT_60_40_V10,G0121,T1_homogeneous_none,SOLAR_SALT_60_40_V10,homogeneous,none,1.0961766490586573,2.1042726350280967,0.4822519839644695,0.0083626251384812,14.352663546207344,S50MW_6H,3606,3605,50.0,300.0,False,0.0,2048,300.7181616207997,0.0,0.7181616207997195,True,True,0.0,TRANSIENT_ENERGY_TARGET_EVALUATED
G0121_T1_homogeneous_none__SOLAR_SALT_60_40_V10,G0121,T1_homogeneous_none,SOLAR_SALT_60_40_V10,homogeneous,none,1.0961766490586573,2.1042726350280967,0.4822519839644695,0.0083626251384812,14.352663546207344,S50MW_6H,3606,3605,50.0,300.0,False,0.0,4096,299.9408173546761,0.01973144097087154,-0.05918264532391504,False,True,0.0,TRANSIENT_ENERGY_TARGET_EVALUATED
G0192_T1_homogeneous_none__AIP_FLINAK_2017_V10,G0192,T1_homogeneous_none,AIP_FLINAK_2017_V10,homogeneous,none,0.9887595419890628,1.2325814617378716,0.4609081156171205,0.0081644751447454,13.382136741996206,S50MW_6H,6306,6305,50.0,300.0,False,0.0,2048,300.9295903759317,0.0,0.9295903759316957,True,True,0.0,TRANSIENT_ENERGY_TARGET_EVALUATED
G0192_T1_homogeneous_none__AIP_FLINAK_2017_V10,G0192,T1_homogeneous_none,AIP_FLINAK_2017_V10,homogeneous,none,0.9887595419890628,1.2325814617378716,0.4609081156171205,0.0081644751447454,13.382136741996206,S50MW_6H,6306,6305,50.0,300.0,False,0.0,4096,299.99805602923374,0.0006479944543613669,-0.001943970766262737,False,True,0.0,TRANSIENT_ENERGY_TARGET_EVALUATED
G0015_T1_homogeneous_none__AIP_FLINAK_2017_V10,G0015,T1_homogeneous_none,AIP_FLINAK_2017_V10,homogeneous,none,1.1184836875112638,1.6304125851209328,0.5336905649956429,0.0100674480944521,24.34259923428544,S50MW_6H,3716,3715,50.0,300.0,False,0.0,2048,300.7910690290873,0.0,0.7910690290872822,True,True,0.0,TRANSIENT_ENERGY_TARGET_EVALUATED
G0015_T1_homogeneous_none__AIP_FLINAK_2017_V10,G0015,T1_homogeneous_none,AIP_FLINAK_2017_V10,homogeneous,none,1.1184836875112638,1.6304125851209328,0.5336905649956429,0.0100674480944521,24.34259923428544,S50MW_6H,3716,3715,50.0,300.0,False,0.0,4096,299.98210369764814,0.005965790002560034,-0.017896302351857685,False,True,0.0,TRANSIENT_ENERGY_TARGET_EVALUATED
G0175_T1_homogeneous_none__SOLAR_SALT_60_40_V10,G0175,T1_homogeneous_none,SOLAR_SALT_60_40_V10,homogeneous,none,0.8002293606683215,1.635382205834237,0.4332438823013369,0.008206709237963,22.43073142663036,S50MW_6H,8596,8595,50.0,300.0,False,0.0,2048,300.75467434005634,0.0,0.75467434005634,True,True,0.0,TRANSIENT_ENERGY_TARGET_EVALUATED
G0175_T1_homogeneous_none__SOLAR_SALT_60_40_V10,G0175,T1_homogeneous_none,SOLAR_SALT_60_40_V10,homogeneous,none,0.8002293606683215,1.635382205834237,0.4332438823013369,0.008206709237963,22.43073142663036,S50MW_6H,8596,8595,50.0,300.0,False,0.0,4096,299.99043161168487,0.003189564501693276,-0.00956838831513096,False,True,0.0,TRANSIENT_ENERGY_TARGET_EVALUATED
G0029_T1_homogeneous_none__AIP_FLINAK_2017_V10,G0029,T1_homogeneous_none,AIP_FLINAK_2017_V10,homogeneous,none,1.0334641386197911,2.063215610088049,0.5614535232347825,0.0093738680466981,15.675475110315324,S50MW_6H,3415,3414,50.0,300.0,False,0.0,2048,300.8475436341513,0.0,0.8475436341512932,True,True,0.0,TRANSIENT_ENERGY_TARGET_EVALUATED
G0029_T1_homogeneous_none__AIP_FLINAK_2017_V10,G0029,T1_homogeneous_none,AIP_FLINAK_2017_V10,homogeneous,none,1.0334641386197911,2.063215610088049,0.5614535232347825,0.0093738680466981,15.675475110315324,S50MW_6H,3415,3414,50.0,300.0,False,0.0,4096,299.9416793118537,0.01944400934210666,-0.05832068814629565,False,True,0.0,TRANSIENT_ENERGY_TARGET_EVALUATED
G0011_T1_homogeneous_none__SOLAR_SALT_60_40_V10,G0011,T1_homogeneous_none,SOLAR_SALT_60_40_V10,homogeneous,none,1.133739926560774,1.879325827107074,0.4394325139796532,0.010202879502093,14.296907030266434,S50MW_6H,3767,3766,50.0,300.0,False,0.0,2048,300.558087705368,0.0,0.5580877053679956,True,True,0.0,TRANSIENT_ENERGY_TARGET_EVALUATED
G0011_T1_homogeneous_none__SOLAR_SALT_60_40_V10,G0011,T1_homogeneous_none,SOLAR_SALT_60_40_V10,homogeneous,none,1.133739926560774,1.879325827107074,0.4394325139796532,0.010202879502093,14.296907030266434,S50MW_6H,3767,3766,50.0,300.0,False,0.0,4096,299.92894066790217,0.023692055838164805,-0.07105933209783188,False,True,0.0,TRANSIENT_ENERGY_TARGET_EVALUATED
G0213_T1_homogeneous_none__AIP_FLINAK_2017_V10,G0213,T1_homogeneous_none,AIP_FLINAK_2017_V10,homogeneous,none,0.8772478102597726,1.0287554650391977,0.4210428799804282,0.0092329946277081,15.606568993565078,S50MW_6H,9696,9695,50.0,300.0,False,0.0,2048,300.7621940653071,0.0,0.7621940653070851,True,True,0.0,TRANSIENT_ENERGY_TARGET_EVALUATED
G0213_T1_homogeneous_none__AIP_FLINAK_2017_V10,G0213,T1_homogeneous_none,AIP_FLINAK_2017_V10,homogeneous,none,0.8772478102597726,1.0287554650391977,0.4210428799804282,0.0092329946277081,15.606568993565078,S50MW_6H,9696,9695,50.0,300.0,False,0.0,4096,299.97161664920264,0.00946201214448994,-0.028383350797355433,False,True,0.0,TRANSIENT_ENERGY_TARGET_EVALUATED
G0212_T1_homogeneous_none__AIP_FLINAK_2017_V10,G0212,T1_homogeneous_none,AIP_FLINAK_2017_V10,homogeneous,none,0.8694286399439112,1.3284909313374968,0.5092500853490838,0.008323155457244,20.40295235977054,S50MW_6H,7521,7520,50.0,300.0,False,0.0,2048,300.9327826601232,0.0,0.9327826601232232,True,True,0.0,TRANSIENT_ENERGY_TARGET_EVALUATED
G0212_T1_homogeneous_none__AIP_FLINAK_2017_V10,G0212,T1_homogeneous_none,AIP_FLINAK_2017_V10,homogeneous,none,0.8694286399439112,1.3284909313374968,0.5092500853490838,0.008323155457244,20.40295235977054,S50MW_6H,7521,7520,50.0,300.0,False,0.0,4096,299.97575343466036,0.00808284171704976,-0.024246565339637982,False,True,0.0,TRANSIENT_ENERGY_TARGET_EVALUATED
G0161_T1_homogeneous_none__AIP_FLINAK_2017_V10,G0161,T1_homogeneous_none,AIP_FLINAK_2017_V10,homogeneous,none,1.1101459854195337,1.2887004219486196,0.4240624968168432,0.0095290833801239,17.910903378665996,S50MW_6H,4836,4835,50.0,300.0,False,0.0,2048,300.724321123943,0.0,0.7243211239430138,True,True,0.0,TRANSIENT_ENERGY_TARGET_EVALUATED
G0161_T1_homogeneous_none__AIP_FLINAK_2017_V10,G0161,T1_homogeneous_none,AIP_FLINAK_2017_V10,homogeneous,none,1.1101459854195337,1.2887004219486196,0.4240624968168432,0.0095290833801239,17.910903378665996,S50MW_6H,4836,4835,50.0,300.0,False,0.0,4096,299.9503307562373,0.01655915619012127,-0.04966924376270754,False,True,0.0,TRANSIENT_ENERGY_TARGET_EVALUATED
