base_design_id,sample_seed,sample_index,internal_diameter_m,bed_height_m,porosity,particle_diameter_m,nominal_thermal_input_kW,topology,gradient_ratio,gradient_orientation,layer_fraction,topology_id,design_id,module_linear_scale,fluid_model_id
UG0001,20261007,0,3.3515138271762384,6.264946568257431,0.5797257996158602,0.009942320285698004,144.82744791702822,homogeneous,1.0,none,0.5,T1_homogeneous_none,UG0001_T1_homogeneous_none__SOLAR_SALT_60_40_V10,4.0,SOLAR_SALT_60_40_V10
UG0001,20261007,0,3.3515138271762384,6.264946568257431,0.5797257996158602,0.009942320285698004,144.82744791702822,homogeneous,1.0,none,0.5,T1_homogeneous_none,UG0001_T1_homogeneous_none__NREL_MGCL2_KCL_NACL_BASELINE_V10,4.0,NREL_MGCL2_KCL_NACL_BASELINE_V10
UG0001,20261007,0,3.3515138271762384,6.264946568257431,0.5797257996158602,0.009942320285698004,144.82744791702822,homogeneous,1.0,none,0.5,T1_homogeneous_none,UG0001_T1_homogeneous_none__AIP_FLINAK_2017_V10,4.0,AIP_FLINAK_2017_V10
UG0001,20261007,0,3.3515138271762384,6.264946568257431,0.5797257996158602,0.009942320285698004,144.82744791702822,homogeneous,1.0,none,0.5,T1_homogeneous_none,UG0001_T1_homogeneous_none__AIP_LINAK_CARBONATE_2017_V10,4.0,AIP_LINAK_CARBONATE_2017_V10
UG0001,20261007,0,3.3515138271762384,6.264946568257431,0.5797257996158602,0.009942320285698004,144.82744791702822,homogeneous,1.0,none,0.5,T1_homogeneous_none,UG0001_T1_homogeneous_none__AIP_LIF_NAK_CARBONATE_RECIPROCAL_2017_V10,4.0,AIP_LIF_NAK_CARBONATE_RECIPROCAL_2017_V10
UG0001,20261007,0,3.3515138271762384,6.264946568257431,0.5797257996158602,0.009942320285698004,144.82744791702822,graded_two_layer,1.8,fine_hot,0.5,T2_graded_two_layer_fine_hot,UG0001_T2_graded_two_layer_fine_hot__SOLAR_SALT_60_40_V10,4.0,SOLAR_SALT_60_40_V10
UG0001,20261007,0,3.3515138271762384,6.264946568257431,0.5797257996158602,0.009942320285698004,144.82744791702822,graded_two_layer,1.8,fine_hot,0.5,T2_graded_two_layer_fine_hot,UG0001_T2_graded_two_layer_fine_hot__NREL_MGCL2_KCL_NACL_BASELINE_V10,4.0,NREL_MGCL2_KCL_NACL_BASELINE_V10
UG0001,20261007,0,3.3515138271762384,6.264946568257431,0.5797257996158602,0.009942320285698004,144.82744791702822,graded_two_layer,1.8,fine_hot,0.5,T2_graded_two_layer_fine_hot,UG0001_T2_graded_two_layer_fine_hot__AIP_FLINAK_2017_V10,4.0,AIP_FLINAK_2017_V10
UG0001,20261007,0,3.3515138271762384,6.264946568257431,0.5797257996158602,0.009942320285698004,144.82744791702822,graded_two_layer,1.8,fine_hot,0.5,T2_graded_two_layer_fine_hot,UG0001_T2_graded_two_layer_fine_hot__AIP_LINAK_CARBONATE_2017_V10,4.0,AIP_LINAK_CARBONATE_2017_V10
UG0001,20261007,0,3.3515138271762384,6.264946568257431,0.5797257996158602,0.009942320285698004,144.82744791702822,graded_two_layer,1.8,fine_hot,0.5,T2_graded_two_layer_fine_hot,UG0001_T2_graded_two_layer_fine_hot__AIP_LIF_NAK_CARBONATE_RECIPROCAL_2017_V10,4.0,AIP_LIF_NAK_CARBONATE_RECIPROCAL_2017_V10
UG0001,20261007,0,3.3515138271762384,6.264946568257431,0.5797257996158602,0.009942320285698004,144.82744791702822,graded_two_layer,1.8,coarse_hot,0.5,T3_graded_two_layer_coarse_hot,UG0001_T3_graded_two_layer_coarse_hot__SOLAR_SALT_60_40_V10,4.0,SOLAR_SALT_60_40_V10
UG0001,20261007,0,3.3515138271762384,6.264946568257431,0.5797257996158602,0.009942320285698004,144.82744791702822,graded_two_layer,1.8,coarse_hot,0.5,T3_graded_two_layer_coarse_hot,UG0001_T3_graded_two_layer_coarse_hot__NREL_MGCL2_KCL_NACL_BASELINE_V10,4.0,NREL_MGCL2_KCL_NACL_BASELINE_V10
UG0001,20261007,0,3.3515138271762384,6.264946568257431,0.5797257996158602,0.009942320285698004,144.82744791702822,graded_two_layer,1.8,coarse_hot,0.5,T3_graded_two_layer_coarse_hot,UG0001_T3_graded_two_layer_coarse_hot__AIP_FLINAK_2017_V10,4.0,AIP_FLINAK_2017_V10
UG0001,20261007,0,3.3515138271762384,6.264946568257431,0.5797257996158602,0.009942320285698004,144.82744791702822,graded_two_layer,1.8,coarse_hot,0.5,T3_graded_two_layer_coarse_hot,UG0001_T3_graded_two_layer_coarse_hot__AIP_LINAK_CARBONATE_2017_V10,4.0,AIP_LINAK_CARBONATE_2017_V10
UG0001,20261007,0,3.3515138271762384,6.264946568257431,0.5797257996158602,0.009942320285698004,144.82744791702822,graded_two_layer,1.8,coarse_hot,0.5,T3_graded_two_layer_coarse_hot,UG0001_T3_graded_two_layer_coarse_hot__AIP_LIF_NAK_CARBONATE_RECIPROCAL_2017_V10,4.0,AIP_LIF_NAK_CARBONATE_RECIPROCAL_2017_V10
UG0002,20261007,1,4.0544776125744,4.289179343389838,0.4666173623085811,0.017063729789134834,355.20248809783055,homogeneous,1.0,none,0.5,T1_homogeneous_none,UG0002_T1_homogeneous_none__SOLAR_SALT_60_40_V10,4.0,SOLAR_SALT_60_40_V10
UG0002,20261007,1,4.0544776125744,4.289179343389838,0.4666173623085811,0.017063729789134834,355.20248809783055,homogeneous,1.0,none,0.5,T1_homogeneous_none,UG0002_T1_homogeneous_none__NREL_MGCL2_KCL_NACL_BASELINE_V10,4.0,NREL_MGCL2_KCL_NACL_BASELINE_V10
UG0002,20261007,1,4.0544776125744,4.289179343389838,0.4666173623085811,0.017063729789134834,355.20248809783055,homogeneous,1.0,none,0.5,T1_homogeneous_none,UG0002_T1_homogeneous_none__AIP_FLINAK_2017_V10,4.0,AIP_FLINAK_2017_V10
UG0002,20261007,1,4.0544776125744,4.289179343389838,0.4666173623085811,0.017063729789134834,355.20248809783055,homogeneous,1.0,none,0.5,T1_homogeneous_none,UG0002_T1_homogeneous_none__AIP_LINAK_CARBONATE_2017_V10,4.0,AIP_LINAK_CARBONATE_2017_V10
UG0002,20261007,1,4.0544776125744,4.289179343389838,0.4666173623085811,0.017063729789134834,355.20248809783055,homogeneous,1.0,none,0.5,T1_homogeneous_none,UG0002_T1_homogeneous_none__AIP_LIF_NAK_CARBONATE_RECIPROCAL_2017_V10,4.0,AIP_LIF_NAK_CARBONATE_RECIPROCAL_2017_V10
UG0002,20261007,1,4.0544776125744,4.289179343389838,0.4666173623085811,0.017063729789134834,355.20248809783055,graded_two_layer,1.8,fine_hot,0.5,T2_graded_two_layer_fine_hot,UG0002_T2_graded_two_layer_fine_hot__SOLAR_SALT_60_40_V10,4.0,SOLAR_SALT_60_40_V10
UG0002,20261007,1,4.0544776125744,4.289179343389838,0.4666173623085811,0.017063729789134834,355.20248809783055,graded_two_layer,1.8,fine_hot,0.5,T2_graded_two_layer_fine_hot,UG0002_T2_graded_two_layer_fine_hot__NREL_MGCL2_KCL_NACL_BASELINE_V10,4.0,NREL_MGCL2_KCL_NACL_BASELINE_V10
UG0002,20261007,1,4.0544776125744,4.289179343389838,0.4666173623085811,0.017063729789134834,355.20248809783055,graded_two_layer,1.8,fine_hot,0.5,T2_graded_two_layer_fine_hot,UG0002_T2_graded_two_layer_fine_hot__AIP_FLINAK_2017_V10,4.0,AIP_FLINAK_2017_V10
UG0002,20261007,1,4.0544776125744,4.289179343389838,0.4666173623085811,0.017063729789134834,355.20248809783055,graded_two_layer,1.8,fine_hot,0.5,T2_graded_two_layer_fine_hot,UG0002_T2_graded_two_layer_fine_hot__AIP_LINAK_CARBONATE_2017_V10,4.0,AIP_LINAK_CARBONATE_2017_V10
UG0002,20261007,1,4.0544776125744,4.289179343389838,0.4666173623085811,0.017063729789134834,355.20248809783055,graded_two_layer,1.8,fine_hot,0.5,T2_graded_two_layer_fine_hot,UG0002_T2_graded_two_layer_fine_hot__AIP_LIF_NAK_CARBONATE_RECIPROCAL_2017_V10,4.0,AIP_LIF_NAK_CARBONATE_RECIPROCAL_2017_V10
UG0002,20261007,1,4.0544776125744,4.289179343389838,0.4666173623085811,0.017063729789134834,355.20248809783055,graded_two_layer,1.8,coarse_hot,0.5,T3_graded_two_layer_coarse_hot,UG0002_T3_graded_two_layer_coarse_hot__SOLAR_SALT_60_40_V10,4.0,SOLAR_SALT_60_40_V10
UG0002,20261007,1,4.0544776125744,4.289179343389838,0.4666173623085811,0.017063729789134834,355.20248809783055,graded_two_layer,1.8,coarse_hot,0.5,T3_graded_two_layer_coarse_hot,UG0002_T3_graded_two_layer_coarse_hot__NREL_MGCL2_KCL_NACL_BASELINE_V10,4.0,NREL_MGCL2_KCL_NACL_BASELINE_V10
UG0002,20261007,1,4.0544776125744,4.289179343389838,0.4666173623085811,0.017063729789134834,355.20248809783055,graded_two_layer,1.8,coarse_hot,0.5,T3_graded_two_layer_coarse_hot,UG0002_T3_graded_two_layer_coarse_hot__AIP_FLINAK_2017_V10,4.0,AIP_FLINAK_2017_V10
UG0002,20261007,1,4.0544776125744,4.289179343389838,0.4666173623085811,0.017063729789134834,355.20248809783055,graded_two_layer,1.8,coarse_hot,0.5,T3_graded_two_layer_coarse_hot,UG0002_T3_graded_two_layer_coarse_hot__AIP_LINAK_CARBONATE_2017_V10,4.0,AIP_LINAK_CARBONATE_2017_V10
UG0002,20261007,1,4.0544776125744,4.289179343389838,0.4666173623085811,0.017063729789134834,355.20248809783055,graded_two_layer,1.8,coarse_hot,0.5,T3_graded_two_layer_coarse_hot,UG0002_T3_graded_two_layer_coarse_hot__AIP_LIF_NAK_CARBONATE_RECIPROCAL_2017_V10,4.0,AIP_LIF_NAK_CARBONATE_RECIPROCAL_2017_V10
UG0003,20261007,2,2.7649550332437642,6.515496993028625,0.5333328493919267,0.01265473851602238,281.5064377844304,homogeneous,1.0,none,0.5,T1_homogeneous_none,UG0003_T1_homogeneous_none__SOLAR_SALT_60_40_V10,4.0,SOLAR_SALT_60_40_V10
UG0003,20261007,2,2.7649550332437642,6.515496993028625,0.5333328493919267,0.01265473851602238,281.5064377844304,homogeneous,1.0,none,0.5,T1_homogeneous_none,UG0003_T1_homogeneous_none__NREL_MGCL2_KCL_NACL_BASELINE_V10,4.0,NREL_MGCL2_KCL_NACL_BASELINE_V10
UG0003,20261007,2,2.7649550332437642,6.515496993028625,0.5333328493919267,0.01265473851602238,281.5064377844304,homogeneous,1.0,none,0.5,T1_homogeneous_none,UG0003_T1_homogeneous_none__AIP_FLINAK_2017_V10,4.0,AIP_FLINAK_2017_V10
UG0003,20261007,2,2.7649550332437642,6.515496993028625,0.5333328493919267,0.01265473851602238,281.5064377844304,homogeneous,1.0,none,0.5,T1_homogeneous_none,UG0003_T1_homogeneous_none__AIP_LINAK_CARBONATE_2017_V10,4.0,AIP_LINAK_CARBONATE_2017_V10
UG0003,20261007,2,2.7649550332437642,6.515496993028625,0.5333328493919267,0.01265473851602238,281.5064377844304,homogeneous,1.0,none,0.5,T1_homogeneous_none,UG0003_T1_homogeneous_none__AIP_LIF_NAK_CARBONATE_RECIPROCAL_2017_V10,4.0,AIP_LIF_NAK_CARBONATE_RECIPROCAL_2017_V10
UG0003,20261007,2,2.7649550332437642,6.515496993028625,0.5333328493919267,0.01265473851602238,281.5064377844304,graded_two_layer,1.8,fine_hot,0.5,T2_graded_two_layer_fine_hot,UG0003_T2_graded_two_layer_fine_hot__SOLAR_SALT_60_40_V10,4.0,SOLAR_SALT_60_40_V10
UG0003,20261007,2,2.7649550332437642,6.515496993028625,0.5333328493919267,0.01265473851602238,281.5064377844304,graded_two_layer,1.8,fine_hot,0.5,T2_graded_two_layer_fine_hot,UG0003_T2_graded_two_layer_fine_hot__NREL_MGCL2_KCL_NACL_BASELINE_V10,4.0,NREL_MGCL2_KCL_NACL_BASELINE_V10
UG0003,20261007,2,2.7649550332437642,6.515496993028625,0.5333328493919267,0.01265473851602238,281.5064377844304,graded_two_layer,1.8,fine_hot,0.5,T2_graded_two_layer_fine_hot,UG0003_T2_graded_two_layer_fine_hot__AIP_FLINAK_2017_V10,4.0,AIP_FLINAK_2017_V10
UG0003,20261007,2,2.7649550332437642,6.515496993028625,0.5333328493919267,0.01265473851602238,281.5064377844304,graded_two_layer,1.8,fine_hot,0.5,T2_graded_two_layer_fine_hot,UG0003_T2_graded_two_layer_fine_hot__AIP_LINAK_CARBONATE_2017_V10,4.0,AIP_LINAK_CARBONATE_2017_V10
UG0003,20261007,2,2.7649550332437642,6.515496993028625,0.5333328493919267,0.01265473851602238,281.5064377844304,graded_two_layer,1.8,fine_hot,0.5,T2_graded_two_layer_fine_hot,UG0003_T2_graded_two_layer_fine_hot__AIP_LIF_NAK_CARBONATE_RECIPROCAL_2017_V10,4.0,AIP_LIF_NAK_CARBONATE_RECIPROCAL_2017_V10
UG0003,20261007,2,2.7649550332437642,6.515496993028625,0.5333328493919267,0.01265473851602238,281.5064377844304,graded_two_layer,1.8,coarse_hot,0.5,T3_graded_two_layer_coarse_hot,UG0003_T3_graded_two_layer_coarse_hot__SOLAR_SALT_60_40_V10,4.0,SOLAR_SALT_60_40_V10
UG0003,20261007,2,2.7649550332437642,6.515496993028625,0.5333328493919267,0.01265473851602238,281.5064377844304,graded_two_layer,1.8,coarse_hot,0.5,T3_graded_two_layer_coarse_hot,UG0003_T3_graded_two_layer_coarse_hot__NREL_MGCL2_KCL_NACL_BASELINE_V10,4.0,NREL_MGCL2_KCL_NACL_BASELINE_V10
UG0003,20261007,2,2.7649550332437642,6.515496993028625,0.5333328493919267,0.01265473851602238,281.5064377844304,graded_two_layer,1.8,coarse_hot,0.5,T3_graded_two_layer_coarse_hot,UG0003_T3_graded_two_layer_coarse_hot__AIP_FLINAK_2017_V10,4.0,AIP_FLINAK_2017_V10
UG0003,20261007,2,2.7649550332437642,6.515496993028625,0.5333328493919267,0.01265473851602238,281.5064377844304,graded_two_layer,1.8,coarse_hot,0.5,T3_graded_two_layer_coarse_hot,UG0003_T3_graded_two_layer_coarse_hot__AIP_LINAK_CARBONATE_2017_V10,4.0,AIP_LINAK_CARBONATE_2017_V10
UG0003,20261007,2,2.7649550332437642,6.515496993028625,0.5333328493919267,0.01265473851602238,281.5064377844304,graded_two_layer,1.8,coarse_hot,0.5,T3_graded_two_layer_coarse_hot,UG0003_T3_graded_two_layer_coarse_hot__AIP_LIF_NAK_CARBONATE_RECIPROCAL_2017_V10,4.0,AIP_LIF_NAK_CARBONATE_RECIPROCAL_2017_V10
UG0004,20261007,3,4.314497203317948,7.804744777196519,0.4399942140457851,0.015103646390985537,377.33001539439135,homogeneous,1.0,none,0.5,T1_homogeneous_none,UG0004_T1_homogeneous_none__SOLAR_SALT_60_40_V10,4.0,SOLAR_SALT_60_40_V10
UG0004,20261007,3,4.314497203317948,7.804744777196519,0.4399942140457851,0.015103646390985537,377.33001539439135,homogeneous,1.0,none,0.5,T1_homogeneous_none,UG0004_T1_homogeneous_none__NREL_MGCL2_KCL_NACL_BASELINE_V10,4.0,NREL_MGCL2_KCL_NACL_BASELINE_V10
UG0004,20261007,3,4.314497203317948,7.804744777196519,0.4399942140457851,0.015103646390985537,377.33001539439135,homogeneous,1.0,none,0.5,T1_homogeneous_none,UG0004_T1_homogeneous_none__AIP_FLINAK_2017_V10,4.0,AIP_FLINAK_2017_V10
UG0004,20261007,3,4.314497203317948,7.804744777196519,0.4399942140457851,0.015103646390985537,377.33001539439135,homogeneous,1.0,none,0.5,T1_homogeneous_none,UG0004_T1_homogeneous_none__AIP_LINAK_CARBONATE_2017_V10,4.0,AIP_LINAK_CARBONATE_2017_V10
UG0004,20261007,3,4.314497203317948,7.804744777196519,0.4399942140457851,0.015103646390985537,377.33001539439135,homogeneous,1.0,none,0.5,T1_homogeneous_none,UG0004_T1_homogeneous_none__AIP_LIF_NAK_CARBONATE_RECIPROCAL_2017_V10,4.0,AIP_LIF_NAK_CARBONATE_RECIPROCAL_2017_V10
UG0004,20261007,3,4.314497203317948,7.804744777196519,0.4399942140457851,0.015103646390985537,377.33001539439135,graded_two_layer,1.8,fine_hot,0.5,T2_graded_two_layer_fine_hot,UG0004_T2_graded_two_layer_fine_hot__SOLAR_SALT_60_40_V10,4.0,SOLAR_SALT_60_40_V10
UG0004,20261007,3,4.314497203317948,7.804744777196519,0.4399942140457851,0.015103646390985537,377.33001539439135,graded_two_layer,1.8,fine_hot,0.5,T2_graded_two_layer_fine_hot,UG0004_T2_graded_two_layer_fine_hot__NREL_MGCL2_KCL_NACL_BASELINE_V10,4.0,NREL_MGCL2_KCL_NACL_BASELINE_V10
UG0004,20261007,3,4.314497203317948,7.804744777196519,0.4399942140457851,0.015103646390985537,377.33001539439135,graded_two_layer,1.8,fine_hot,0.5,T2_graded_two_layer_fine_hot,UG0004_T2_graded_two_layer_fine_hot__AIP_FLINAK_2017_V10,4.0,AIP_FLINAK_2017_V10
UG0004,20261007,3,4.314497203317948,7.804744777196519,0.4399942140457851,0.015103646390985537,377.33001539439135,graded_two_layer,1.8,fine_hot,0.5,T2_graded_two_layer_fine_hot,UG0004_T2_graded_two_layer_fine_hot__AIP_LINAK_CARBONATE_2017_V10,4.0,AIP_LINAK_CARBONATE_2017_V10
UG0004,20261007,3,4.314497203317948,7.804744777196519,0.4399942140457851,0.015103646390985537,377.33001539439135,graded_two_layer,1.8,fine_hot,0.5,T2_graded_two_layer_fine_hot,UG0004_T2_graded_two_layer_fine_hot__AIP_LIF_NAK_CARBONATE_RECIPROCAL_2017_V10,4.0,AIP_LIF_NAK_CARBONATE_RECIPROCAL_2017_V10
UG0004,20261007,3,4.314497203317948,7.804744777196519,0.4399942140457851,0.015103646390985537,377.33001539439135,graded_two_layer,1.8,coarse_hot,0.5,T3_graded_two_layer_coarse_hot,UG0004_T3_graded_two_layer_coarse_hot__SOLAR_SALT_60_40_V10,4.0,SOLAR_SALT_60_40_V10
UG0004,20261007,3,4.314497203317948,7.804744777196519,0.4399942140457851,0.015103646390985537,377.33001539439135,graded_two_layer,1.8,coarse_hot,0.5,T3_graded_two_layer_coarse_hot,UG0004_T3_graded_two_layer_coarse_hot__NREL_MGCL2_KCL_NACL_BASELINE_V10,4.0,NREL_MGCL2_KCL_NACL_BASELINE_V10
UG0004,20261007,3,4.314497203317948,7.804744777196519,0.4399942140457851,0.015103646390985537,377.33001539439135,graded_two_layer,1.8,coarse_hot,0.5,T3_graded_two_layer_coarse_hot,UG0004_T3_graded_two_layer_coarse_hot__AIP_FLINAK_2017_V10,4.0,AIP_FLINAK_2017_V10
UG0004,20261007,3,4.314497203317948,7.804744777196519,0.4399942140457851,0.015103646390985537,377.33001539439135,graded_two_layer,1.8,coarse_hot,0.5,T3_graded_two_layer_coarse_hot,UG0004_T3_graded_two_layer_coarse_hot__AIP_LINAK_CARBONATE_2017_V10,4.0,AIP_LINAK_CARBONATE_2017_V10
UG0004,20261007,3,4.314497203317948,7.804744777196519,0.4399942140457851,0.015103646390985537,377.33001539439135,graded_two_layer,1.8,coarse_hot,0.5,T3_graded_two_layer_coarse_hot,UG0004_T3_graded_two_layer_coarse_hot__AIP_LIF_NAK_CARBONATE_RECIPROCAL_2017_V10,4.0,AIP_LIF_NAK_CARBONATE_RECIPROCAL_2017_V10
